cscal,relfit,kA0,t,p,g,infclr,infnon,infsub,nonrec,nonsub,subnon,subclin,clinsub,muDn,muDc,eta,comp_rt,succ_strs,relnon_s,relsub_s,relnon_r,relsub_r,acqres,prog_ageA0,dx_ageA0,unnoT,noTart,noTart2010,muHnt,prog_hiv,mort_hiv,mortOT_hiv,dx_hiv,prog_hivstrHIVart,mort_hivstrHIVart,TB_mort_0_992000.5,TB_mort_0_992022.5,TB_morthiv_0_992000.5,TB_morthiv_0_992022.5,TB_not_0_992000.5,TB_not_0_142022.5,TB_nothiv_0_992022.5,TB_not_15_992022.5,TB_prev_15_992019.5,Ds_pct2019.5,HIV_prev_0_142000.5,HIV_prev_0_142022.5,HIV_prev_15_992000.5,HIV_prev_15_992022.5,HIV_artcov_0_142010.5,HIV_artcov_0_142022.5,HIV_artcov_15_992010.5,HIV_artcov_15_992022.5,HIV_mort_0_992000.5,HIV_mort_0_992022.5,TB_inc_0_992000.5,TB_inc_0_992022.5,TB_inc_0_142022.5,TB_inc_15_992022.5,TB_inchiv_0_992000.5,TB_inchiv_0_992022.5,TB_not_0_992022.5,MDR_0_992022.5
3.05,0.9,1,0.81,0.21,4.27,1.83,0.1,0.04,0.18,0.24,1.8,0.8,0.67,0.01,0.33,0.9,2,0.35,0.005,0.005,0.06,0.06,0.012,0.8,0.79,1.05,0.3,0.4,0.036,8,3.5,1.15,2.7,0.22,0.3,410.930741,140.499088,310.199005,76.345822,290.137277,115.190437,187.628072,488.069737,871.379305,61.54604,1.171652,1.580157,9.898627,13.817901,21.64171,59.882463,29.771729,74.043849,243.639978,125.974785,774.581937,396.956118,109.746444,512.332131,462.190282,182.172467,381.207203,3.604417
