iso,uid,c_a_vax,c_a_HHCM,c_a_TPT_DS,c_a_TPT_DR,c_a_screen_CXR_hi,c_a_screen_CXR_lo,c_a_screen_Xpert,c_a_diag_standard,c_a_diag_improved,c_a_DST,c_a_treat_DS_standard,c_a_treat_DS_improved,c_a_treat_DR_standard,c_a_treat_DR_improved,c_a_prison,c_a_nutrition_index,c_a_nutrition_contact
BRA,003cda73940ffb5800a008e3fb34e81f,16.4491534763424,23.8335355477314,20.2872417743417,43.158707168716,16.5154854456377,4.39064432819586,23.5350277434569,15.9584853640359,33.5587445475437,18.3192349889358,172.084837201046,169.452884176704,3642.12287933254,489.749035916963,17.8831450200422,,
BRA,005403811b02368654dc462d34c810cc,13.3265690375963,31.88645209375,25.1883153342117,62.2679769402921,50.4572750271438,3.83279462555663,15.0172257168476,14.3071541974716,21.911246490742,20.350890375635,118.767171989463,229.297744309917,2861.81664014292,294.791310279556,20.4558112729341,,
BRA,005ce2ac494f1157b148dcb0b39c1558,9.6876490761265,22.548732368144,17.6876454691012,27.7846721992018,34.689498425487,3.66823392990367,17.2345530389608,19.4314630910088,25.6118578959894,27.7176375414693,98.9604256520117,243.914705655354,3691.32350077947,489.48308344312,14.778612532933,,
BRA,00bdb965b32deeaf5142af061c259f7d,11.616241025297,27.6878177948364,27.5039319417426,71.4955850571189,49.4628578028039,5.22422334402224,28.4803727430944,12.7691542208731,29.153752543414,17.2734368947786,97.0424878579465,161.535177309136,4434.27353158668,315.75048631793,20.5420262364209,,
BRA,010b1da3150c25d41b0e851f52218b51,10.1646043913144,24.9093200069553,25.9642284814792,51.7660694922236,50.9082237365423,6.91666250344615,23.6336746981022,15.2331042269021,25.0309852649879,15.3953715335284,130.061659662978,149.638606673391,3133.67877694261,328.615685209427,35.0809895931084,,
BRA,01ead01f78ef93302cefb857585b7490,10.8387584312724,19.11900977808,24.6225001557472,36.6385927229494,33.6096365230153,5.34058359866759,27.4822638703118,14.555371871969,29.1465064506573,25.5030632060768,74.6314748499487,167.900942609879,2092.31476512068,246.267509066478,26.6139819548448,,
BRA,01f6eec501d93756cfb54b31c91112be,8.62676167586559,27.7738707791641,19.9000665587644,36.6474893215254,32.8697390976625,7.16912040376359,21.5105690375573,14.8813171827621,22.6748486075213,15.8806841099694,133.341017970251,160.460488382861,4277.54770408867,208.232736381013,24.4274368530708,,
BRA,021e7b86aa989261f056f0c8aa0f437a,11.9007477521917,37.2253357955716,21.6168367451851,29.8142955686583,50.5912724493982,5.71603054884739,20.0224963148349,15.0948831649969,31.3011357862826,23.5346842439788,125.555644228235,145.069119194945,3885.63543644812,513.093183016534,18.7768578484164,,
BRA,025442b47dfc467a118db90821dd70f0,10.8172033238364,33.8499929126731,17.3928963189775,45.1859683933631,22.830547758927,3.59440805361032,21.5245893641336,28.3400897334849,25.3052331585031,14.4602712646,181.775522700912,247.5958492156,3839.25178998501,299.718291258781,18.4975380922363,,
BRA,033ae3b0633b905c2275952dc04b67a6,10.2580344973141,17.3646825865938,26.3207006183992,38.514009802139,32.4965189841489,5.94954353403584,23.2779196899704,21.6828826592439,20.5355727141586,25.4949248779279,83.2002182071281,103.840543979635,3683.46170647073,695.800615117376,18.0259326399916,,
BRA,036d1af251508db5a1a701a2aafdc531,11.8082749405712,23.8394381917649,14.8345484493163,28.9890332332647,48.8863228086433,4.12098652425472,18.7174685354737,15.0151159147074,24.8329339374409,22.6328922097743,116.500970556537,173.411017363306,3453.58818705803,377.823997375899,16.9358890310823,,
BRA,03a28f6c6bc24cc3aa8bbf1870805b1b,7.56192525953034,17.3467209777476,31.7681947310481,35.0095253814141,27.8284485767494,6.84824804202011,20.9365741639456,12.2715766202033,17.9241887103063,19.8693242350531,104.856698552614,175.195234078869,4040.57527998576,485.289246807937,21.0351622716076,,
BRA,0498ef9ad0a2d5b22f2c0e0a6a254b56,8.78364529141973,25.9780603979006,24.4906346693209,47.5676078223706,36.5766066148182,7.48113027140386,15.9242345002109,10.4525098147484,31.5072709942776,19.7405239099441,148.001355470032,173.341292375523,3936.01006019215,384.260959945285,21.4725838781655,,
BRA,056b99e187180ddbc4d1adb5217060ad,11.0239095820927,19.4291013614176,31.1985590549145,27.1419284636223,65.8290958794535,5.71190500518156,13.7470118829629,19.3571487526192,16.7649674449822,21.2655580725284,89.4366500273553,241.401739642196,3716.63275116417,335.649129775629,22.1737192149398,,
BRA,05af6b93d57ce15aa231558ea8400289,12.286445688756,36.1333599926389,25.9197027742063,33.4116889558458,39.893364586249,5.68614177118006,18.3532657082702,16.2527622409577,26.7453947718809,14.8381490599227,174.563218968509,179.131410784101,4769.47185112263,463.47689893641,15.6005804448808,,
BRA,06a50e5ca75e3295f263f56100349b24,10.9068343321732,18.6407606590539,10.1769909959067,40.4226561824206,31.2476869599003,3.71622337218661,12.727997785813,13.5199949754922,34.0724155277112,23.5096400725949,174.299451529117,184.292058282769,3677.99960755563,299.295020618142,19.2679908597046,,
BRA,06d69f30f14154e30707d07047323953,12.8037427341505,15.8841904842405,22.7953676886849,30.7035383887649,48.7389015820845,5.57430772746788,20.42235000829,17.6651259949283,31.1840543412628,17.375361890288,121.83795413821,213.905776742008,2003.83631987394,484.332648932778,15.3627519936842,,
BRA,071d58773d8ad927847686786073a14a,9.88607984171313,23.4807240380964,22.6291961765058,34.552252939035,45.8859126466961,3.31462641520019,18.0271966422584,17.8763596317104,24.1172920380563,21.8853606696177,129.787660397405,204.023269489308,3076.19612874053,266.764244687426,17.2134287743753,,
BRA,0731a8aeaf1a4bb503fee5e068a15887,10.0203749537488,18.582482872123,20.798556309505,30.8468828159534,37.7413392133338,3.45650080551407,24.918074000319,10.6607498080966,25.1107344578814,17.7580481281946,130.958867753227,186.676703761383,2795.09589863736,506.264422366092,32.4257284981545,,
BRA,07601f905a905759446f9c6571f637ea,9.90647946606704,21.6298263368492,24.2905401122828,46.9706141437539,38.2005084337801,5.8992472553134,17.8211665234532,18.9002265305504,25.3274143516097,20.1293789627273,117.170800487637,235.184938235108,6249.08244110134,566.8255651426,32.4042407249621,,
BRA,07a01563698d730d9cb4849ffa90835f,10.0012445354432,19.4555374527727,25.862879141298,49.4640007852865,36.4125596193074,7.92715631130493,17.4766770953459,21.868185855305,25.8457527965535,22.6092368778064,143.45302748284,232.147091507096,4300.90486308142,452.266877616671,13.9225512233597,,
BRA,07d097da46751a661dded88b34bbcbb3,12.6757332685876,36.9004129033534,22.0153484985129,44.9931749749079,46.0797097730829,4.52964216092864,28.1250057995469,19.4651866017258,21.7381475513094,16.3302261121327,72.0698668706076,187.344518688076,2500.18352275527,336.29461428976,27.8666712915692,,
BRA,07e0121b973588e6959238cfb01ab4c7,11.1774379487789,21.7329057906785,23.2554929121007,44.2425478846408,45.3133373478672,5.93818293267579,15.5361116125891,21.2416395579419,38.7865057622986,14.3906361354187,98.1977156859167,210.226749624403,3387.5311412394,453.869221466852,18.3732776428117,,
BRA,086e862dfb9558051bde873cb4b1f09b,11.6048823837504,18.372620939837,14.0652202260633,44.9923166095718,21.1317574053693,3.69055498399823,18.4925907872046,12.0216951340638,30.6126421013233,24.1487268371783,159.542860978527,157.925025151446,2280.70715319098,406.472798145701,21.4670735554215,,
BRA,08c44dc1ad3b30d5d12575bc25b95a1e,10.3293701815184,21.5150082402655,25.1589473138829,32.0043474247341,47.2631538875834,7.62632990591787,20.9593230839664,17.9083161585763,23.854584127071,15.0113883477693,97.3732282655359,169.637146114795,3931.37040629987,346.588726767141,18.6251730707934,,
BRA,0a62a361c007075e41a5d3bb55895e12,7.93972876162196,17.2137837461956,28.3577840094262,26.7487610187683,44.6365137269209,4.02562695135563,20.6639139013213,13.887571631154,31.6574767722142,18.1554523929218,78.7023750064777,159.739489793456,3897.69966360305,357.41770073207,29.5651827652027,,
BRA,0a81b0edb4aceb4e4a0c399ae4c7f81e,15.4901699199572,34.9337342516797,19.2933009794087,44.0577675219606,62.4847380040583,5.86629228743174,19.3459489619219,12.6606498666629,27.202794849106,24.2377316923248,90.0043828751212,188.189148254548,3421.74741249272,256.14938571329,22.8898535696088,,
BRA,0aaaf66dfc17ab8f82e4b496ad608666,6.88980648313625,14.0060909006899,25.1381676195942,61.5378714225482,36.5498619430669,4.18157911356465,16.1783981564611,14.5568849965799,20.7380907784533,16.8220928908124,111.455947891984,197.245213755669,2941.75337453283,464.108998312422,19.8106303182436,,
BRA,0c78fff1598d878426a8306289c5b0c2,11.553319040876,21.6981508836512,15.6045389133119,56.7376529236818,45.6900373411867,8.27248091177343,23.3292796959057,12.5150762861494,35.7473449179611,28.4116741248815,111.586925438957,243.676197290672,4660.18274329356,203.505058415778,19.2560946904136,,
BRA,0d7469c0e3f9a5cd28d061baa1a4d746,12.4577615682265,18.9743454724015,17.7905614191765,41.7402716907921,33.722565064038,4.22458852692705,18.5982769332206,17.2849188599032,24.5432356301415,10.76903469796,160.583230912464,176.694111455624,5183.54539931391,446.870313874612,18.4717946281834,,
BRA,0e5762f48cb4ecc843d4663150d5398c,8.46059452323211,24.6493850229844,17.7260666841016,39.7316265607627,26.16152928081,6.55462425209273,19.917480909639,16.0378712020935,29.3327001387259,16.3608275988845,107.81487468019,202.738408813408,3781.19031112122,470.758535882479,21.8172233363816,,
BRA,0f095a6868fea263d3abc307439a5eae,7.15516840169179,27.4299712846774,20.2693300658977,36.7098722030664,40.5358181833316,5.8426393401373,23.9626739941851,18.5907523030626,19.303188013215,13.2604276910787,124.616859721144,154.065865357255,3194.07073325869,308.738685833757,13.451777711703,,
BRA,0f8c93e2156a7babf4da3310f016d204,8.68807203815988,20.2473086530975,23.192501802502,36.3487318075851,39.4674255753035,4.87447968836931,15.1770975057902,10.8484398833959,19.6729286926855,17.3849285625447,78.0042502427637,183.838730203643,2570.62591688198,624.65733007746,21.2403066239632,,
BRA,0f9c103008f03014cb60185322fd6cce,6.56682001147955,24.1653814540407,42.9152773648047,29.1853840059782,67.0798051102257,6.20673817280614,17.2299041091335,15.1241562285633,22.7916378362046,33.9710125890814,116.260623992067,233.145868705441,1895.99192210921,451.129636994402,20.6753957116795,,
BRA,1017e394cf42b2fea8aa43d172a34b54,13.8695529422351,22.9376112399637,32.1944835933196,49.957639051678,61.8119528441545,6.70669558118857,19.6146328443141,15.8271829805008,21.6291525658071,26.9972973935097,120.513200580694,166.856201981926,3328.02255360624,472.950032734554,22.2062487554448,,
BRA,117d173943980f6c8da2da13071d32c3,12.810841183917,18.8424503602965,35.0696641393301,25.9880315537935,22.9843093690012,6.86518277519343,25.6771551895979,17.7972930346505,14.0821614960603,16.9563458229004,196.860552889694,236.665511125734,3219.69081105694,272.601130831017,19.428095108183,,
BRA,11c08f2abacb33b7bd7cedbb15b6d45b,12.0472920083445,23.5724479776827,32.9681443980736,40.2300916918402,38.995655934773,4.54557428064325,18.3694232798017,16.8994964050983,29.8217911743722,18.7701922089097,97.9948718143832,258.112086838846,3655.66778874841,353.47727711146,16.046996525148,,
BRA,131939960fef50eceed6066f6533c205,10.1624124176198,28.4655674023235,24.0948770012976,50.089052255935,27.2924687224326,5.11968626709515,22.6962234686238,20.4633410458174,21.4139659672975,21.8913020719756,91.2354374033089,185.841874969323,4241.78005585876,450.30044790914,19.7293103550004,,
BRA,1406ffbafd0d3896e1c76e200ab5f193,19.8717936513592,19.8947782417558,22.5889683422671,30.5459118104836,42.7055794402881,4.39281924976234,23.4435477876464,25.1626543342035,16.1831683012073,16.4725398860226,118.688381450661,126.877587305721,3432.23609057033,287.511931026962,29.9686974475469,,
BRA,1408b6a5b3713721146f77a2fe15a231,7.92009715504451,24.8002946991918,11.5882783526974,23.7697011524768,52.950878706174,6.32127903595165,17.6589954290602,13.7364169831968,27.1859135395991,20.7469544460358,83.2964789806368,229.384604253819,2219.99041762483,511.364519058547,33.872106429071,,
BRA,142954517f24a5238f5e1d8db0fe7802,13.4026694268867,14.7367065656959,30.1483444503819,32.1799199665408,44.0656590331235,5.91064982589887,11.1343020356159,13.0095122283568,19.5193377992351,11.9672856709628,123.358014847431,171.545779913034,3269.20488889405,405.411821739279,28.6611053634303,,
BRA,1432a8815ac8ecc6ea38dacff9754637,9.63037126945942,19.8478112229373,25.4427731241849,48.008432177263,42.8366192359541,5.48406140932187,14.2561219506246,12.4589627347374,21.6199849476454,22.089733721959,137.68368989895,168.407507085304,3420.28924722471,375.776708434521,20.5475478096432,,
BRA,146e56d360f6bf5cefc78c22e6c6cd09,12.0426534186429,21.0818232218315,16.5430045902299,36.7092971824878,28.5042623066703,4.94796933540834,20.9602723038976,20.8357944844019,25.1333518362921,10.2336221873639,126.119635803041,196.912096120073,3603.20369747264,242.606870070526,23.8079348702168,,
BRA,1502917ccd6e22ceb1cda062b9f7098b,8.39192477306414,22.2291115094975,18.6391796875012,46.820507772453,37.4788443237808,6.92762479908542,16.1236375578718,15.0869672924046,23.4371781266496,28.3737232510137,98.9742904686349,210.400456165358,4104.12886193962,472.016656004892,30.2226077412477,,
BRA,15546183709d9dbcb268a1fbaa02a067,9.97292615107806,15.2024661165354,28.0745545234871,32.4472564092574,60.8478908114716,4.96240011792379,19.6432250812655,15.6614203077537,25.047407632571,14.8771817423743,123.183915745171,159.731526702524,4231.62397381085,476.438629020797,19.7429496787327,,
BRA,15744cb74f0f3563ebc0c98f29ba0da9,9.59291017223021,32.1937769237212,13.9382583615091,44.8074357110101,39.5418171650875,6.76714036662935,13.1681990094018,16.2658229645224,21.0442128300834,23.7448860268728,118.244870934098,182.031999509246,2462.13463874008,461.928291989347,17.8039081325982,,
BRA,159ce05c67178d6623d5267dbf379138,12.2436565547395,17.0992854053354,26.2870325964681,41.8008301079275,35.0199738073131,3.78036270081885,24.8357488416603,21.8532586969395,20.045752536464,25.5816582166957,82.7237633214741,192.333293308145,3124.82384322039,276.073313607972,36.0741208917323,,
BRA,16878accd1d0341086894d0472d3f4de,7.4029873456391,25.5128355979445,20.2124080303128,29.2569078737102,30.4883974407363,4.58955581443351,19.2191224526607,19.5910135181022,24.9790008553858,12.8702909686513,131.324211272393,133.563629325229,2487.13031375187,433.398816362913,17.8279734382198,,
BRA,169204e5b394c33e43bc9f023ea57bf5,11.7064510389322,24.4858883376572,28.9115728694052,57.1576734980537,29.9953127855061,3.97979761672802,22.6707748657611,20.2493549797796,18.3458864678657,15.0313088047383,132.556876147815,204.556725632772,4437.3247185212,300.702759246461,25.3480316688395,,
BRA,16d47f5310fbbd7a72a58cb4659c76c7,17.281624548172,25.1870018085193,18.7278413972818,51.0526498188298,46.9178903533274,4.64820110947065,21.3068959297207,25.9912992631952,18.2517093167431,19.1629728620745,116.066789549778,203.494417620968,4767.90190025997,296.366064614902,32.6372674181427,,
BRA,172934a912f5ade4a011ce03d03a6428,12.5145296682492,36.2222007448557,18.1728092388291,33.5588189501147,57.1853295824287,3.97873565905844,18.6938019276023,17.4356733401663,13.8433723573141,12.0397481412879,111.154567815452,151.842632313542,2343.38859905431,444.751834436058,15.283081267852,,
BRA,194baec6059ad6a55b3dc6f287c083b1,11.4019542340972,23.413239771826,26.0560593890771,39.7689381712603,34.4617218174258,2.55208194455304,13.8214771283001,16.4098690439051,35.0386812023601,12.273526170017,102.423674818345,205.481587523725,4368.22703517776,404.545953482788,21.3000002802765,,
BRA,1a9195d3d0719be57b5957cbf1ad41cc,10.8624383262714,24.6391701565469,31.9687612267311,40.2328521035933,21.1458646420904,3.45115466606873,25.7375018161324,12.8263823612667,53.4053729970821,16.4424934459218,142.622153798609,272.077043306641,3286.13211396806,380.190995264597,25.2136306223125,,
BRA,1ae11ccbca97136e3db284882b83bc7c,11.9402508104966,25.3462783243293,21.5584436228005,45.0401693546847,29.9813979660904,6.85538663297126,23.699291454667,11.035850676686,22.6153831663182,10.2845530640423,130.004317692155,222.520302963052,3874.72346124946,298.549192107196,20.1291132786914,,
BRA,1bbe570668f818d30babeb0dc124ca18,10.3116160104141,17.3839837505073,16.6535055393827,51.0419894348428,44.0194792779734,5.70997927968911,31.2183584079522,11.6643092842004,16.8703766181317,18.8458315139955,90.1347138071944,96.1280407844129,6118.2988303264,280.965941215379,18.6087252420328,,
BRA,1bfff9db00c61f02963eb0e711599fc4,9.87000197287022,18.3113504728213,18.5951767037694,31.5379164385572,21.6620419028883,6.67970651229327,26.6859099945632,19.4314930886689,24.5226468397225,16.3162319108239,116.816084369644,173.44707453346,5323.0209327257,307.957104224801,25.256334303178,,
BRA,1c38d1f35fd51aff5d47b9a4379f7af6,8.02555126304453,24.6295350269742,28.5645701973649,55.2930338968902,32.8343896441749,4.98707591808542,21.071569903417,17.1283382502479,36.0560912857447,16.1412989657339,138.414583034847,197.508989858649,2954.30513515245,352.57889002629,19.3363081118213,,
BRA,1dd098d516ac894c67b498e33a79e9a8,10.0230339602242,17.7752147181915,21.5098726518395,34.6916468971444,35.4395194352149,4.10830242016209,11.3354449192769,17.3684613411756,29.1210457824873,19.4281276211515,99.6619196358233,208.221860457404,3783.93722976119,424.502596737336,28.5388707097705,,
BRA,1ed96d9c7d091f8ff292117d292d2640,8.00365769260671,10.6293851038521,27.9048708057119,57.0890701079579,40.3444494602133,4.23570760203921,16.9514975746071,22.3231838272586,32.2210334087776,13.0495317654754,116.348398538283,161.496128195767,3342.32286119497,432.784350620633,14.7228462155809,,
BRA,1f2519bb7942bc296085fd82445d99e4,8.6451692015423,29.7216603113344,31.6112583742864,51.4395824450487,41.7258432547675,4.35037041210814,14.7749348478286,9.4414645293829,21.5268693281879,21.793419534472,98.6268784282678,163.504102569903,2591.69282711194,567.431194512824,24.3850080570812,,
BRA,1f512c81a31cd78be7bd735f569c75cd,13.0562600780451,21.0169155467264,20.5025391859964,37.4173456223451,29.0759758788093,5.65878354675536,15.5801958630111,20.4142810763434,23.5637297459679,15.3300463821769,170.27841949297,157.633170862122,2830.95855324282,455.510416516152,18.8897822241662,,
BRA,1f643b5fb98c52e06dc0389faf9dbea3,10.970877128183,30.7659595796648,16.2527615083588,38.8890690977713,33.4661544491403,5.90754670937567,37.9345116343896,22.6601309928093,23.972234311645,12.2432530704323,125.455963597161,166.738557294895,1842.0052754106,404.988294462723,21.2332790841849,,
BRA,2028edc36ec8ae2d8d894cad66d4e5b1,11.1388106088579,21.5089483828836,29.0548730807255,30.2434492751614,75.0767549210466,4.25369607038436,19.8398750695225,14.1791783313714,27.0663547274285,19.1529227242075,141.266011226757,164.646899291388,5003.63899495699,456.854312352205,16.279616161682,,
BRA,204936886330d14a98088817f1f4cb83,8.90453896248446,25.053538666031,31.8098805449574,31.1510797131581,56.1601304701169,6.16727882662088,23.9266049606364,10.751047546856,19.8106328084188,14.5079355232602,169.966063992663,218.291496647828,3809.34388428109,282.985693252784,23.7484268265079,,
BRA,2108e575b53bc34289bd1fd93b5c26eb,6.58186271206864,22.1679665666889,21.501864732936,32.9427383611957,45.4707662642023,2.82621870583384,13.0015903327191,13.8634545811028,29.21686094734,20.3361506968111,101.079460862658,223.086462393413,3415.68957196282,347.23710164879,16.0461675782499,,
BRA,21bef2465ceeb25d720989fce6498713,8.15291966683297,25.5931994108673,25.7324937679486,48.4463672453536,36.9404063148476,4.82688283644455,19.1387188112106,23.594940828617,21.6163989118626,13.9722700858855,93.5188221990671,179.234330260474,2101.66860044086,293.68653083128,21.9588329668084,,
BRA,22d1ef5a86261b954e53900e746fd171,15.8761881156932,27.8227268445626,23.7069018231273,37.359793038064,28.2474627586986,10.0557554643653,23.8990130946678,12.1003641757415,31.6880614402926,22.2915148687318,149.930686616163,223.745242832526,3526.95262071397,501.867954382198,30.1143729211888,,
BRA,235355efd7f1f7a08eb83a2418fc49a5,16.0645671870598,42.8813466748667,26.5785487324347,30.3714159091301,45.7572383451369,3.72389793994779,14.8200528705169,26.1631484679748,32.9285343092595,24.0458271176965,99.673751575623,188.22846194679,3092.80015843301,278.462357968905,11.5610471219846,,
BRA,23860c2c5c13880c7a2bd7f08a1858d7,13.0671434368971,22.79173545215,12.4340403522639,29.3601183957973,27.1737934692108,6.82506511215357,15.0923872043658,12.9844187346321,27.87329863452,19.4491196478053,77.2032861950658,206.345187826354,3182.51550701165,629.45642384071,28.1059361707714,,
BRA,23d21521450c0997912336d51c4040dd,10.2857874894789,21.1765993523116,24.4656273949075,39.5265826721308,34.4346302550901,5.87803389076112,18.8397875177977,24.4912625934801,27.3792327964473,16.9253837271318,124.988425989304,224.408071418162,3210.35735207221,336.355144937036,20.0198464045806,,
BRA,24839ec5a15cd3a24f9053590126d1d1,14.1039319674187,15.813556319095,26.2750008126322,44.0068922944895,53.9259420450979,5.45475097804666,19.0335739487482,24.1833210854162,31.343621231249,16.7466687487086,143.137200399878,273.930626481482,3746.00812815801,377.442665130005,18.4678167982471,,
BRA,24dfda136d1d8e730ebe589cef810476,8.39527458811113,17.4671482026039,28.8840510825173,46.0747560868836,41.0763035741689,8.53398903768065,24.5916648310515,12.9569091081176,20.0091448611076,16.4921860351699,131.903461311275,212.458916120349,3029.82215501033,432.778346793373,17.7072087902104,,
BRA,2522f59793c2f8cb73852bce1601403c,8.55882293484104,37.9716518329562,19.2157599909556,39.532106646496,37.1006289706709,7.30460550466701,26.9884467681544,19.4748542607753,26.4663062966035,16.0462947129321,120.475846103729,170.846911791797,4225.36650054138,397.398732759406,36.882682908185,,
BRA,263f988497023a2be119705e9c2eaf68,11.1133181123108,20.2000142233591,26.5612641477185,30.0281122251129,33.983284145136,5.440733763635,11.2970479800591,23.4580848542943,26.3321961095237,24.2100135504109,98.1327561842943,267.053854484357,3866.96026548678,402.20000286423,18.5741305340835,,
BRA,264fa06d360a87a7a0fe98d6710ff262,9.96047684141241,21.8405754177569,25.1972778732348,49.1256422355982,38.3637738216577,4.38852016635769,27.147686827431,20.5689129689857,23.9485182291162,19.3606245826092,98.712757255781,169.453302504872,4111.12929866702,539.878815133024,14.9148181936099,,
BRA,2652a31d2556422f6ee7a916caebdd24,14.8520217683219,22.3826892236266,21.1699868077157,29.6686575547658,34.5126778328107,3.89568695708673,19.6703652941065,18.1401026409083,28.7352833966417,19.5687383616001,174.827457248989,274.307787462547,3321.26071208688,408.229609867661,26.9164765314038,,
BRA,26b1d47461520cc45e39a9def2b161f3,7.11211157140708,19.0370361687434,20.3090005786299,36.1377823691088,41.4302712175943,5.34576269419994,22.2235474545852,19.1388906365456,30.7159766751875,12.9296425421635,111.401471970538,166.534053154158,5613.76378022862,315.840314475851,17.0702716933035,,
BRA,26be27633abd237fa601e93a404f5c0a,6.28927568142691,15.0143916923256,8.60001314621545,42.6939071924696,59.587731872259,5.13333654853407,26.2466662890743,16.4011418695431,27.8529289764516,29.3657670631138,143.0893600359,145.7392895426,2573.55771012517,366.345871451663,28.153628944917,,
BRA,27a0dda37e8408088e93c788a308afd9,11.8514722117817,23.3612336213789,22.4383430625159,28.9058688112534,42.7282539974455,4.19577275848557,16.812296304683,23.1282363700654,23.4930027828718,27.9386937458717,87.6709103101645,160.42783654958,3313.08930982638,503.204560388413,22.6772213678832,,
BRA,28132ee4cd1a5a9437cd9fce40cd7a6c,14.4064213222014,29.7019335252118,20.3984529077772,36.2209107202151,41.0289133166781,6.11600864086176,23.4937145636235,13.6596533053767,18.2628945176111,20.5523043777548,85.0348084553907,165.227472339763,5096.79352611278,305.289557502217,21.3165344608428,,
BRA,28443678ef5811ca47b5a096a227d9ea,9.06700821431242,22.8521131404973,21.6111359988712,30.4702453445649,40.6502671234942,7.97684664150507,16.0315425522479,14.8959559160693,17.724672512185,16.6467747282545,148.670360860568,283.821272488539,4035.70994234711,273.066455975986,27.9508587623949,,
BRA,28a246e6506e30fbccbea5e87150e45d,8.43355863439806,34.6965620705107,26.0316051532025,34.0977957480822,70.8789831820377,5.59069396191555,20.1815965641707,15.8633393765702,23.9682424963584,23.4112182033124,73.1048491872836,192.394215003804,3171.71989256047,373.842863474662,29.9775521993349,,
BRA,28ca73d9374f605f140b531b592c266a,8.35661636734939,16.9563634937414,34.1698676113029,39.5101985087756,30.5076042295293,5.89743883240109,21.0783628543636,25.0527996744822,20.0868699791664,15.9455286423381,97.1652889423157,209.658491863623,3402.87452991424,494.451208253155,22.5725399349433,,
BRA,2946f80e19d9da6b02604b622af8e9a3,6.1378440368274,25.2623581400463,13.0160635486624,44.0326886914384,70.1484391784541,3.78329132475186,25.4231023182951,8.01081486895872,35.5186907266771,18.3684033040483,142.317925188465,216.064998031442,3007.52016248382,400.35811332964,20.9819538630271,,
BRA,2960b83ab58ff13abf1b1da46d2b54dd,9.31842453327557,16.2463587398285,18.8142112091324,60.8252982521337,40.2769450259236,3.81426970541717,20.4180520989087,18.7654865052676,18.3120295516128,16.9663272278675,107.711279315225,180.033630552954,2937.27047166045,290.810141722657,21.9080037042861,,
BRA,2a49889862a4cac4a3fb5cd9757c020f,13.3610438229869,23.5027248781513,21.6871521306245,21.6623456171963,30.5572559714202,6.06609016277204,20.2239995966323,10.2582032557344,26.0788318968623,15.6150597991553,97.7187025082827,99.186832401932,2570.83686354327,507.535347178373,23.2120231054006,,
BRA,2a8419deb84b253d2c22994350da32b6,10.6839710378923,15.4769613821089,20.1744600529431,32.9846346176081,43.8771436842838,5.39219611242551,11.6208951774929,18.8580565371611,24.6456123346025,22.4539945383027,135.757594399125,215.061628114261,3734.33992879433,403.832499896992,28.2203349517395,,
BRA,2aa977d7c3c16ec63dc81d7cb7f52d52,6.76674772687392,18.1866704742168,25.1614336411477,36.0214179165578,43.7027990083758,5.90685471131808,12.4507889324491,21.3061664169153,23.6289985032572,19.0935007835642,142.629147952902,171.557178840561,3283.38512228377,563.968694751775,23.6670812207453,,
BRA,2b1b0cadf90cb549356ebf18700c81c2,11.6073799632571,18.9229345698388,15.923865753864,48.3974328120074,34.2082729804391,4.55876940999329,17.700864628142,13.5861267159269,24.3445643554726,21.4874413025124,159.147843843601,199.029081367186,3892.38983778089,367.823160487039,18.1115125676533,,
BRA,2c4c36f412500653da6b00c9f5047adc,14.0727256247713,31.6862539091074,17.6501051409894,50.4830392567035,45.0167234101289,5.81399717023693,16.2520812205794,19.9472388685086,20.2044784597769,13.107366112249,64.289173725223,180.474615587343,4403.30568109957,356.758621868002,27.5997485875502,,
BRA,2cdc8401eeeae38e889e3876d9e10b7d,6.6261396350907,28.8910234036637,23.149116798184,34.978864984165,35.2385105600621,4.58596604864903,19.6676387264394,10.6327572638806,30.3563240559527,19.6572943308359,117.218003717936,72.2851096105525,4232.87456720048,410.423119004541,25.2876708790463,,
BRA,2cec4ebfd66f15865b1ee4bd0f03b11a,7.34956891225445,25.6527054235747,25.6570218987431,44.9608381478389,30.5510259689963,5.0467190598582,12.8880865828339,13.9435054427255,18.6768335389497,19.2769136554733,89.2743297058684,264.612760694371,4433.90790684425,328.119117493759,27.2758210020975,,
BRA,2d5709cdf19332a83413840fe6891634,6.53615283390061,23.5826209917261,23.0717487897877,35.0003689364896,31.8649916876829,5.16038520397568,13.2207305659943,15.9370557674696,30.1423152976079,18.9708068828406,127.392538898551,173.463237037566,3983.13487746595,420.366600010159,20.4846022776768,,
BRA,2d990fb5cf473a136f40f78280401348,6.84835810277104,23.3375767835269,14.9230070003129,52.5087898341321,48.7613449775501,5.05382535268516,24.0785035602154,22.8374937125533,22.6782120996382,16.2916313408372,74.0182649435594,190.625411679103,2335.09687900826,457.16191593789,21.495715403423,,
BRA,2e123190e6f60c298007a2bd1504f5bb,7.42279805725805,40.2434990105642,17.1417550313244,35.6198192050717,46.1602047099164,4.76530510854602,11.2211318774696,20.8542608801649,21.7939887087301,35.0780181390157,116.235418203609,210.037087483608,5073.61815963933,415.666406460529,18.5123269560785,,
BRA,2ee9138f0e9e2a2b03e6f3805d8000e4,10.9770478036256,24.5592499578109,14.8640527947294,31.9809036932011,45.8582450824133,7.72534806221352,26.6206221111946,16.0597856308912,25.3215199868727,18.8152222087074,142.098898924126,171.863647037894,3298.03257627679,404.607734123123,18.9409068775403,,
BRA,2f00906ead6c67bbe52eb0ec08e98174,10.8945753772133,21.6622459607727,16.0004424270103,38.7263270817342,51.1642709006324,6.2967451239425,30.9962007997783,14.0889594824679,28.2106043162982,15.0804516582584,119.182188866175,230.12553880083,4156.54528618487,375.934787183414,17.8056837619562,,
BRA,2f82b4cdc2f4dbdb8c91ab83d7dbe275,7.00695825266813,25.802989500741,21.3022028202174,56.9644535570336,29.5508499299985,6.51260493631083,13.2769367147769,16.8611153460865,29.9229844161706,20.5152948028725,133.709802360362,214.237803585917,3136.27729742295,460.689572974232,14.5010605681896,,
BRA,3069d957230c55b834ea55b73a76af24,16.0995909203375,26.1561863235662,20.6646927780785,40.500488115513,43.689941580932,5.76700427845423,19.9273521452849,12.5318447898698,21.9609214286979,18.117168031645,127.244592679415,290.060318111839,4122.41222188346,438.234197935187,15.600680887407,,
BRA,306e5df255710c131803b4868580d119,8.64830379572687,32.0482010973107,14.464494516382,47.2839825472065,37.1963345641969,5.71820041155484,17.5426626719442,10.4068504449522,39.5665623292923,19.7977694294691,187.931692936541,166.048149123174,2251.41114403637,282.762771656299,17.5779200022428,,
BRA,310de052997b00b2065817e42e24379b,9.13200238150542,28.396755098753,20.9749391265872,45.7031991926035,50.4196818350493,7.72918094005122,15.7785542677644,17.2776855519396,24.2670239118955,25.9591261313008,116.52917215898,250.364820594551,4475.74363535898,331.699842207896,24.9481496363613,,
BRA,3242cb1a389580e95688393171c0a277,16.0005475636319,22.2199118847244,26.3685339899369,17.4264268991575,30.2345984042784,5.22480505713117,18.6137171817842,22.6050315190917,19.8637427783741,22.8752337135385,115.642786537456,249.072651012142,3578.56653438644,643.218951523724,20.566355458215,,
BRA,3247d82580509b6088d3c127d0c703d3,11.3152959220022,18.6528561215288,20.1669010733074,30.4804772382826,49.1283754599086,6.62333955728861,19.4089907204659,16.4698681512464,20.0180751145304,20.7227259303657,162.422210732129,221.09023705738,4084.75109288823,488.062019943864,25.8851370516048,,
BRA,328b2a65e891ab059dbf10adc5b9be37,6.57795298027826,19.6920374561763,21.6123045878034,25.95758702662,31.8616995762467,4.13780822750796,17.0183403022998,11.2358750440878,17.5544431689333,15.4959647234707,71.0710224501805,129.697309718703,2820.27531794367,223.060816239446,13.7098969167648,,
BRA,32d0c452ca1bf6836ebf6b50ecc35726,10.9291369851603,14.171336212268,25.0133286390477,30.5779840625061,45.7433308075296,4.60780867689568,13.3854171896811,15.5389406000678,30.5812934726592,12.9755547401377,85.4339401974538,200.707847640903,3437.52850256197,514.530350827158,12.9285792653196,,
BRA,3321666944d513c4328ca53a12ba7401,8.35500403030373,30.3879288670121,13.9699135486393,29.6710870146487,38.8864331794438,4.18234636186334,25.2558961784236,16.0049519519232,17.0032311091995,16.9355249823781,119.829879995097,198.553310536225,2233.99031699768,455.850173384457,22.7988514799803,,
BRA,33d0c724cd8104fcd5c68bec904358e6,13.434087583513,29.1467462110827,20.1187693076686,34.4551268764507,41.3238363716806,5.10867899833706,18.313005317474,14.5628423239404,29.3723797604024,16.9519209809263,137.115572268975,149.556810390735,5940.98737069033,393.645593920793,16.7689818587027,,
BRA,33d4ba6652301500c41c0c5f148064b1,9.99456284270375,16.1399125608157,23.7948497391521,37.8688707236913,36.4592307375959,5.98419505516651,16.0503260190295,12.2591779949008,26.2356298967604,24.5264169065621,157.757064308115,160.155125747618,4281.03044384689,484.092822386576,19.2671122730312,,
BRA,33eb4e230db7ad53936a9d09beacfee4,8.45428939787413,15.7818806695809,18.2793037197445,49.343014795988,47.610707017924,4.21522789402939,11.872960352708,21.6398385816438,18.1809276029903,15.1999119172757,83.0993242926432,222.192079562345,3915.91777101272,423.312546648691,21.9311480401257,,
BRA,346d635f5cc1f2dccb996b80ba322c6d,17.687322245149,13.5692378584866,23.9034159466093,40.2946577320969,23.9422239599802,2.84731149985027,18.5252844526801,11.4496270235908,26.7605622439737,19.8355734773327,121.93636488601,242.580508669527,3852.84547339546,409.944469751145,25.8631567220711,,
BRA,34e35ff0bc2908135ce0a52c21a0e8bf,4.91369507945002,17.0685612902838,16.703753852604,49.411542367148,45.7709175199805,4.59147501160631,17.0038474675712,14.4291527646372,22.1423338453137,23.1204984706036,97.9295209875963,153.365059344777,4668.26055614966,242.387634388991,14.5626818109297,,
BRA,35efe22cf1cf5615cd20fa72a1fae719,6.2942498828342,33.3956875045102,25.4498052875243,29.1683367660153,46.6107882122052,6.3041367203784,22.7019777555932,8.72677788529967,21.398763413651,18.6682430776811,128.514114195523,274.479853417364,3774.53337093031,354.219531634272,26.4795652206293,,
BRA,360a7a22e623a215a4b30108f4c1f536,12.900198102469,28.7139859409148,32.4717051153123,68.9651398874924,67.4557897713758,6.9277949454303,18.9288196751966,9.59908754304094,24.3716498194121,18.222377643423,116.544261591006,125.422900617008,3830.70484548748,415.577636323969,13.4674476421844,,
BRA,36f897113886d4cd008d7319dc65b84d,7.15325977563503,25.7777147270718,16.8246193264509,35.4691500234297,31.2591964895147,6.1039295704103,22.1805299725441,19.1177102485265,23.3920623236925,26.7876075623626,111.353503239399,272.99466234964,3719.42382664658,314.14090209172,22.3547343666844,,
BRA,373197fab7491334c141eb83e435494b,12.8466219816294,12.7671836419401,23.6387445521018,45.8575342229507,45.2548022281525,5.43404954444806,25.4948957584165,11.9839338133458,13.8325392817546,17.6716979091381,88.4580073901769,262.196084849697,2876.8435291134,559.089518563958,14.3242189217727,,
BRA,37a0dbf0544044e58ac08205d10e7d19,10.8479837826817,17.4215779046214,19.0351945672476,21.0021096837743,27.9898975247011,8.26626239132873,24.2292684662232,12.5684779011704,17.3272087676886,20.9549369342758,79.2519252965288,117.057794632075,3501.41393389247,303.710675744333,18.0068480978304,,
BRA,37b21acfe17e577ce7a7888f18a135b1,6.82316460437121,11.4780920368952,21.2291509845351,43.58435176481,61.7465762207493,7.99400776936344,12.0117291537872,20.6818751451625,23.2990886339655,16.7222739563089,154.566981799178,260.141195026014,3927.18369138899,457.502458489901,17.9292672114012,,
BRA,37e66b569f4e84bc5bf36bfedc738b71,17.3222503809253,23.1456087361914,28.2325194844813,27.811307603519,60.0316004000062,4.37900853363581,22.4592412104351,14.3106859635246,24.883109982478,10.0316936589357,114.938853418,207.769387619024,4972.95503875003,383.754564958432,15.431732012316,,
BRA,38e2c498e77274288bd0027d1964349e,16.7649085118648,27.7615298079322,14.8442864726098,64.2120549364256,32.0599479903575,5.67514128110799,33.8971752796981,18.2248915754275,15.8885724808629,14.6317368217504,104.368720660243,226.884333477259,2651.94591733837,429.342504565126,24.4424562894759,,
BRA,39f72e654f2ddb4d553ab62ea50f11dd,14.6343551591246,30.3581755831812,21.6771729934988,40.5451669745625,30.1088014077646,4.68764530233142,19.425873211031,13.9198443533523,22.8285117014059,15.6955092562612,121.576207810158,167.241419073492,2830.32046461178,385.284415366864,18.3370656941349,,
BRA,3ab03ed7e33431ff9ce4cef31ba8f096,7.83285499540293,17.5208640035311,20.4398131408525,53.4261455467148,52.9489252243425,4.21653980072291,20.0123506497885,17.9344567729443,31.5255554201747,20.6672406311463,169.413955569288,258.082728412574,5073.77699049199,549.422898595905,24.8561243903108,,
BRA,3c58f8d3615682f01182c0a713ae150a,14.185379089705,30.6268363596303,16.4327005220247,52.6432392176834,45.3150276763608,5.03995482621975,28.3188741165764,13.5778130689439,21.313035089117,24.8656683756217,108.075846294164,210.47955107326,4689.97765233781,317.58004138756,21.7546301625113,,
BRA,3dea3eaf40e9b254789e6a421178631c,11.3241539488413,22.6190890735205,20.5618114740097,44.2972082688504,56.703446869212,6.6329002357905,24.6758468572551,15.566809073688,26.9834881899089,15.5900829335022,169.769631536979,264.853334822055,3197.25336513994,357.242199519657,12.755908228985,,
BRA,3e2d04534cd96f69d25aac899082ebcf,10.6523169998371,16.6676477608999,28.1040712292974,50.2795447397129,38.5602423035263,2.51503307105022,9.91672336843806,18.1321489364574,16.8768560738584,14.555185655577,75.2487256218938,170.830706483631,3644.02311586986,256.524024343838,25.695401000877,,
BRA,3e89b58d8233fa4ef0a1aafc94b239a4,11.5050206828037,32.1558357587861,35.3546725959225,20.2678690057202,37.122679917731,7.14850620018116,21.9326718941525,17.5674015785879,34.0909214567652,21.6681981631326,137.804531636768,240.639120591852,2102.61317656498,391.883551356608,18.4510422550189,,
BRA,3ec3680c18106ff056910e6441d2f603,11.5343365200444,15.5176941332169,27.5306640723628,48.8804414830659,49.4422284894657,3.51663616814958,25.9937589367728,16.5010556006679,24.2574146690649,12.4937055422558,115.575576908642,304.277645601635,1935.0360640082,392.313322798928,27.038392821176,,
BRA,3f5439a0a3a0e3e436ea8a6bb9259685,14.0069369868608,22.3606548515008,27.0208912529772,43.1892115170371,73.6603759381934,7.73169808503128,18.0120746195504,13.2182248746088,16.168246232945,25.2508069954233,117.692078851609,296.843362051653,1997.59345614871,467.420319327171,28.4833934448221,,
BRA,3fb3d42ca57221f3877e68dc15a453a5,12.5178470597447,24.8297001460566,18.4998437671628,42.6639127142175,53.36962572737,6.75679292484145,31.5840248555893,14.0845237483335,24.8934219313994,17.1792947440977,139.706188900364,106.186955767283,3645.32110605506,372.209646413714,23.5103618761733,,
BRA,3fb828805b9d26aa1b08a24ab04c1b17,9.07945916085399,24.2240838896842,33.8258154211832,35.919981715386,51.2242560207177,6.17976673380343,13.933469412315,29.6467392643919,17.2240982732821,20.8041625275579,143.910647084139,290.329382538406,2779.53956509902,219.133949939701,16.3896421947638,,
BRA,414c55fdbe15d6f1455e2bda63042eb2,11.762783195072,23.4286069925704,19.4906202637533,61.5039455582606,54.2924122753586,5.23719635782258,17.3986028961754,12.7401456483545,33.5360681692272,17.949606128594,112.517266494827,257.540156792153,2553.50487162906,503.201538023272,15.9238781303684,,
BRA,4228cd51b1217016947f9b43b2263ef4,10.449431174839,25.1697080171567,20.985878701201,53.3117467031254,34.6897451074126,5.27579297520187,24.6815354199914,16.993369061164,19.1733277908383,11.2835046578509,140.025702303413,167.285153531858,2591.77653851201,532.89090682814,20.5063659973019,,
BRA,4355c48441002152f4b622d2d8482f73,12.2436200448088,20.7872097054541,18.4780619417421,38.1645955159233,49.7880248691743,4.85448263296348,18.3458729305016,21.1420216121392,19.9423734340696,23.5576764381588,125.577160407005,206.265419151201,2997.87716292196,422.547660083317,22.0708566029462,,
BRA,437c8e1f7f9948ffceafbd92a8711136,15.1745700602799,15.6014542004111,17.1326519706132,38.1009286543374,39.6289102528914,6.10184639484336,29.7189031113053,11.2834754157628,21.6948562122324,21.7832329517999,134.750678265077,206.469611799372,4233.16262587639,365.914256974848,25.7282325982865,,
BRA,439c67858f2ca43121f6e5cb325cbda6,12.3757080750286,24.1262182479608,19.0865728482721,58.935592244701,39.0287254895037,6.61715493623455,19.2830638919729,18.1572639537031,24.6432622930049,15.0196365263329,104.456374302689,240.594642161063,2319.85116522106,425.766002474342,27.1139674573659,,
BRA,44453efb4eec0f74e25b7c03b04025f0,6.52182389162311,26.2538108920685,19.8924249703714,40.7938168877103,43.0471347579062,3.3221529403444,21.3260029632677,18.0251622600553,11.515392947151,15.8994351791413,69.4751009199347,230.19072542572,3553.27455069619,307.693483401037,22.3500394447772,,
BRA,444d2cf1192387d6d97606e56bbfe1ed,8.65953243519564,23.711535303208,19.997225555735,44.9426149950184,40.5657749903639,6.31651702471888,24.4403509228904,18.7278821941021,26.6553994380176,24.7230018560135,120.322269291761,307.166406464509,3141.95215126512,454.144284098672,21.1518527608144,,
BRA,446976cc9f19470a040a7176d58c2164,15.8553385116501,14.1967283809181,13.9243798771214,44.0355447570145,57.1274944693426,6.36104499865002,22.0994784951015,10.2516727084355,17.4298360042569,14.631038818462,169.888718936712,232.466367264709,5019.165964896,346.699177234433,28.4039180325411,,
BRA,447853d6962ba84b9069e72283160bec,11.0153805792443,31.718377430658,16.4534358261712,37.6833274642247,42.0265623561665,4.24903442133133,27.0309520313078,27.5471263880991,27.2202118920927,25.7290327595696,110.221762097539,130.440677548828,3184.57924395258,371.871384676543,17.7171476568181,,
BRA,45c2d2ed4c02ac89bbf14ad0b752ce4d,16.1509974116388,16.3229477273993,19.1754126850946,38.2522681615066,37.5018324181952,7.03284488642355,12.7859798687184,11.5819356035806,22.2747696525736,14.4773443314032,149.877449693653,166.786074542577,5226.32605661388,366.477313106741,10.4323290245907,,
BRA,45ca93811e95035d61e98aea63747331,9.49680778025666,23.1101250469655,25.8203628311051,26.2853927141833,22.6883904561797,4.92595350962848,18.3934943802386,17.161717314403,23.8407982720965,18.3024832142504,87.2839010405662,186.952764821358,3218.22700635781,463.012213537523,12.4733853730894,,
BRA,466107a0e50ba8620220c57b9a0d44ea,14.0251286440229,23.0853405097858,18.525671564707,30.6189730013131,61.7617715485119,4.8715139216056,21.5613532098144,14.2580828272435,22.0440748122567,30.125628890102,121.065889178179,261.661606580224,3898.93127373979,449.32024326799,31.8908503266273,,
BRA,47ad85788ab3bb1b11bda1d725f44326,14.4967253798353,19.1749287162025,28.4879675902809,45.4083901996993,36.2287290147991,5.5541738424013,19.9599724079038,10.1250210467716,23.3956739991123,16.3222740077046,113.066818950112,140.401163885646,2818.89292153332,352.06439184343,24.9942125893797,,
BRA,47e0b64c64bf8bd41f9dcb439b8d1c18,13.8166380061878,22.9595084995011,22.0403264521227,45.11162269179,31.7474082941024,2.47907827325608,20.4223496951174,15.3145032745047,25.9853379026902,24.8014401629602,144.504449924855,144.048853327609,4210.92678494588,325.478080367688,16.0741531851322,,
BRA,48901eba13cd7c6903eb3c3fa78aa007,16.9705463843225,22.5280265024284,21.0295491103156,56.410145659226,39.5261824641096,3.96611410737555,18.8461896857855,20.4352780204893,31.616306781858,26.3284694720835,92.4735309935639,404.177820874029,3134.40383240258,183.133076366704,22.7037757575724,,
BRA,48c116d6abad28b9de38ac26fe16ff0f,8.65680163629591,15.0493107679019,32.5652120808646,38.315012212604,52.6269049957527,7.30834322036302,21.5534561520919,13.5730340585958,19.1757658227233,16.3976595227183,146.345951233148,275.335962291661,3295.52872748609,411.895098283251,22.3157148874703,,
BRA,4929088fec5532b3d29ee28d11e18fed,10.1536675512001,33.9967418718098,20.6727233967109,43.0419286581638,42.374101442112,2.72009263222511,20.6862575464323,18.0828406375015,19.7656953840815,11.9335226309748,94.9647099736916,225.210050280325,4238.63434833115,539.300832583731,27.2267010133524,,
BRA,497d2e4ac27403c5eccacf2080613c2e,9.24282908777155,12.4584455503191,18.4937914814466,31.4346927332091,26.2159134456841,2.72104376602292,13.3919342462094,13.4813609078769,35.4231545713302,16.5865865101813,175.43389880747,134.285921977461,5280.58787640768,389.931384830035,30.2660334912039,,
BRA,49d59e3cf4274415c725870f67e08428,9.03496428524302,15.8487056073554,20.2757069312199,34.9031708690608,52.8901046825115,4.88874190605407,25.6259480287099,17.6456492107323,18.0493528799889,22.0514680346923,165.856348064551,168.928578505268,3124.75161562525,383.038476283041,24.1000924734036,,
BRA,49e2151712ff05ba8a7c628dd8ae3468,11.9816864483939,23.8781212508507,21.7296472594502,40.5805942745702,54.320057696497,5.15867437434158,22.7477428636386,19.0188997517624,28.3912729036281,22.7395701616252,76.9186408977116,97.8632399043595,2467.58568924195,280.562510110492,21.0645390585153,,
BRA,4a53227b292db19a4ba6e61a050e8b40,10.5742962355123,24.8501537337804,21.8414382100245,19.0624424872063,36.4162271310426,4.29982266570017,14.1535892158422,20.8850101920748,13.4590032002165,16.7419982773101,134.987045858331,168.166351565697,2904.50422451891,417.430428230113,24.822823167053,,
BRA,4a83ec8e79a7a6b22d439093b2a1e4be,13.4302038758191,21.442644855465,24.4838815179092,55.4436276324193,47.1210501027099,4.45915500735453,12.5854724009195,12.8305386367839,24.7260072773055,20.7271050040411,121.425216028211,186.66161602208,2583.74371322466,349.910644655706,14.9643058663501,,
BRA,4bc22e3dfcd400ed996b5d6110569e09,7.80758647370729,18.3801046941768,24.3512707312276,29.2207095084502,33.024793385842,7.95845509735687,20.1265336557943,22.0854593397673,28.533406644845,22.2214792150229,96.0151554703017,209.67589486276,3962.14776272793,405.668338643018,24.1326507193349,,
BRA,4c09dbcfdb0531405f7a1d30e8c9f15b,11.5934109388663,33.3764473891979,27.8618759118327,53.2068550825185,50.020709440637,5.45496760336412,11.7970911924336,15.4846646320519,18.2523330859067,19.5288699354343,162.755669400568,186.552655223254,1845.42228432867,259.686291353679,20.5940247822149,,
BRA,4c628678bc367e3794ef167a6eca6e91,12.1936204032352,16.3476234635027,25.4323042916976,31.0739470195199,36.3339833708861,8.72166374386536,24.3111168990612,16.743363284218,18.1184547222257,21.871347111246,80.1260846869766,159.612538498816,4035.84147243155,373.395204712154,21.0368924173091,,
BRA,4c9c0dd39e68168aa5bc228a926aa7bd,5.15117146922909,23.6925626775804,27.7356200236465,26.4350532938059,33.5074630122701,5.08152689189897,15.1773914321441,16.5727410295407,19.6360135441416,12.5758976859679,127.285748084708,283.391216304829,2780.17567558882,462.566571879425,16.7571824574848,,
BRA,4ca559e03439977b38d59bd90f34b94b,9.87266142020914,21.0240164705274,18.3018390462971,40.9823647559081,52.0878229057836,4.97710307733142,19.1397830197433,17.9903175507664,19.5974153003487,14.1358981136416,102.707014468702,150.79443975012,3874.76884252403,404.601574759334,19.6698818178093,,
BRA,4cb3db9308aef88eedc76026e7619c00,12.3646245620076,34.9733615846546,24.9611407476879,30.7624275932537,53.1216521970722,6.50751663122298,14.4404900565147,12.3849710059127,17.7246199126995,17.5822295084596,171.161259586517,198.106104447025,3326.24699967777,333.631770718563,24.73678622086,,
BRA,4d9829a1482122bd4cc7b806f20ffff7,11.5310479738203,26.1689556445323,19.558977462037,52.8401005106953,20.4287450969679,4.07287028163598,14.7499883164651,18.6086917642464,28.0301695795285,20.9087818122932,77.8043957209286,195.434135326599,4046.99378045464,219.042775007909,13.8104336095579,,
BRA,500aa854e8a8d8f504caabe61448093b,7.93652813930469,13.6426424333467,22.9601544522832,55.5116386347781,21.2542934876357,7.01727999275415,21.645198460972,16.2598580277406,29.81304873731,11.2197126340373,49.0708236588622,134.788605419053,3848.46309411383,392.807084859473,17.7425629141384,,
BRA,512bb5d33d938894f8851f410bfb32aa,18.7142479135123,12.5751678357391,26.1439916645443,47.4732502254726,45.3451561531592,6.20206776288368,20.204712265933,14.1426395771326,17.4025879986147,24.2148786033159,138.821437175918,120.984254350663,3424.75639484686,327.933936875869,20.7288663237032,,
BRA,5205aa9e11398dd3c78ecb7192dbadae,11.4879963124688,33.2606044405648,17.0608951222868,30.3244925052995,44.6899568796451,3.91669391470266,17.318328337023,17.8496121014665,20.573198657411,21.6782647825925,148.178590465415,209.614044239252,3728.88066980313,463.446803125346,16.3664102233658,,
BRA,529075adf331933982770436f6e96979,10.2551900766108,25.0272393197402,23.7063796332127,38.9459827194793,42.2283167996528,4.93293559189728,24.3676183575388,18.0088997462766,14.1350440176024,14.2202108278637,99.7095746760008,253.131671712922,3152.63279789003,557.639996023278,11.8873382119925,,
BRA,53e14909b1f97a1ccfb18f6f4bcf75b7,6.3202696515733,23.3041771974865,31.5060257468348,55.6056060632099,46.9289351544088,5.54188923743468,27.6382332741472,15.3375625630057,16.2351124839685,22.1147535739342,143.418987563056,182.089525818331,1993.17025319536,334.191791690595,24.8868235774513,,
BRA,5443bf340d49187056542b9f2cc693f9,11.557738433885,16.7553449144935,21.9342075387852,48.7499633833825,33.5982311873418,3.06912196275421,23.7747118644116,13.9978265188051,20.2959299170817,20.7020128820584,142.50729685917,220.080064666239,4869.08695230917,377.187348664639,26.5127264508391,,
BRA,55fb1c3dc645f9f4fa663b9348048afe,12.4237182041643,25.9324139543751,22.1881318819057,25.830034764907,41.7412372560659,6.35694787033154,20.6801266075498,15.0278912690724,24.9846951746074,13.6480938633345,132.685002797923,161.818128062271,2740.1236036325,370.575913041999,22.9650483385488,,
BRA,56e7b79ee456c087336ef576e0e8b22e,9.64556953461641,18.0982061046877,23.2431112475729,42.0972849875225,42.0303788630982,4.63439266797101,18.655402453271,9.7483657419605,18.7562993177107,22.2523706654577,150.984638861798,152.304154996161,3868.98693821331,555.682541807272,24.5471312825648,,
BRA,581cb3b3181d2c01727f08792b2d7614,10.9994430201401,23.6088387460962,24.766411498884,54.7280280229095,23.227207758766,6.44029745131557,33.2011260611547,14.1770848501274,17.8162150470779,13.9277372234912,90.8513600386611,225.006606531182,1987.31315430811,492.355058581243,27.6773478936234,,
BRA,5836b26f88ec688c63ea4b99ccf4ea2e,10.793578307668,21.854727235802,22.4621388420342,50.8561337493491,39.0920563407766,6.17346429132714,23.6291749487071,17.4177695328467,18.0194537482621,14.5232879219023,113.341501299566,156.666136400293,4058.764409037,253.929149405215,19.3243490135851,,
BRA,591b3929e617295328957eb9d498293f,14.2809578229871,24.8203133330178,12.8380013152694,52.451533083067,39.7416135871246,4.80028985694477,18.3219963546079,18.0084157320866,19.6252021605878,17.2564291431082,87.3662960334178,159.55037741344,4298.98972844881,517.624477651464,13.2154517108705,,
BRA,59e0a9f08a1898f306af52187fae20e2,6.9895142883632,16.0574036034959,23.0384434004248,53.7251597505132,41.7047627053355,4.60805161579925,17.8047437043613,18.1950265054095,24.8011534786342,16.8983503792453,157.864428113468,207.325740123724,3429.06176222432,342.024612677241,20.9508313956704,,
BRA,5a0cb60d9bdad279fef83838514b69d6,11.4325835535018,14.9720790413653,20.6111486105784,57.5815182022802,30.3964276672327,7.6164445240025,24.6980316634944,19.2332113637747,34.0053281877822,9.90970168882056,123.351465611911,212.564592550955,6203.23566234976,392.522015635041,27.4645005172156,,
BRA,5a2124c099192cdb410cebc6d68d0a10,9.40005971971316,26.3992443994611,14.1013062996071,35.5940620352764,49.6430133280934,7.52505076957487,27.1711594579927,14.0751722382078,27.1172730941011,33.0787723583065,102.039057999048,307.948278305373,3252.10592322266,294.927767745303,18.9049801252509,,
BRA,5a74b73eda84a329e6fb6df16dd22cae,5.95161636965257,26.0803038425036,16.5059947902849,34.9805448281027,55.9376859682201,8.24946448495821,13.5981899756264,10.4382111070077,20.3669626351488,17.0723093500569,104.424920269213,248.158879337423,3557.07844495441,457.148107031958,18.6574427356445,,
BRA,5a78ce8ddfa869e1d956a9b3626c7d17,8.49843915714533,19.5727423129309,20.8381108356779,49.2882382890623,29.917375756418,4.49471350899792,20.7891612373644,19.9402429050054,22.4559091810223,17.0882747597864,90.2643428587927,322.908683335971,3148.67119555316,378.710202332195,20.2234908257158,,
BRA,5ad13444580abce277c15bab0c5f8f7c,16.5530856000068,25.3389328852211,23.06021335634,55.3174837309159,42.6224784713714,2.92047278693078,20.4418941872919,9.36547809458076,20.5614789278662,18.4752713705904,109.101848102032,136.947128236975,4633.7858714453,461.350417890981,19.250670994113,,
BRA,5d3d720a489c63af79b6f6834f9139d8,9.04397322928605,24.4904691913731,26.762230912382,36.5477601080367,31.9116599490544,4.75431210838907,18.852834166832,14.8080533207586,17.7629847966085,19.5511937979552,62.5951220241258,162.711958017675,2503.24282825735,482.205420069558,13.2086277174485,,
BRA,5d49e946a9d2af484d8bac851d8223ab,18.1313089347913,13.9402680959165,14.277915780826,45.1400200994421,35.7463149414107,5.05494076709496,16.9183442033198,16.8105953607747,18.5490994976668,24.2270840231778,94.5283028451369,203.344018903704,3845.44490449084,406.154733937094,31.0375382739037,,
BRA,5f35bdd57ef817fee23a17054998c52c,8.37223302800977,32.146194309049,25.9086429491433,44.2904659596819,38.5792151812681,4.56260017087413,21.1813518854168,11.3120538277862,21.3427427976838,24.7361091928258,164.443444521399,235.855797899144,2372.72529908596,440.565063717351,22.3009390805318,,
BRA,601de361331f2e2f406cc46964b87104,7.79045119443989,26.4973870915294,26.3253935773374,40.0793168169414,51.4004276213531,6.28701168687533,22.9270205639154,13.4857762101398,19.3652519694282,16.5844589099375,143.563712612388,216.35948297951,4982.0671628188,532.531966237273,21.8192539972505,,
BRA,619bd550693e2693c79e0094c6f857c2,12.4232264898332,17.0792691496896,20.6475641186664,41.9951295054674,31.7622020943114,6.26359123587481,12.3132431585645,13.1778399221817,24.6112641972107,19.4068857663052,104.57722532321,121.763340713829,3227.405990152,263.070121507737,35.6138968760588,,
BRA,61d5a31047e5fbd2bc7d23ef68970ffc,8.48856125855383,22.7257967772455,26.5465668425453,39.1459588541223,46.9808990958032,4.55145283713487,23.5489798313128,13.8211649661321,20.9378408961443,30.4668644077498,75.7463281195254,273.746357398159,3477.09511152949,424.827499696038,26.7579558662959,,
BRA,61f9624ddce3a019a506527a1a58242c,15.1062922772519,18.2389703835442,16.1377199866368,54.4942130252337,69.3197563410035,4.63878732222416,21.2595231758384,20.8993047875158,27.1218149580692,11.6330057667068,102.282469290481,307.175097535815,2510.85253117837,364.812749688249,17.2034680141256,,
BRA,624d1c94616b163580f319c05a9b3625,14.2230625478453,19.7550851207543,23.3354272910674,44.9432689840078,45.6057233960542,4.58487003505291,20.7305213925379,17.8220464236325,28.1203882114734,12.9749366941359,123.587794799293,231.527122386764,3050.51194302395,458.053408843529,22.6289247686815,,
BRA,624e929e63ae222ebd4cfba88ecd0c1a,9.05274635518209,29.1354556986174,18.3228270888559,60.3978896991685,34.5131961299334,6.16946941153767,11.2767355243056,17.4239747767825,23.5103464865234,13.330666013602,85.8574522540914,278.880989896602,3778.2992839168,621.587891610439,23.659570399797,,
BRA,62b56b2655fe06fe5db272ca8eac0820,4.56569092843478,28.3173786962449,15.7364089272522,39.5167396878122,36.3958649611963,3.11396093923277,22.2719673440393,17.7763045217041,34.0365267562838,16.8346772615246,98.3414640087145,223.04689196721,4724.93838658475,364.517182327039,15.5077374011858,,
BRA,63c91f7060f75ecbc8f030897ab589f4,6.90593686232448,28.3747803227071,21.6306754724922,55.9932593255111,41.1965959813706,6.30106192858841,25.6468543904018,28.6599793593193,11.2611143380498,20.9398883577929,85.3136979002095,167.978809724811,2618.76555002689,417.67177095138,14.0463130386583,,
BRA,6502d8b4f72c4d9ee80292005b466a66,10.726706235394,18.8833321904187,22.6069001445361,45.0744892154386,37.3381108127239,6.97151031053294,11.3837112754613,23.6355890759902,25.1920957055164,14.9268124243296,169.216118616246,148.959926360183,3467.74359954299,303.387251475438,11.3944379395995,,
BRA,66beadac30da91132229f8144b581873,13.086868998455,17.8588700583643,23.0143618401127,40.2348261524647,34.916525792415,5.95023697777994,24.872034799082,16.163410039541,26.7157332864071,14.5152172304694,107.782004364887,186.610115448092,2688.35934797648,312.145796759735,15.4862376144899,,
BRA,6745fb4fb522b2cd3dc582402b304feb,11.8489981247855,24.4497733933144,27.8673806315396,57.4171075709536,40.9405466842236,4.55121032629217,17.1886361234838,18.2301238750536,27.4252562718193,17.1835267236233,101.349291644411,128.385198374596,6045.18837314059,466.543044435799,30.1451535620193,,
BRA,679f8fa6a7b17d9263f43fe6a912be70,16.0281130904329,20.4714953896453,22.1616640477048,28.783223469365,37.8979207529346,3.81511599716401,12.9215426328514,11.0446447934813,24.0762050324407,19.2329630622653,132.586601691037,202.332866083153,2464.58348512177,364.205974846647,16.0706082304536,,
BRA,685584386ccb8906d6d61593a0f78c18,7.47609088161795,18.7517483207243,22.8578047627227,50.361553494371,41.0030262860134,6.46557976820485,23.112551703079,13.1456629729804,20.7651285276035,21.2841851828901,100.655898357557,160.205436156751,4180.31978508157,434.339764944308,29.6403861723593,,
BRA,68c5f311fa7d85bb0b79cf55af0d8cd9,8.58582311113084,17.3867960903971,19.1086267082588,31.5749909548502,32.506505213942,6.20684670321109,14.9253521011967,17.6350279302239,23.4515913601204,32.7054382785127,96.0824754531877,222.450768343881,4554.13041743596,329.652037314409,20.3998857194775,,
BRA,6950efe6d54f7a280645d7d56ccc5910,10.8099849932643,31.8045249989482,20.7488678113288,37.6407119935122,44.9194000792798,4.93180711522442,21.8090265898679,11.4914685673253,19.8262627840969,31.867276962657,88.4943252896751,285.375302375951,2244.50185369273,395.873693926942,25.9376644110504,,
BRA,69a0d7700063cf7147dc8494a06fe4df,10.5117676675654,17.9203849819778,27.1001377941238,35.1758150899637,46.8982607002208,4.96051996115083,21.621342631025,15.9980846252787,21.6169203688488,23.4395301201682,70.0664814533186,127.206602989775,3219.74198097038,429.309905014545,20.4997486791165,,
BRA,69cbf68f6a90ecc1090fdb632e5bc48f,7.54127690560895,22.3053764638963,30.2580091440942,38.8484665541848,43.2343092744115,4.57112464196275,24.8737457481253,22.4247293689195,22.9495294201295,15.6326995504336,108.729446899609,245.369784516872,5252.03906862491,405.112723356706,18.7709179063186,,
BRA,6a1f23c7500b17c9dbf3941aab35af4d,11.2048752249167,25.6942202465774,19.8751565155445,40.1935521605526,56.6334454235506,6.15656521314973,20.6099387044762,17.041549424007,21.1013058437529,18.5970187985411,118.222324499033,203.633736391231,3022.81466703881,421.735936129289,23.8010066530104,,
BRA,6ab65c5a8d5c0667813f699503e8cac7,10.1600492090417,26.9861369802271,22.3901085276836,25.6187756947247,37.0326669165646,3.44387886776407,26.639452845516,16.2032247823301,17.040107332421,20.83971968469,48.4339215210666,195.293784158337,3051.2033829439,375.537368392179,23.2386448549948,,
BRA,6b5080a26c34bed003956cd5379b9c5b,10.3625721395279,16.8798842732139,23.2471924854121,36.7567765819747,30.7038190894668,3.49694190852012,15.0628478459597,18.5316659285672,20.5970972736968,14.2927610058479,115.430988839563,186.691953909179,3314.97149699379,452.430554648634,18.9202128921633,,
BRA,6c141fc2401d4b4544a320ce8701c019,6.63535036903718,21.6501930379546,20.6140563506287,38.184266814032,34.9924625437548,4.76760087109182,18.4606935966973,16.8454807132522,27.494366903616,18.9381747282312,129.417071257905,222.917848913451,4290.95042437857,288.994848667664,13.1662989761494,,
BRA,6d9413bb9f0e820bbff827673c67b05a,8.6743358016613,27.9333335612417,19.4547049599173,45.4814292085479,45.6357347605781,6.03204814719909,17.5083803338694,20.0643715068536,22.3075276167382,18.2240968463558,88.3181325631991,176.843793091928,5194.14602152199,320.162491259,17.1460013317867,,
BRA,6f80bce4a9fd95ce82a7b5d98809ec53,9.69954225182421,22.2421253036537,19.0253350208575,25.88026545759,44.6529091311897,6.28991853210478,19.8407697191219,8.71835123561707,18.4728383141493,31.6854426206354,111.342836287104,319.472407455982,3223.93331427836,356.791647711675,18.2804618829492,,
BRA,6f97c1ca3c14f49598d34ac4d8c5d514,7.88189671620566,18.2147586580223,20.3517675713924,41.464083369499,44.3543314870935,6.39139040058471,10.3921532976025,13.5079580116736,21.2381616077982,16.1711136927427,99.8721311040036,235.024586409515,3673.19502165151,340.779902427937,24.8894349248602,,
BRA,6fe95fd6797d6f674f4854428238821e,8.00190520139986,20.7572344689556,24.4732446472964,38.5317655601173,49.0170961370177,6.01312053635206,14.1134015461902,7.30309618220685,21.5253367341423,26.3791325060664,78.8063615713764,320.42663077874,3904.16324147778,375.75783392366,23.0599523958175,,
BRA,70aa78178f8daa34609699c824a38c65,11.182105741383,28.6142778364443,32.8033239516993,53.9980058458241,59.5480166858982,5.74637979458878,23.5967673375911,21.0549487860202,30.3834074581387,12.1822081056794,135.85209516254,248.48684774259,2636.24237904636,451.355572956508,21.0516480411928,,
BRA,70ca45d893c2cf8f4be2d223cfadd7ef,10.5713497171955,35.9906199875115,31.4757712317471,59.5103056147742,37.8319570140196,3.74670970696866,7.65950056569878,15.2814309912711,26.9708119134864,20.6094069662646,131.331085202654,165.07037096067,3735.5392059792,717.313324123534,26.2097362697594,,
BRA,718b7773ed0b0f29afb2413d634c9917,9.32912180739489,26.1785862816266,24.2957456457366,45.1692718659667,26.576041467583,3.51306959207435,21.7608412968116,18.9285142592129,22.5788205547375,18.1738998708274,82.6966525485674,224.782162256749,4818.12138098314,424.458605782485,20.3769977540711,,
BRA,72161893b27d136c5fcf2cef1a0df5dc,7.05888222328822,20.5093053283365,26.8007484207189,36.9242394355819,28.0981076780176,3.97741605453999,13.8356870274927,17.6784690974606,10.5571282850171,18.0368245226695,117.072433891892,179.87574455119,3415.56854508924,424.952895626173,27.9696394471065,,
BRA,72a5429606ae6a0a96d66cefdde81bd6,7.91410290160059,36.2290397921234,14.0053472432714,38.3018129483351,37.2449299498477,3.7664792033779,18.2259052313336,20.3149565635099,23.9443618225387,12.7077220661759,146.837693160654,248.575304054915,3224.31229248801,357.136679718193,30.0935732545687,,
BRA,7318912085a2a4ecd8c1c2d7d3877b33,10.5145303956513,23.74552497146,15.4498669250777,37.4585935320896,60.4443120273706,4.41275055987552,19.6892956229555,21.0176908568747,25.3583194918081,16.29364187528,62.3642598852776,210.20863649947,2288.42937735809,285.174774336826,11.5744081982521,,
BRA,739dda07c7237b26392accb3cd2747d8,5.32983265801632,21.5326121115696,36.2747859253805,44.9206094336652,56.5015850331398,3.3276782553754,18.5623619150534,12.8817719323633,14.0230341818388,17.1310438991779,83.6476668989862,199.604536654856,2496.9766223347,360.311501360285,18.370290094143,,
BRA,73a1f6f02d3321f03171ce3e0b03d478,12.5905464873702,33.5254595144343,22.3671844057874,40.4944609799837,32.0019514724639,3.60555489255163,25.5073487410976,14.8742271904083,24.3184069078164,25.3143217397866,104.988742485848,172.399295028261,2616.44604990783,284.54677819162,18.7374543249983,,
BRA,73cd138dfb6c3683a28adb809d5cb1b1,3.3922154233267,24.0008042393165,19.982373272228,47.0789731985083,40.4273360314052,4.15066771909773,23.9115659998294,20.0291440134629,25.4149960121651,15.0828054941009,173.563627893672,248.837193563525,2329.97651155703,545.65378253777,14.992365947783,,
BRA,7445ccc03a09e19224982dc1822e083f,11.5294676376055,30.6957767858313,31.6293552615101,55.6801636039205,52.4982614865441,4.4517052391248,19.0352957033436,17.8434663952148,20.0393942053232,20.7371725596851,204.295840479025,264.855487562804,3128.95274249448,380.291719978086,28.5671029131781,,
BRA,7450b5ecc7dd3b8b7ca593be9459d7ae,9.82583667591794,23.0708091505774,19.291710878539,22.6444162010179,41.3543292372529,5.77188752681832,19.5562991895333,17.7927551892915,10.3400049496578,17.5897800087507,122.440541647181,282.760861364473,2604.70632578423,348.350337362169,23.3273430161543,,
BRA,7456c33e9c3bac84b6e3d5fcf2a38d21,7.00918977290736,24.4833791886907,15.7770093851666,43.6252804546594,34.4702074361537,6.01307343766303,27.0840346753703,23.4615726011277,23.3783502132968,13.1885264166409,87.0414077371175,260.205192676827,2763.03650238689,476.330507895102,23.3573479494078,,
BRA,76c2994bcabfe9066072c2770fb753bd,10.4040413949458,22.5542244351583,21.5244145512315,45.6103309859127,37.5867076768938,4.99954422758533,14.7938306735015,18.0794289578076,19.0094923418065,11.197550846884,123.213377170965,227.352321695623,2013.53151028829,285.245703668797,14.4656061847339,,
BRA,76f557ede1167e9df4f6f20cd655a3da,10.3848633646163,18.6763424179905,21.9878329851073,41.65476432016,43.9724316183999,3.76357834814308,17.9458162727483,15.7633556099763,18.9428991557809,22.5323791193279,76.2723872277845,189.522908603745,3977.2872014928,288.08937589214,22.3856464837965,,
BRA,776913a564e583800a8383835e66ccd2,9.20901093058833,23.6693322142318,24.661470801337,59.0816085130859,32.7798793521116,4.4416420922524,12.3835133466633,19.7167287493833,16.1926876731807,38.8421770599863,177.807729892264,164.717200399307,4555.479869736,238.803208544767,16.0859079856568,,
BRA,78399f6f4e6db5270c70a10adf13eb59,10.0285256382762,32.9146034821686,22.5702740072011,34.40748855714,58.8346723287637,5.90520333919853,14.2506531900812,33.0638445261819,14.6813101594505,15.3291068463758,128.342857113605,184.82764718682,4457.15747674181,414.660712492963,35.0792856162883,,
BRA,7895a0d665c2de6e93bdaf569a680cf3,10.9360571840475,23.1034108777441,22.5809949923618,46.3016594703901,57.0807379308143,4.39898866551373,19.6714385173884,11.6372628142149,25.971503679944,16.3457375912162,132.505400638268,270.082913108501,2843.29675343745,310.126150536929,13.1228060395089,,
BRA,78a36947f733c79bee349c270c420715,10.7695909652014,29.1507661009477,20.0794161706356,33.3146131559613,59.4006374726365,6.24204631854589,19.9724682463037,19.3671718747503,25.9262721244421,16.0207840615859,158.919577928529,176.984684293676,2994.09608502107,294.18261045948,16.9357575654486,,
BRA,793292aa5123483da32c286eb34cc365,14.8268260577325,24.2004258780619,14.6978366638958,74.0816051689227,40.331659133557,3.73308049672837,20.9911838077083,16.174730448403,24.4949226255231,25.962300748292,125.306475490321,320.22974221399,2577.38541588445,311.371633263917,17.4302812558189,,
BRA,7993804815b88fd1bbde9bc5ed628a4a,8.10639207824533,16.0247480239938,23.2107486935578,48.5097213022765,39.4894781884297,5.14001242545539,18.4801168793391,17.0034183280405,18.1268503463482,21.7301534197609,94.1349846681064,152.629652223653,2768.88544590289,439.308306468952,17.4085230387301,,
BRA,799d41123e7db6e6e3c09d88fce3b7f8,11.9389599869335,19.2341480627114,22.1587178608555,31.0521628704371,47.3603911558379,10.3516466938912,16.5864380843066,22.5558305067952,30.7038072144275,14.8055944799927,107.416501695907,137.290939916285,5873.39651698199,257.041433672222,19.5844098361808,,
BRA,79c447376381db877b9e858f0cbdb1c8,7.65818959336717,23.3912543538646,20.1895593989369,43.4622842831328,73.4110528326303,5.32287300475285,17.6958644985445,13.3039016115773,24.0936907775883,18.9731188716325,159.424609400426,167.532311469038,2905.40558166113,349.292623127476,22.0860425152676,,
BRA,79e9423c8c0a382306693f1b989dc375,10.9764499449688,31.1301897184344,22.3316444810013,51.0838642522212,40.8079875432574,4.68443419739904,12.5568732286913,16.5967111817564,11.8789163161459,14.9267378873711,94.3046522396838,295.828703897962,4282.31109989887,222.512484315945,11.6904100794674,,
BRA,7a0b921d643a22ad84b2b5b2e984fbeb,7.09733656604314,27.1471759136287,30.2071007285403,37.4568859679995,68.5433556814944,6.47615525435359,15.2862553370378,12.6394630926066,24.352567124122,13.046951908136,81.484680605979,293.398197192257,4506.38695310483,406.248151762847,30.9903847265218,,
BRA,7b11e89b3710240a107a251f6ccf1d06,15.5926180213331,15.8916981990396,21.637594461185,34.7942401837459,40.4573285636632,5.87807087778381,20.6666107796352,19.0257185033877,27.9421275362372,11.2091887505729,93.5304815353022,223.464573587995,2297.29177631613,583.87846885526,25.4592364022629,,
BRA,7b4114632d1eaaa5597a22d3da94dd74,13.0657725616203,25.0584057688712,26.517515513325,41.6367160159165,37.8426762994206,5.75165542340627,27.2847232999702,16.0254571271834,13.7536186472261,9.34706346960198,97.9666347096056,276.846236561536,4258.75281879999,379.493694121905,21.1208565159999,,
BRA,7b7a74b47f64098bfacb784707003ef0,9.60765850909642,24.1113132232599,29.6136996070391,46.1354939510167,37.5887666941769,4.87625032588537,23.4163884160534,13.186117577967,18.0965389546834,17.4093481270341,113.170477938005,226.977544575733,5696.94670538558,443.726297147819,20.5598185254596,,
BRA,7ba10b8915943daee93f371f0bb5077e,11.5393184704446,17.6101913233767,19.7299155334143,67.4397044320681,44.8583931946263,4.17455363722845,21.4496304914326,12.3547404267387,31.5406522943356,20.0397789802854,128.865789575184,224.33257958078,4412.21474287287,460.522444306319,18.6453688603439,,
BRA,7bc3e56e5857da99dea69dcabdef9a6d,10.2292453867539,24.2210441930287,24.0013320019229,35.2704446387735,34.5049451810789,5.66888701008112,26.0156746850802,28.2154328971334,21.9693981458568,19.0706537823543,64.912426386563,159.56773486815,2529.1446494074,492.770825508033,16.1967877993902,,
BRA,7ce32532a69e68367016e129422a4d64,18.2344140783643,18.5295697692067,23.3873194330261,38.3459588792157,81.8317437393366,5.97526841374465,11.3406890058599,11.7687361846496,20.0119063764106,23.4338439541139,134.777911361588,127.772625964948,4554.57722416149,483.95956912064,26.5878287645573,,
BRA,7d9876f6c7f6b5cf4d4459c967380857,9.51943087115358,21.9924040624304,16.719882387049,51.092880447243,53.7503457670067,4.53753848159777,17.0236257058877,14.7159958580578,9.19038044263394,17.083666947722,176.16037855021,286.495451784975,3672.21652712368,456.715530587104,20.3539732872013,,
BRA,7da104283d78680f54476c3808f67c4e,13.5315448577142,14.5036710892361,24.0019802371157,32.3523426302756,46.2353619196765,5.06668510602173,9.24617018572133,14.287338546117,20.2868663115494,21.765833897872,157.272033596085,311.135070897093,2959.38409826361,450.50531808284,9.68957324043508,,
BRA,7dfa98280eb3cfcd186fddfe993ae88c,13.2578994397058,16.425157977027,25.9918237830477,49.615927282116,45.5792908535073,4.40596479139637,20.0099058677199,18.8047869533511,20.4380579669226,16.4558227407489,152.080319910653,226.750463792591,2510.17359532485,390.888134432508,15.6421103979947,,
BRA,7ebfb642c244918d0e5fd470869d25ce,11.2332111380108,22.6714470684557,14.7538670817282,16.8882210083396,28.3632144647615,8.11278174755182,11.8676137604065,17.5147709373425,14.559225971343,23.8080511678527,163.213453558208,208.468384750106,4379.6963979522,392.365737946885,16.5034318888977,,
BRA,7edf120b7295dbeffef86c36c7c70a6b,10.0832768764446,21.9620136113585,13.9547483904003,43.4995584752116,58.2951775041222,5.72171592024642,18.0498577475657,13.5178431890274,19.9592992799001,16.4542737115665,116.476243931731,195.449536718534,3626.29502596813,277.618688291305,24.3951410335254,,
BRA,7ef5a0fc6a734845f8095d85cef5e504,13.3018787025458,24.4748530172216,20.6744877080041,48.8515212456839,35.6129192443772,5.14529992212731,18.8443507452079,18.1188021574024,24.0785013087206,17.1350215808931,102.193310907566,252.819735151706,2172.42935729544,377.957558494071,28.5126801147047,,
BRA,7f06024a6805b691d49b622584c91e9a,10.10212873708,18.7572887948345,18.8561317720001,53.543706575643,29.5710172757807,5.74309728858031,16.5069933675654,11.9974456127982,28.2918907645015,13.4512568061945,150.477737011972,163.51500707796,2202.24917865437,306.804090433327,22.4184517273542,,
BRA,7f2efba36aeaa4668ccd9f2e774518d5,10.0191124274651,23.4656337840912,28.1512997768723,45.9939833811533,48.0121056283527,5.10101944602751,16.7213118685296,14.6884933801113,30.4319028204317,16.168668535575,150.595418450408,306.789940751302,3769.79193943591,337.476883425298,24.3861536905471,,
BRA,7f805c126c9bf052164c6b9df627b183,9.04944079046041,12.4125131163911,16.2214108960631,37.5257205839513,41.0773427769238,5.54145526466992,26.9097096011453,18.4805948435761,21.3588074177383,17.2089520253047,138.337815116966,293.187368692162,3070.92628643354,255.875279227983,27.1703301032211,,
BRA,7f84894319afc92f2f5c667a4308378d,13.8286512727897,35.4330539431273,20.2952334777578,17.6648894386445,54.2705079664414,4.8566742097642,23.5645327040806,11.9335640445178,20.7010270327094,22.5079680743524,116.080560883387,133.851045428263,3439.67115412526,409.964382028373,23.2570504065533,,
BRA,81124a9d5c9872da15ca647ed833ddf0,11.3392649864184,25.6169384430283,28.0791037270452,50.6159763306898,30.7200293961493,2.9508813590077,19.5949805233535,15.8385218423961,18.2023827743537,15.1381230083097,90.7279475433175,108.642946738792,4016.0841399508,327.45824819817,21.1349150537404,,
BRA,818130d00fa1ab21ccbbd5b7df87355a,14.5687721683598,18.9121850777285,31.3827996484032,39.7364340349912,53.4066742306798,5.7872724587302,16.5437251713585,16.671491408424,28.7513827412351,15.0153266998402,125.741939773567,203.180526423371,3144.7794223057,347.61128213317,25.5715878522572,,
BRA,82d508f3f325a6558c18c7b4071f48f8,8.68156592432528,21.8658837048988,21.613033472264,38.53181173417,30.30644424258,3.6744387531626,16.9498048062404,19.605610783972,32.6117226978058,18.1036000948816,92.0869323729729,198.98603342102,2453.68519668661,490.896072627326,13.3101276214162,,
BRA,83b4203907a7165302af4998300b9c29,13.440954538023,21.10047964611,30.8437753103983,47.8503097082541,28.5602674664518,7.25977704924079,12.2916652214394,13.5988081073564,28.4045252293916,24.7205110280231,159.130740172393,168.745952806754,3896.99100106085,480.696423297565,19.6325292964093,,
BRA,84afe5537a78024b42e6844bd3379c62,9.46062854815532,29.2884429241506,26.0269353989173,48.5284064633277,46.8409081333275,3.27171077613739,19.0232232621193,10.6292158748605,31.0521052047509,18.0488415502302,144.629317181325,130.195829588461,3412.20316044087,252.805456665876,21.6769217128627,,
BRA,84f27adedc5d2e2d6c288b34e6614a4a,10.559206890565,10.4196104809632,25.4722380514554,63.3774260476024,34.1514007013032,7.53579661386059,25.0645066387409,11.8934911981688,28.1109905726371,17.6241915760835,113.0332821253,188.362971766847,5830.76853465327,366.042687559145,23.079587283838,,
BRA,85606298e28f2b655e52f8ec6c3ad06d,8.40440258816347,18.2057499645727,24.1437593069706,64.231040498339,40.4032734998149,3.15114606183738,15.7818719681957,15.0431467672884,34.4475446773756,12.6762867609819,106.454386429426,99.6751784005733,3944.21274881445,547.562281879087,14.9268061161572,,
BRA,869832a3104b139676ee7fe786832f64,6.52692639682499,28.6098163971094,25.0645063431106,35.6909450819297,56.688364363909,6.5744227078148,15.1882332320271,19.0662066518724,31.2799465811448,22.0345309669095,136.20897394897,194.285077228657,4698.68442970657,398.030709719777,34.0732843433716,,
BRA,871bcbc0b43d1b55a42921b161190f1c,10.7039877895141,24.8538073035206,15.8734333639486,45.9825719665121,33.0708448047269,7.17848363560371,13.7424472991305,17.5658685195121,21.2667493559138,25.2242047232687,96.6482055531373,188.35836235873,4401.51807244023,468.317744628987,28.7289571684528,,
BRA,88d7e56785d22196c79063307942cb36,9.40752409016076,28.4449545290891,27.74321870471,46.0978557228206,27.874968674344,4.09604337787145,15.6298358219317,13.2288352936001,25.4680808700289,20.0231147139444,156.572159664582,122.923604119094,3007.68357664798,303.994545533692,24.2146730614108,,
BRA,89138a4e622b8e1384579666364a4b5b,13.7281088198489,19.2470061275159,17.0523314361664,33.0989044106492,41.5181253974944,3.84013454215623,20.0425874937216,16.7965918346825,22.2142068686694,18.6600692330766,149.71370946488,215.317552917454,5566.67048987388,430.913364831698,22.0323414906339,,
BRA,89cd236948a406fb969224745b70acf9,12.214345811672,19.8534903427692,19.5360103097373,49.7352868883116,24.6751326868266,5.80126389429905,18.1523816298295,29.1849989543679,15.7945180667559,19.4523636687347,151.953649773909,159.197272458321,4203.63585966365,290.417641753152,21.8441989925123,,
BRA,89d8cdfb03e78a9f398960b108f6791d,7.37144374560758,20.8123084788936,15.1422081466647,29.0109881680992,27.2059439659038,4.26931019746191,13.1367434605613,13.5829535857341,35.7743497366582,34.9605183309834,101.642346902471,268.196386111836,4647.2938275377,373.790526294245,22.9499558221397,,
BRA,8b1beede338f0ea668a268a420ea51c0,11.8017571149902,22.3545869331383,23.2594435632889,44.4760139658829,20.6839026145308,7.25075818369009,19.0486704500949,14.4542995914555,23.2537257126887,27.1057427844414,92.9734569825432,153.159886322757,2687.99783835648,419.261272230091,18.7314789897114,,
BRA,8bbdbf283b5356d50cd4fbffaa111643,9.37203118170375,19.6650851449614,25.7036842395452,56.2269516698873,42.8986657846789,4.57549330945086,19.6504079546118,16.9372019738531,26.1769196883761,16.8840384440974,61.1228982682425,142.95095898587,3530.65212546628,386.17336506852,17.5638288684988,,
BRA,8bc9b95efa171e1aabd981e42f8ff4dc,14.4880110347931,20.3646908811739,29.8887695383006,36.1431634261701,36.3555817736673,8.53173584189893,17.4307699037026,12.9460508588258,30.5836172573368,17.7743648173188,80.1098947751499,271.492279290503,2920.94245373592,433.433731098354,14.5074378488694,,
BRA,8c0624cb814a0259c065af3fa03b406e,4.78592285479067,26.9208217690384,20.1608967037823,36.0808777677951,32.2291253217498,5.36003674825897,16.3717534414085,18.7524641188617,25.7327093934055,21.5335288586253,126.230426483612,160.888865483288,3518.14669172005,625.809748142708,25.4476004745116,,
BRA,8c2d4653c29a528ddadb39741e0876cb,15.1333827120477,19.2794144911859,17.2877653834063,32.9439159913361,44.8180717952523,6.15904557581119,18.4782205449295,11.7650296728455,27.6168175269409,14.0294639768863,137.894918665118,136.790407126009,3995.0583274201,354.134338533484,20.7380496085152,,
BRA,8d48b53d475a5494ff39a877f90eee86,13.4992722725777,18.4060945504303,21.9232471860932,35.3744417101339,34.5846142645604,3.83781771278576,16.7512468283296,13.2794453685773,30.6695617405407,10.3899533607725,143.747397205588,261.195671264778,3606.58533332469,279.477933698031,25.9387949564971,,
BRA,8dbb616d1d73765968ede5637d2f58f7,14.0477401588135,35.3199381010275,25.0446592231668,32.7070882797815,37.5936246724478,5.36784522151678,29.9583063697146,13.1809409512396,26.7772113261194,14.7709429125525,122.24676468977,115.62709784345,3779.12556286065,361.10224756474,26.1898411896337,,
BRA,8f1963b00f741aff3da01e412fd826bc,7.90221166653916,20.5484523333257,17.4935451670512,39.300746999167,26.114858490689,7.20087803084799,17.6505689996103,16.3507467598991,43.8560038136117,20.1636174656955,117.372870856436,167.969470628177,4024.03350413867,435.733918694457,15.3415606129169,,
BRA,8fa1d2635df437adc7680ff684d07525,11.2070130086003,17.2205014291119,20.3559039262723,36.3029551757845,49.285225390001,7.88041579311057,9.06329808100351,25.2691074240349,23.170065949817,9.0875763769526,117.052041793209,196.226886935011,5535.9930720831,490.456476646784,18.9650268347562,,
BRA,91e6bf86cf5766408fbfe875c0589f2c,13.4041737921663,27.7865724541706,20.0843737692465,54.4048994385041,35.672410030202,6.54849058821108,21.0885683596332,15.5219387501201,38.1729132812044,24.5145093866898,94.4799255799274,231.92178156127,3710.62580218665,324.042993105519,25.7919990785785,,
BRA,9266b8dcd715485b0d39ac725e3988d3,7.56911711621882,18.6646241032813,15.4219764168885,34.5793687708091,63.2823584795964,6.18912397338631,12.0097541786885,21.3045439385833,27.0116122761861,12.5811121174908,99.9626198985584,160.557977348442,4567.36702467214,393.401713405346,15.4772957326693,,
BRA,9288e843086eff294273bcf9a7ee3c35,12.9488019031283,18.434322421263,21.7364327297416,42.7561946870097,34.1529358298462,6.45592608173181,21.2405366000345,17.5363340838668,25.1286389953601,23.4297890013372,103.506231954258,217.508793538443,3189.27093253364,389.098009993256,26.6655455180939,,
BRA,92a5151a2151249841d7c413245b2109,9.73960301345043,22.2010923199631,22.3571777071518,70.5151040124183,37.8366219958004,5.98122296516968,28.4782743378743,10.901406814803,24.7050495659675,14.2895833474172,102.514295216931,237.380646477141,3815.86741100231,318.196380548451,23.4924274024507,,
BRA,935185e9f6c00cebfff60accbcee6b84,8.76369615246892,22.8279549997462,20.7768487534004,55.0564603326836,33.7574306293578,5.87731326099749,22.4636150405805,20.6901245717661,22.7086661050795,20.4931900447732,118.255903185522,285.056554458998,3972.73567785356,517.861042440735,41.3204844246057,,
BRA,94cf08abdfcb672bcabec8a6b030887a,13.3561224579399,25.8100201496762,16.1344025365818,29.9201662647506,26.5105917009697,5.55262230265793,18.9353812627409,12.2816567536035,19.3735516541649,15.5009810559064,160.023893941826,119.512826598496,4750.24896596064,251.535161959081,20.9892791315587,,
BRA,94d9cb16b6314305659b5f9225ccb31b,10.9167460806312,22.4996668825988,16.367623941115,34.3370716486277,24.8989068182115,9.06559141575162,10.9194875008808,14.9935056575059,21.9947479589492,17.0974725088886,118.54454601264,120.741799972503,3424.69659960717,292.012189645573,16.7700534797957,,
BRA,94e4cbb99d402261f395a7759b675149,11.2376907580437,30.5212308865397,11.9359464011899,52.5957450050721,29.084984930411,6.07919239829908,14.1666295770592,16.5788729933203,23.2777626947931,16.1443822189584,147.494010516634,165.047772895828,4233.98011790579,373.759860683657,19.7991758812472,,
BRA,955bd28373ded0afbe2495ff857f7a9e,9.60242090314761,33.4414210711357,16.9669769534252,52.6611454783349,36.3196759815382,4.02519903284466,23.3938577734822,14.6487061497852,14.7614601089644,29.6671090352484,80.176618399495,166.775933449725,3576.37733057751,285.505462873219,16.6372752741702,,
BRA,975a00fd839cf4881236804e14ab8e67,12.002916996241,17.9104419441426,32.7864636095055,44.0031914546377,46.7183317781376,4.67979775230647,18.4228401432565,17.7746208817446,26.7936958922181,24.8954890643348,184.493163189639,187.249124326375,2604.12022459226,406.149124006375,19.4103918111605,,
BRA,978c16c2b88f99bcc1981a7d061049ba,10.1364248774224,29.6949866731594,19.573244559766,39.7993734918632,32.7878073546979,4.85514559081059,21.4350760057037,19.8872527989626,22.2215956320858,23.2238437195387,131.354388365226,219.124620289388,2925.59581634559,301.192432594054,19.0481603135514,,
BRA,97d9f28d1856d8ebf40173a677072d73,6.40819928567372,27.3830705608447,11.3298996743337,27.2054051429025,25.23283113079,3.27310919326743,27.3928300360658,13.9230269977826,19.588416130641,24.6075647660082,106.784511257697,188.709595927163,2923.82213993003,551.231853157812,23.5294681350604,,
BRA,986aa0b975e68297b3e6ff873ef141b4,8.2058321457829,30.6810109012316,16.645920135211,45.8268244145438,31.6676018845233,4.43368905548968,23.8860654723541,15.4227912596121,24.1326621124247,17.2687572499502,64.0913403280607,200.175123317495,3939.38647924404,386.013783732206,19.0666740676996,,
BRA,98d2d6f4cfea5bee01976b6f57bbd4b9,9.65966296783726,27.1946929126748,26.2668328787591,31.8176169918825,22.1013534068626,7.65071766743968,20.5717217197604,26.3202609189407,21.1848465005232,11.7702128821005,72.0009421229278,247.09594221303,3675.44924654438,563.662998524201,19.3868718387613,,
BRA,998b96fd7d0c3942764390fd3da6ae0e,8.8442339380143,17.4750885323168,19.7368353164795,33.8816103157857,29.2894623190619,4.46600472831076,18.3050041048037,16.9768297003945,25.6019407918002,11.5799156127025,151.344203701061,195.056706328586,5222.7757886556,363.232519126384,17.5685862910035,,
BRA,998fd18cc8b0cbf53c06bed032d371b7,6.94947548119222,25.6682461233123,28.3140785364011,38.4268735442384,30.9887974150711,6.24306769388685,29.2755247535551,18.7704096141521,28.7570429177711,24.5286263194727,99.9956802008599,216.295466007354,4827.72615091321,484.238502737153,34.3201504406223,,
BRA,9995dbc08626497022a043cb1bcf5486,9.7423330304184,23.1022345791883,15.6466361689078,80.6761961232923,40.4425645105594,5.36126106894318,21.2754639551942,24.5001509862406,24.072764543114,26.5421850614045,122.402543574912,252.749255068764,2930.45087790871,318.866401899412,19.3204209324366,,
BRA,9a53d07730550eeb55f78bde69412fad,10.6197711445105,19.8933732506505,15.3270859341326,42.2871798783634,40.0174778206836,5.64851194036709,17.6378703660054,16.0900714699612,21.2745016575503,13.0602893983003,72.3034977557654,183.049344297107,2669.69349394509,479.184830444527,18.7022740269823,,
BRA,9aca2c55c059362c4f5ce3a9e64b4b71,9.31985116654001,33.2727645326316,23.7328820939702,38.7434156351791,81.6878034569368,7.30800289525687,20.2396705201396,19.7385125655892,18.726011170612,19.8285428600546,114.815538839609,203.680382073781,2354.82242572356,314.98850399957,15.7138620899242,,
BRA,9b66c10a917a731cf11003d85a821baa,16.4909859456091,15.6346049145738,10.1789167211587,31.4448085371744,29.6479300492138,6.95229686647413,17.7999625714917,24.2319302375311,22.8900595277671,17.8969615926329,79.7178769972348,160.269794744312,3681.48146889417,531.496396833371,22.3437336846309,,
BRA,9bc786bda65301f1ad4bc71291f6eabe,15.6312165757731,23.1356427743946,24.4917687574195,26.4670312128542,68.0454142135825,5.32446696011988,18.3384459914538,14.0094265013289,12.1454355512571,18.6114385875656,182.104671896933,288.029125845186,4370.87143755183,448.32785927846,18.4690644605463,,
BRA,9bdc300300ba07f8e2ecf30ecbbbcfdd,13.1464047007727,16.9440545774876,26.6631420754669,32.7184036861885,25.0768359214342,3.77761732243355,26.8483481561125,16.2040740192852,26.2145761701584,17.5708377280152,155.54140164721,192.460752502969,2750.8299983015,406.380678076383,24.7260174269272,,
BRA,9c229841bd0b45c83bfc28fa070b25c4,13.4381044943913,24.3832600241637,19.5774495538699,46.3802580923871,39.1989626908543,6.26422188988644,26.5634497411175,14.111388402127,22.1630224448628,25.2584240223228,155.920539666798,203.16879526892,3549.66801346457,334.752970675099,16.013049617699,,
BRA,9c919e0473bf3d10cdfeecc99af905d0,14.9892803131524,26.106750297253,22.5808269255701,43.3787258202593,32.9987481491983,3.28334459747157,13.4996063049504,18.442836621545,27.4380536274159,11.7169454614101,90.648617250915,190.717168557692,3172.88935566276,258.064956730939,13.2300576063656,,
BRA,9e7a1f0e9dae58eda7ec06e6f2b46a56,10.2087060701784,18.9941098647978,24.2137442197444,48.7349217796022,49.1807839381732,4.99588473801113,26.494827878557,17.9064428669465,21.6210659917674,20.4214998347519,81.2282132576129,207.336418419666,3453.72854247769,482.697237838873,19.664787152983,,
BRA,9edd9cf61ceb528255d8ff4b2f7d4130,7.82591904879465,21.588521806221,28.5604846474571,49.8206192048327,38.0839923811224,5.44312642712841,29.6381202506263,9.5890102389731,23.6859900513531,21.6953810874432,136.297239221797,211.288665532295,3855.14599572204,451.12841257774,18.4306414315392,,
BRA,a056377843ef7bc8e00df3c4253bd081,8.26945420881743,30.0140521173525,26.8487697124987,29.1593779505128,31.4187056306721,7.2553501519034,13.3366860863803,12.1763774556329,12.6885754838968,19.8244485697557,173.871431702365,269.4001672986,2820.67729037789,308.800799187088,25.0976081720543,,
BRA,a06a55f4fea83cc215abc5e2327960f6,7.4841382491116,16.843101193789,14.6166739483899,34.7857985094777,27.0878556681596,5.15949235885393,26.3773707817006,21.5762324748188,45.7450374250208,12.5336111311569,161.474133131039,213.581502133343,2618.54422273737,472.414062402634,18.2358212114627,,
BRA,a0e570050f4e26efcb0f0f85263f72bc,7.40755988906745,22.2812659228784,17.4111633475531,33.3942295565173,41.4178844051678,5.24297035576147,18.72627907005,19.0022912444601,21.2345221260333,23.7936653055968,88.4161371886082,291.824907397378,3751.03691331211,532.351317734689,20.4305461699573,,
BRA,a1101f414614bc619a628f14b01c05a5,7.09685152572899,28.3951174127843,33.7371100638662,37.2534528950756,45.1318455414168,7.93096259641553,26.5329523018032,13.4388150007707,26.2364779295032,26.0225751058835,100.822748508031,116.583661132942,5550.17175205303,404.437577956248,29.8381329554189,,
BRA,a14cd218e627e91ed89b137308c0935b,13.2988930737231,22.7341900242627,20.7976548836579,30.869948697303,43.9706269355538,7.21129204960035,17.1082430472538,16.5535887814289,21.8525479402582,18.5996114008364,91.9267988818771,182.214432182202,5080.37788167706,520.841079032009,20.4902440438697,,
BRA,a1908eb57208067d777c01bcabf45552,8.17666196816283,17.6102223733568,20.0277172296424,26.6106953644176,26.3886202168745,6.46821548582608,14.714497628767,17.560658620702,20.2284181759,17.9102478843091,103.105526159048,196.687177283055,3231.54772644717,217.927795957411,28.3692450853244,,
BRA,a1fc709eef41d0719688849d3902376f,13.2284317673301,21.8652458749143,20.3254856026978,66.7428135999792,40.0919620883082,4.4189252002407,13.9448977922201,18.9487901642443,24.824438466073,25.9086460993191,101.695041088355,182.911275746836,4379.86919036082,317.792558072464,18.1029234895586,,
BRA,a261adadeb9ec3c0101963d7de565e8c,11.8217818648263,23.7468446236166,26.8360956578806,45.0685676233094,43.0288584580259,3.64653870943381,15.4937608875088,13.7911119684342,20.7211986216861,17.0589800654654,149.712738576912,219.270932731309,4846.96118271021,369.914595794825,27.422680230425,,
BRA,a29d3916c16ae32f377e463c0550abaf,11.3629740678089,12.167533788341,14.0957407457097,32.2853509380333,45.0064360111525,6.64441316861605,13.5333895835976,17.7700370917344,13.9565596153957,20.2731752356674,52.7231865972822,186.631934150621,2383.81329262138,382.136671534945,18.7050537644219,,
BRA,a306b14317e594706111b67bd613230b,6.83694162091535,24.3150398637048,22.1305785365915,61.2057503811302,28.7635430365124,5.61764630883555,22.8388108149046,22.6321797461712,16.1850171285189,22.1982007747044,123.581197895958,235.889747758394,3086.03364347173,365.174636981318,16.253823306627,,
BRA,a31325567fb34d87501ffa6f7268bd5e,8.72639373088827,21.2768216791892,17.5197848675977,60.0157922822588,49.3606790302663,4.20433155933022,23.8481511316416,15.9037594261358,29.212890517316,23.8623657355333,129.946470276493,200.887155398386,3268.84620559468,399.192979753878,17.586198907934,,
BRA,a40e6cb1789ef84fe2825e7ba51ea788,10.3719050439153,19.2329231045416,19.3587700798198,40.458205716316,56.8741066172338,3.66643000332041,9.50476677823491,23.3579761201562,47.6236524817894,12.0912582162713,132.582915257493,130.408626517517,2341.09651270618,480.46558476856,21.0129226482445,,
BRA,a5d3f583fdc0a9cfc31bfb9df038f86a,11.6141302335682,29.3708197042252,16.6775800767103,29.909809901864,39.1435265413353,5.10196014003577,18.5362198820074,16.885395176791,20.0695662966256,23.3541346785894,82.1864245042791,260.021624443025,4297.54329679859,447.452615045306,30.4307826811838,,
BRA,a5ffabd6e754fb82a7292c396769a747,13.5389623074811,35.8654041573127,20.8989169566188,24.0970490009298,35.1963717442918,6.34242069571162,19.8902738882698,20.9442719477492,33.9014529583543,22.2852384494179,102.599263218557,161.510344099516,4624.59931376783,263.819453828277,18.6804815411057,,
BRA,a66b6c51450fb370337259f0cfd8897d,10.8123922277794,14.3301350306839,22.1690916892222,52.7628167407425,53.6951756030482,5.4585464393688,25.8047635949445,18.4099475091822,22.9924838768903,13.1864734338079,113.532273023209,252.081380980373,3231.7454182627,519.079749813074,21.8425964160741,,
BRA,a6750c8f7265d39584a241a7d25424f6,15.4443385302933,21.3132655186348,26.7813789426732,37.5421621539655,63.367725527112,4.28059756322725,26.4663251388544,18.2849900810443,34.577360442705,13.4173683601733,124.673282276177,205.039272272486,2519.45126616493,485.774870274006,9.17260165008019,,
BRA,a69d4182d023e6729d19ef352af8bdf1,11.4603357698222,19.5419402983719,24.2942117133601,31.3958272358742,33.0213180236917,6.24336645115215,19.2931948569204,7.98773662723875,21.958938398859,14.8756893111948,130.375027244206,216.873520469748,2634.5685892256,360.489395121441,22.0962462566825,,
BRA,a6acfd2b9060fb29ee8a6ab349905d13,10.626699663781,25.8927682475681,19.2542876966053,40.7019723951734,32.8567000144934,4.44656437955735,19.4985239690139,14.514405406059,21.6102684282825,17.362374300089,144.334702471092,159.35153827573,4850.476661246,377.558623622189,23.8100990610664,,
BRA,a6ca152631c6f540c43b6dd80123985a,11.2806788227845,15.8061708851304,15.962914057612,66.4294415716088,27.703153048669,7.1873202801435,17.8908416315289,9.58572451586817,25.16750530223,23.7855579095577,93.7400312411677,137.735727975082,2210.86085871543,488.71349817074,12.4722004898786,,
BRA,a71ad94eb63764ce9dee468eecd05280,10.413675637325,35.9606501732091,27.4090444138658,33.0285741532984,38.3401440524108,4.39348922415682,16.2948535865225,19.3952631730362,22.0620438064421,32.7220859291874,113.647327883567,175.550843656436,3800.30660834304,497.279088395908,21.4290772464146,,
BRA,a76ef658c95700ec27a45adf4b41f786,5.48169155068674,24.5146005509295,31.6402215068866,41.4363161343112,28.1898144434038,3.87127462269992,21.2119632503478,16.2393368577658,22.6984775456526,16.5917525280905,82.3544305434112,126.646025257692,3339.76637594669,479.228891125999,24.1406841285561,,
BRA,a7c9b1e12cc58bfaa5ae44b0da6fbd99,8.86090580973673,23.8252373368616,28.9087578098577,34.2527597193862,42.1601473206881,5.05395945393573,21.3197729202055,21.1185501233249,24.221747231309,22.8149934543966,95.9532446177798,128.054771401011,4474.80171147145,398.757695147632,19.348949356589,,
BRA,a887868ba160b3b92bb8de34f947216f,8.39289904368481,20.6236644020547,29.3249387987515,39.849939850321,58.0405444042218,7.17911810049002,21.0884004144969,12.1688213574204,29.0266730123537,17.4579519144053,120.517814498351,206.841957496905,3599.1184486305,420.344243190686,37.6361767594377,,
BRA,a8a37b3a3cd2b27a991688a9b681a609,15.7253726254647,38.1397118368921,20.9433172935215,53.1405256801091,53.6987411003316,4.03902521717321,30.9585015571622,16.2013471494828,24.3489764654975,15.9739354571442,138.823202080629,193.110122658954,4352.91333414323,510.194729401385,26.4788016965685,,
BRA,a9237ed665e8f0d77ce9407c5a18aab5,8.94341846535168,25.9326499941589,18.245360728178,23.2471025876509,37.6372146822927,8.05029205229817,20.3686466850406,23.7247007917567,19.1856263798789,24.8448515217132,98.0076655017142,135.06226240555,5215.2391476576,486.838764521921,13.7985212545591,,
BRA,a9581be61d2a522d88009a965b8ab65e,11.6090568691891,20.4353430379111,17.5062657248013,37.2518442305432,41.6561549127143,5.2502372615294,16.3952775837307,19.9255555604375,20.5684357644261,11.3067824433749,84.6528101595178,227.831763125211,4645.09460135703,397.77651264186,21.1480137202613,,
BRA,aa3d24ffbb6e0d7fad05c3480d0892be,6.10962837149996,27.0333511132626,20.8671719241108,45.7504987950068,36.1490141907798,3.77678727133928,15.935142283671,18.5731709737639,24.4933751511223,19.2123363263542,173.282951656152,253.32047088197,3380.67314843162,533.953419697832,26.6235240104085,,
BRA,aa47205e2caf712dbaac659db163d0b7,13.932977211342,29.2580517855231,19.2457602686775,31.610889404083,34.0308237161808,7.29024864194165,22.8507778507568,14.084889283327,20.6599193111044,13.9245430249156,126.029308101059,126.088633960462,2916.14594863293,464.541336768732,24.0619735864223,,
BRA,aab7137ebe35ad4c8ccfbb3184243dcb,8.34500841528094,12.768255752952,21.1546889560813,43.8211565051835,23.4097282101477,2.32606927137387,20.0931322154518,21.9093583891128,17.5309258756285,14.6071525937429,114.70324485388,182.114404234811,3792.04634436282,382.741513828133,22.1283555566215,,
BRA,aad859f90639f2ee08bcaf585ca73ef0,10.258687103246,18.5057093445873,30.8880705392185,50.5582939475708,36.613664668287,4.14793750346776,22.1161488147288,14.4831545012926,20.0156592231048,17.4693525438868,91.101836607563,278.151975042862,4323.78058214253,381.547950426171,18.3093381399793,,
BRA,aae7ae2e9fc27580b3a621c4f29bc4f3,9.800017470537,21.6967744193015,23.4988063743227,31.4373791049857,47.2714474731085,8.23915740477475,14.7740942344965,18.8055848998507,22.4356789378397,19.5980127926459,119.388652884755,189.228995337264,2686.53062441706,414.609562473726,23.0637720602662,,
BRA,ab6bc29050968f30e9e66f2e9fb76a90,9.96060779286003,13.3980907528042,29.464601759982,43.129659041757,44.0733759538931,8.18370176633053,17.2568745301118,14.4416174162308,33.9654438488344,16.4077624804001,92.3493568893633,205.418800709582,4555.105942056,295.002659130969,19.5888144843939,,
BRA,abd7a75a10b628bb6bf1df57beed1519,8.01630794942621,27.7949462527464,15.6783412331595,31.3799743646,60.6500870400904,8.45187318495313,13.0879384944768,24.2335314079438,19.5701967192978,25.6299743351801,108.816391303251,147.085054553079,3632.79758369272,542.95629299268,28.5407477122873,,
BRA,ac15695de299486bf14fbea9cd3323b7,16.8275873916451,26.1044416628013,22.2403819636008,39.4378282192352,46.7644961707461,4.83817427476212,31.8190702046081,12.7787273526429,21.3263682104431,16.9044148697106,107.859400923642,282.743852653733,3961.99430229729,456.644560529127,23.5694772959365,,
BRA,acd644edc3ad04bb129df5f74f9105ab,11.5170817151608,26.9066220312499,18.6503561103074,36.6447346773443,31.9238061854982,3.73865448323247,16.9973022868465,27.4563853239166,13.6159106682634,20.6812466653079,152.87406260736,160.85950164284,3260.80919683864,510.201062770996,18.0452735612619,,
BRA,ad434366eb1177f79a0a931f8dfd95fd,8.5743433788359,36.2539169973807,18.013448809002,39.9510226697427,56.0489712626345,7.44563554264688,13.8459096141327,15.8926673819097,15.2312237065433,23.3295095289729,145.205142442578,218.388201625135,4140.52992257795,619.116389678915,17.2888883761766,,
BRA,ad5562958cb7aa81ae4d667c53d72483,7.18103091409393,28.1329654350313,17.6349998602457,39.3627416422424,33.7241909888046,4.78760046018237,18.4693058139253,12.7684196032903,23.4824854606767,15.5835243459852,127.047461263958,180.57015837979,2591.39354198722,604.25903786943,24.4001910846822,,
BRA,ade958db3d431ab2b5efbae147756bea,14.4246018206369,31.1414204230788,26.6322754036045,49.5998619335402,40.9940773560184,7.33623244904799,21.6161653592068,15.9336843170266,23.1388665112859,14.1402322465123,160.894698373667,182.454921317294,4475.1815581528,286.19665560059,31.0345836290169,,
BRA,ae84801e94b74dbaa0c562a3758ea8de,10.2040876990294,25.7837194361169,31.1325584254879,33.2275546965393,30.7684250872305,3.87079710370737,15.4503712827204,12.5624903257865,31.0652418879198,19.627485777112,119.326764981942,122.957478563256,4493.89689658868,499.296261405021,20.3520253937796,,
BRA,afc86619edf1d54ddffebe275116c68b,10.1521163931122,28.1478609989228,25.0013155756386,58.9224061585916,63.4034475096714,4.16854897104013,8.24213586270894,13.4589442809523,24.5394289018321,14.8291667559647,163.210587775022,224.333114667675,3334.52273924724,303.420454899074,19.4036766526627,,
BRA,b001a9b54fbe208a899af0037ba141b3,7.99278024395413,26.7752978913454,34.3518274116359,57.091816449015,46.0722025772711,4.83653517794555,25.1703358424581,18.5510191823572,28.3544026001603,12.6518500466908,97.436529646447,159.978130627973,4016.54165028595,496.979069974797,24.6178505260769,,
BRA,b00b6662319f9f1377b5fc6500cda5fb,7.1225933714018,16.5168885316431,17.7271702327795,41.7285902076114,34.6661008085484,6.08447660249528,23.9228897317912,20.1774602916361,27.1242708145649,21.0880664086772,148.304643422151,246.053584763089,2767.1425563732,578.893472080421,27.0734718460128,,
BRA,b0b67552372e05abc1003852ff355ada,13.4251296201523,27.6616110310111,24.0439077808007,36.1908738038526,58.2986474108635,7.41352111999332,28.7669119194689,19.9071125068088,29.8293326686811,24.8157041251319,96.5976127847668,248.062503990507,4376.51900365162,510.121302307783,20.6804946304736,,
BRA,b0baade83b9a7e1822de87f69b8e8eb5,10.7440571114076,18.0879387535161,18.0173964847382,40.9393807295276,51.799433176726,5.8946346736902,27.8035415306376,9.3462928962409,21.3309119286519,16.6174365690029,72.8426869711531,200.960572263188,3801.44165728856,276.111580029931,9.90140604454471,,
BRA,b0c477cea7ee1f3f8396d35c9425464f,7.26208170495653,23.4167888610301,28.9166916531884,52.1534752537659,49.6533498473437,4.89065292043171,18.7460224714628,12.1172557499602,32.5933594227151,13.0274782459686,101.580902829461,321.506243432878,4235.87887528656,424.043641721612,23.6116627693576,,
BRA,b1aadf566f727163486f0abea3bd58f0,12.319751147992,22.7724300453512,23.8520269759414,30.4909812180586,40.2724412019414,3.32239760840798,27.0656309821535,17.793619420575,31.3708174567908,22.3788871093718,85.8903166211398,241.036583044567,2939.66557547034,493.116301336024,17.6595524607064,,
BRA,b1fb0b853bf5f95993c2716de41a5881,12.5566535187796,17.4571238044196,24.5611629244746,56.9239318807416,51.0092686180214,6.09179787364872,15.9429499695609,18.4569776745856,27.9781577924524,13.9305294545701,99.8907735416294,178.705985523754,2576.00458193697,432.305080717139,30.731178943445,,
BRA,b2223a732fc504dfe57f370508fc34fa,9.89204161327163,17.4733867711531,26.277224851355,53.1998509158767,50.100709763713,4.71094364018066,15.0598537538303,16.4073912517569,27.5256445507213,19.2401447823091,73.8630126137544,152.825452746463,2969.00699752666,314.487124010204,19.4467653087847,,
BRA,b2855878aab28df4ba1db9364a4a7084,7.12438455490072,27.0545707944693,23.2655641654838,52.2037076566077,58.6638978718549,4.40483869062235,20.8349738008425,18.162411306624,18.8151801526623,25.2251810396049,122.566130274,170.069111486057,4676.29670440207,405.382114610441,20.4485871519638,,
BRA,b2b1837ca1086ba7ae8e46571a356f62,12.0965161257937,13.4564342141433,18.9576220960817,34.7420711851633,23.9976925989519,5.21386682220631,17.3939803429452,20.5037810449491,29.1401955669151,15.673393124665,120.86379279705,220.20122384092,3199.8700325059,255.691691218484,27.5827200645559,,
BRA,b2d9382a13b51dd22d698e5151ec37a9,8.61156885445874,26.4404681264474,19.5087583978867,51.1531024405924,30.7782255996034,6.08900406234815,18.1563085061997,24.7716372740051,20.7741059316068,20.6814593019203,117.534710930857,203.970825005192,3183.59387203342,292.06633046691,33.2597923097891,,
BRA,b2e4a3682a34d05c153fc9b74ebce684,9.79655549094743,19.3938380321907,22.4693168257555,56.8411180286925,26.3072100974646,8.83679472554841,18.932255574862,15.3287516888743,22.9419781009013,16.6024728922995,105.243543445913,177.464267994955,2673.08532185661,404.40316157285,27.8038176435091,,
BRA,b2e6e7107f5b9483f4ce27352e123b72,16.493483375089,25.8866688803127,24.8575717941587,42.8437310241082,59.0940225380018,6.20535943744014,27.8184617481507,12.993772519862,26.7446310151538,13.3483280788399,118.748672519753,238.794316203445,4275.46139431929,392.413126267417,25.6495027269669,,
BRA,b34f28f303aa84f813b00e29272a59c8,10.1529558917459,24.0331993978507,35.8142931412752,39.4766598399968,35.5909545445659,5.08908427516384,19.3006500904487,15.2757569497762,17.1528648211885,17.4059362970404,134.452445232833,241.202424159457,2225.13252694399,287.991954573683,20.6331979928979,,
BRA,b392f0cc4c748b133486fbbd5de846f5,9.03145689955392,18.099886840781,19.4225296132776,35.4670862859677,48.6191320002699,6.42355244197613,28.0736319900204,13.2805234264112,14.8195947978171,17.2111674282827,111.411393244365,156.713221618255,3454.27665627156,389.150078030622,26.4642082394006,,
BRA,b42411b8dddd702b826398608bbe0a3d,10.0565507071291,23.3386842992718,28.7139238838322,44.0270007156413,55.249904352972,3.44401514642433,17.1481244327049,16.8508325943824,17.8169768726398,17.6482914128079,170.672010767155,233.265823628787,2311.56275334833,618.122307505905,29.3496315984771,,
BRA,b4da53f3c812369f7f3a2bb6ffcc0824,9.54358536339493,21.793363338643,18.4404617808673,49.200565102422,38.0029571207787,4.18874921661008,24.8318675869065,12.4080358380146,26.5169790353631,20.8500994936993,118.428448647229,143.690956620497,4540.41421905408,448.67261278483,31.989706378189,,
BRA,b5a0ee83adc075f578adf07fc46b7f2c,16.7784077971765,43.0781624930796,17.4571093308197,61.2769403669287,25.4118018147242,4.20880949479036,11.932076920775,14.5092895129384,22.2047668113553,21.6634110879353,101.144239604172,259.388109208785,3059.24505258614,321.916665086433,26.8678144025005,,
BRA,b600d9f964568f9bb320189b136f475c,14.3508299806895,18.0066069165432,19.232907148062,34.9834528282547,36.3485234324536,4.96300133320029,21.2494484466106,23.8649731775561,27.4393419884332,18.9320379924785,93.5112510508431,240.744448875009,4046.8221368965,290.94133745623,12.9545541181184,,
BRA,b60fc760acb6b2eed0e77f8a4ef9fa71,12.5114141508857,27.9757658793449,17.5774019095749,43.2767472122977,32.779729089054,6.17273038355199,27.8181510773117,20.1736959325978,17.6782584094622,23.9603791439656,106.488601168542,147.16764152198,3303.3014603968,298.455256067633,23.5826935345956,,
BRA,b6167e1b22e1d3c8f1b3abb0e1ad41ec,9.68019115027883,27.2661779588448,22.9053875492451,45.9545144305001,57.8269359913792,4.18898618118461,16.0566235565082,17.8954363648755,24.9668859533602,19.5206732767293,151.262523711893,192.373408057131,3019.88412262896,486.836449682817,28.181003579254,,
BRA,b73ebece6407cf85f92c781ad688275b,12.3371347478701,21.1264416499244,38.1852009455577,60.9448596666701,32.3459271131606,7.35376253431082,16.5885068481782,20.7979002821672,28.6889884513725,15.6278567432808,119.909302951206,318.970212492553,2552.57386031134,470.944845846724,16.4324464235583,,
BRA,b861188fdc93f54393c71013e521c880,6.79356065107982,29.4443611614084,21.8809926983215,31.8621507688249,57.8706041053331,5.43419781804686,9.80668554816527,23.5884314856622,25.7015036292056,14.4323420249846,98.3953151613101,223.510875328619,5262.24596421653,380.871038121195,23.1009171665995,,
BRA,b8b13c3a363c16d2216d3e7aed4c3b20,14.1541519058919,30.7170174501905,19.1093895630568,32.6007354964634,21.7497268526825,4.21949828481841,17.4325347416031,25.4177718163936,24.1575922786229,23.0804091554434,97.2403355444339,226.702138077596,3599.94420049327,454.415336467176,27.9256395717747,,
BRA,b9503085eaaa4f26b97b3ede6177a40e,9.21624535450113,33.2632302587585,13.2710524062373,46.6486416110168,76.6504000903371,7.0693748732273,24.6183178626383,15.2352335835101,21.9388311920534,16.4291798349256,124.794292454524,139.714913945567,3334.90340553327,546.208802184223,21.2845184992078,,
BRA,bb60fa5ef844dae0c449f5d721441434,12.4232142389996,20.2286272225181,30.2073275191271,47.3438596327743,27.2831245146581,4.12160169261733,29.8484765066544,16.207282749499,14.2033933982882,19.9127304475911,160.725729391003,167.924072298397,3643.57581447798,315.549000848757,26.0687366318206,,
BRA,bc2cdaeb6b22bc0038c81918a8be6616,11.334312927039,13.0792657106475,26.3427617113628,64.9354541484409,36.4170251479503,4.37666230039707,22.5779173500707,14.7406670744256,19.059134461217,16.6206694273133,176.357935859017,156.378857720927,3845.75263733363,328.015276825978,24.1455393011365,,
BRA,bced2f072981f9f926b2408c66d97401,6.07445964546291,29.5090519179735,33.8102347805979,39.8813420223151,49.8917239045508,6.01724196430357,15.1856249148013,10.147068860366,32.4401416421729,16.6041034923901,180.37240320648,180.922815086625,2576.95880993053,325.610190755526,27.8016263916926,,
BRA,bdec9f5fe1197f6a824c16854a497157,6.52766567791156,26.0689921040379,23.93825822376,40.1892305367215,44.1572479391341,4.63473297708064,21.2522862352606,13.3867220317619,24.9748174688725,14.2250453743654,139.903860549597,200.736198987004,3736.25455873792,503.418974137037,31.797786997146,,
BRA,bf47a60e107d1842ffe27e90dfed6b45,8.01832113909761,27.6019750888544,19.5063269100188,68.4510110522483,38.6040420963336,4.24675591685998,20.3469178160471,21.7432760021969,19.5388245528725,26.0330275602855,158.04502503438,154.910072262477,3443.36267962614,363.456902599112,26.6351690699752,,
BRA,bf4b29fe603ebf6e284fc5efdcc3e655,8.00977827785084,24.3093762041523,19.5501534371024,47.8305610340428,33.9528784910749,4.9886034754281,17.2717203147996,26.1910161097118,21.0321143032317,21.7565453385267,128.180196952503,185.928187570428,3375.58277575341,374.142517990142,15.7461718502466,,
BRA,bf87667747374e845bb8ca097b95838a,12.5446202825582,19.0296502976886,10.5593568741806,35.2703943278736,39.4906485625868,3.26553344637748,17.1275854457591,13.3612192525367,21.4360861363489,21.0326732818769,112.383450307249,224.933487772854,2193.10461216681,373.27838801996,24.0067467018905,,
BRA,c005ac23b8f760d66dc3b66fb2655427,7.29226868230029,23.7056480226779,23.2090381506021,50.6305761732744,21.0581537820846,5.51672654346648,13.4036472026728,14.3272806667025,26.8413899384113,13.1381191042483,136.935182100535,227.015986591869,3369.95521661561,364.276533146349,20.6409017763632,,
BRA,c018c20bb358ff184f9a3ac13e5e082f,7.43921525537942,13.1339030206021,15.6521252083767,35.9296029774584,47.0955361123056,3.9794276338692,16.0711065385913,6.27897594163575,29.0726083906887,10.8981303658966,118.798010860465,194.610543576042,3974.51883308594,396.496018971283,22.1650274465957,,
BRA,c06b58d6a5f29027fab0cc49e4aecff4,13.10958480035,33.6149037305097,32.2502981190384,54.4580062689073,34.6737114856636,5.58716562012193,20.2080071553685,10.5424698942831,19.6454849140249,10.2364974285664,82.8682734455467,237.27774922906,3395.3829868962,373.776445795083,20.1595781196693,,
BRA,c091fe5228ba3564700918c5c9200dc5,14.7320342797725,27.6462514454766,14.1342106258808,46.8722949360536,29.3533678077158,6.63655410266084,20.5514624461511,27.0442410303127,18.0452932252748,22.1154063565687,94.9939633160171,150.501135488732,4497.28261165092,336.653464757353,16.471155188366,,
BRA,c162db554daa9817ce3aa1f86deb70a4,14.0274792355726,16.6095937838882,11.8527630991961,19.8658681765599,41.7954560316164,5.54983681032234,20.1989864594932,10.4449168679578,30.7487666233794,25.6770060016896,116.469712158957,170.47603593953,3952.76502974382,405.470485217015,16.5398128197925,,
BRA,c2ca3ad5c66f107b7a944dd1b21c8183,6.53229898041759,23.0484873820306,17.9829936400234,24.4526628480782,53.7660590880764,4.88797005113395,10.5650659185576,22.1160028155634,19.6579166682527,27.6487979706154,71.8996001519199,195.50529416491,4700.18983828009,232.432608661603,26.3901079347211,,
BRA,c399214832664f4270a4c637548d0807,12.1514583042432,18.5088973979052,29.8593551156841,40.1136827260212,46.8158189571827,5.54142116466504,20.8146691949701,18.2960742947641,33.3308540053788,20.8338919423014,108.996246289313,150.846401992454,3914.62007534378,517.4794431323,24.0928098264274,,
BRA,c5a4830ba6a67c4a45e4bbaf411e206a,10.548058055792,20.6091856329028,22.2981885853451,40.9572850756491,49.1204258856583,6.37029420378859,14.9207777679307,15.3345683540761,26.0131992199005,17.4845069507486,135.235018438752,250.332528202644,1967.29174242982,228.764853570669,19.5469480559421,,
BRA,c5a7c80092be76dedd3b2f590baa5fd3,15.3035478267647,18.735071192363,23.8909935365624,45.095557012651,18.8538616399312,4.68623728274985,14.4552962513271,24.4820269293282,24.8389538700469,25.9902352531764,108.941175553011,253.355297483678,3324.1627071074,426.004131755232,15.6282579984126,,
BRA,c5ce439bffd2385cd4776453d435a1ce,8.53925367548978,18.3169692393114,23.1067427541521,72.1009324587556,51.2449810462066,5.72975176293836,15.9428092302454,18.2554232487063,31.8648384222412,10.9567621519494,70.6556525320506,144.812898480497,2467.45388239157,616.76092941464,31.7018263092598,,
BRA,c677873b846f5c433259447e148ca2e2,8.25866739644138,29.9550713498843,17.7218399822599,39.3336014323876,50.2603020174565,3.80238793634593,23.7351903072714,21.1861639284775,23.7723774599956,24.505597706864,179.671750707434,215.303434327411,4296.88272245515,357.082603552969,19.4324463602715,,
BRA,c684c3449990ab90ac71260e489c4d05,16.8676488728108,16.5723644658784,26.5721800086291,18.3760792591038,37.3594550545787,4.26212258135263,14.1091951673011,15.3194515011538,23.431752841664,18.7175871231846,101.526672711348,106.631268052941,4500.0475900654,329.829544736744,11.5398852584552,,
BRA,c7ed375bd607416380ca087997741766,9.71397246854317,33.9074040633825,20.9478458211941,34.7525308200887,45.9055876174304,3.19788666372713,14.0948595942962,16.096572140812,21.0694730990912,20.4791413556533,96.9955305379434,187.63223876274,2941.57207106202,587.43614800533,13.4372101321658,,
BRA,c7f90cdc2bb21504cc0e3c55c7fe787c,9.12786649858565,27.6196800006922,32.5988336391209,28.8014857952266,53.5383973013133,4.49872593051198,24.7628748816454,10.000138922382,21.2338115733685,31.0019468627545,150.410785093317,164.251236272305,3906.70287748092,504.613558038279,20.1717062400883,,
BRA,c89fbb9fe96b083be03e986ec2708093,10.5683265899557,33.8784288445442,27.0911399605835,26.3914799314337,21.0179949911847,5.689694620473,10.2261293630901,17.9321381302865,23.893994970636,24.1489174998166,94.4374922453542,209.702433211385,3975.02213980942,535.759881148362,22.801513262377,,
BRA,c8aada87a7748a64c926277b8101bbd8,5.67614122856084,31.3491901905956,29.2550657536025,36.3224452291522,34.9404895575333,8.59397725219858,19.0956765790263,19.1303590601886,18.6875102666283,28.0506308387411,127.964253791608,140.033503124738,3988.4717455719,495.390730958844,13.3155802664746,,
BRA,c8ea7cf4647b0930a84da53f1e055ebd,9.78917304628112,23.1984778777248,28.7593854884404,37.3507207653477,52.918149669498,2.53318050181554,19.3954257110542,10.906900304631,27.5058797794872,23.3163833839262,152.896911622698,190.568627177886,3576.53873124814,324.754419824219,18.2331015416221,,
BRA,c9f406f3b7e12a76c5839f322a5dc093,12.6049213867267,32.4797234419431,23.149064779153,41.9946314927584,48.1952501844967,7.00331708124963,15.1179152413113,14.9462128127342,19.9692057755377,24.6974019796961,71.6850201400832,211.350733114455,3033.74495685641,513.171020962549,20.8964522681739,,
BRA,ca2a860775c0aeb3356ce726e73fea86,9.52803832263776,29.4873458215171,17.174236461741,69.3403572150999,14.9442199370028,6.71565158218134,11.4290550630558,14.4075567523492,18.1548133296421,20.112499471753,103.597662446189,186.291591857443,2987.83525590783,438.53384763058,16.7277096308582,,
BRA,cadc481cc5cd51be3d3de950edab05d0,13.7331032272092,19.569894668044,21.3986344427957,38.8652813510663,31.7244132689718,4.47577504456734,16.8040606098175,16.1641848577063,22.5069065692435,19.8704412028902,123.390053981989,176.128107862098,2530.4692410447,332.057649670757,14.0004033644183,,
BRA,cb31c8c906d6919d738613f87771e0c2,9.366899849213,25.1008573020399,19.7763428283096,34.1702269976177,27.0618932190434,3.63013879789163,19.9361802085567,19.14103704679,14.5368166618646,15.1858587327515,90.1570886170933,131.489383923885,2668.39003747865,551.687336386608,14.841693700194,,
BRA,cb958fbfd4dc3cd70d1389c47272404b,12.1024040252147,18.8739828244342,20.5294956587208,48.2509699404432,39.2050549384307,8.34028462798317,19.09746073749,17.3880436749163,32.1337146558033,25.8643482000542,66.2209338858275,183.932878764316,3614.38746750333,331.405165033116,18.1730263805887,,
BRA,cb9c6363ea24c78547ec86a734cfdf7f,10.9046199508318,23.7976938400163,11.4658344959137,47.8521592425391,36.9471500717787,7.20873426804503,25.9979242834446,17.4520823723715,23.1192530434144,15.0674502471025,98.9361720168728,201.188497986357,4919.56600117323,215.774104904241,20.0699781227819,,
BRA,cc454e10de6b78f8472fbf4da16af616,11.3257214084343,24.0735270279494,13.9731514253727,45.1928583782217,45.6585971033937,5.670337234004,23.3839347536524,12.0688825769534,21.904711154746,14.0501528149139,100.947765169039,180.618453202916,3737.31127087026,542.727897381024,15.1370553530072,,
BRA,cca058c2447c23d233d671afab0b6bd7,8.81620135227843,24.9649075160903,30.4146235333748,39.4033498441489,33.3094270710932,5.37733305699193,18.6033000729545,17.2017927848669,22.2786940263521,19.8682173123138,160.722937636602,223.01884696837,3525.07349558869,512.215321726197,19.5261196722494,,
BRA,ccf4eea05610e6a7760046d3f9ac177e,14.128852372386,29.8665263022858,26.3772863203831,52.2994979860383,58.7500664416889,5.50719376338734,20.0328363793618,17.3728693513058,22.4729791240619,20.740401490364,146.995279969171,87.7917192758983,3434.31526874623,284.184377946789,29.4537245195088,,
BRA,cd03b4ec0cb3cd284673779ed9b426bc,11.1274477160973,18.6032951927535,19.0326455113388,43.6800394917391,59.152704907898,5.79960490681395,15.2696345488588,12.8722232052046,27.7217915148008,26.9720261208976,121.050214494974,182.095999114206,4175.94771079714,507.39829261016,16.889234375136,,
BRA,cd2124482f0a9f667a528c8f1392c8be,13.6897014589214,19.4391913999076,29.847611976724,24.6450668440023,60.9182483714455,3.55681445178188,16.895116827046,16.3861525724034,24.2677544074982,11.4943789053209,124.406057650173,245.462834065847,2788.46003410373,336.433148679834,24.4147461384042,,
BRA,cd4c5ad80494916bf1cc5912630fb732,7.09301475572459,21.8043628246452,25.0712679113138,57.1470696943008,78.3116128113517,5.67061060337794,28.0051623262225,15.3619171172949,24.8057136740786,25.6927169645478,82.1868395466821,272.138275037018,5159.09608540085,331.442076652336,26.2460807473595,,
BRA,cd7d23ec189ca4b52b140878688545af,10.5876362590961,32.1648037190952,28.7399481718979,44.5994453331343,33.8377644401363,5.36894791235697,16.9848488944987,12.8483583746018,22.6733215384037,22.7890313408984,157.172503819729,273.688058016512,4306.9281812956,486.520002253825,27.0361245936871,,
BRA,cddace511bfaf98b71cba539828f48a6,7.81977352536227,16.6940049059023,12.4986053021285,48.9498605373432,48.9871920799967,7.66744492842649,19.2505768770583,16.1939377062418,23.9008958714897,14.7592890133462,130.430144775349,265.909538748909,5172.91910215303,313.224599300057,18.3823371600164,,
BRA,ce8fe68fc687c9a3e135d13d789cde4e,7.51409294015207,26.0343373365444,23.8342342663243,32.7064013618958,42.4732687508226,5.33609071286432,25.424904848473,11.3947011174176,33.7383576479578,23.4454659839737,75.0489080568555,217.30194159855,3878.1010295252,447.668908734595,8.81751684808525,,
BRA,cefe614cd2f6c354fb2be800e5ebd6d2,13.7344887996075,19.8875433212634,32.3256324665828,40.1073543814144,36.6529722402257,5.93931969284722,14.1982789132176,13.6362818410804,23.3036936861364,15.7685910320696,97.9820432023161,265.567073718331,4014.44499629781,378.871060860438,15.3726341644259,,
BRA,cf03a88bbd063b980bfd09a5d03969fa,13.7712522838112,27.4395997641015,18.7751588163498,44.6609168525186,63.1534131440559,7.41023179432094,19.7227433579795,26.0835303807725,18.108054815553,19.2793000657092,102.950638729871,193.948103904348,2724.00216332302,427.533216837963,20.2568567206112,,
BRA,cf4e7ca99f9d63306f87d3346ea31bce,11.1221089359974,30.8716490581655,23.0054731191339,58.5576985547498,64.6772946816539,7.65749831823209,17.4912642987106,20.1296227332394,17.7483720934324,20.3282836554683,152.163477520794,138.039540235381,4149.24845607474,514.215790924194,25.8485745331178,,
BRA,cff494ac336e5259aa2362550e4c31e4,14.4495512800266,24.2692827054243,17.5714165262695,45.7288864091383,35.9968212732207,7.98027875725972,24.2472202427366,15.366298678859,18.7652631393011,20.6214920543339,207.242496686031,274.734092108195,2858.89108878159,350.999854642017,21.0053822349611,,
BRA,cffad5aac23b3117ab9aa7474fd2c954,8.11694668108512,17.5104993901875,18.7801887861798,42.5824107611199,28.023340346022,6.57354386613969,16.8782326480258,15.152612000094,15.8885394706838,16.9198274674924,126.017880919391,295.507388858281,1960.31085924285,315.881251930573,23.1189519675423,,
BRA,d07808694d726e22ffc5c62bf3cb49de,9.0874150454574,22.5942278339134,22.8072934455173,20.8404813322154,38.7071910744301,3.32409998005655,23.4137586984087,13.5213540945771,22.3713326607167,11.5612165107932,126.721977752575,239.095353603269,3733.69832424409,483.673210015785,22.6389218523283,,
BRA,d07cee13882b3725e2904931818d2df8,10.6563132466788,20.370748544692,21.5003614203328,37.0470512595453,43.6634420882238,2.98652084266092,22.2057757792796,11.4278164217211,24.0790233268532,9.45960153853307,125.472664016356,233.566575622706,4128.02442928933,446.559551326032,20.4013787727304,,
BRA,d0f09ef8675f61a50ba32ed0940e08e1,11.4966212080599,28.8394234424147,25.1636950311412,40.2517218947106,37.5978778382407,5.86678142918904,17.439331071856,18.7443095598516,25.6295765989043,24.8846810469674,158.20542093818,219.892381747708,3066.22323420964,545.927161369887,31.7267753041855,,
BRA,d1487b0e7df942aeea6eaf0fb8c80475,8.06325625217333,20.5148346887236,28.7507456628694,58.8352232960526,43.0934859418639,6.08485746471503,18.9793487636285,17.4485765022182,24.9240382393523,28.1653450745128,108.574818424355,264.224136579436,3391.81708996363,454.246214000337,13.5740450584026,,
BRA,d1c928f3fb4fbc7f6e5c0975d7f42341,8.70793660974842,21.0855980977468,24.3902208667712,20.2743744867508,36.9525876763388,6.18063084868164,18.4747535006616,11.9961885017787,21.7580307267903,12.4382513682549,179.135392119374,273.984757584205,4947.2574172367,479.264375889492,14.6406641672067,,
BRA,d1f4941a4fa07c1316b429a0fdf29ffd,10.4523401104556,28.2750793826226,27.126352456333,34.2637975951913,29.0445786743397,5.89265699261347,14.1945212554792,22.0631644733064,31.796664048587,27.4199785037219,107.798979506068,159.529444082773,2868.41949907178,436.501908209969,16.0902506875189,,
BRA,d22db79033faf940d3d675ad01640bdb,6.31443871661941,25.4592014077558,26.1652443395215,38.9551287516894,49.5932834702781,3.85734956980504,15.338324299895,16.6650545083292,16.2496301408716,15.7062980827448,103.968362692447,140.342604173795,2959.0957517474,257.524009801928,19.8252606810164,,
BRA,d330930ea63f29068371bd2c7ee95e42,11.586651063178,18.196470594731,16.6754431571109,46.261882488507,43.8945576780523,5.79620785014362,21.7035755157764,16.0873596680808,20.0393832655036,13.9257732225699,92.8335342117551,215.078170973999,3865.39490749402,376.4823656873,28.7618865616647,,
BRA,d3743a6f37c36e225deb0e8874376234,9.46075762850999,28.2896083020686,24.7396174225465,26.4400222256925,37.5790027225964,4.2398133087721,11.4976849971641,12.8076237493454,29.4262987211489,25.0395220939117,91.9601401270315,282.198200896977,3121.81158005907,513.987826230885,15.9543011315254,,
BRA,d3cb25f43a2588f486551bfd4a324ca8,9.46609396375747,26.6429343147932,24.2043260235586,32.9679580382091,62.5983041265288,8.57565973471009,11.0211824224989,13.1824432106785,27.1756586521561,27.2881394340008,93.9500196403711,155.386268905963,3382.92576538618,322.014118888881,28.6938823574516,,
BRA,d4350680bbbb0833b101ac206053a43a,14.5532343833243,14.2348266934322,21.9495399577658,46.4745951506721,46.9826432372823,4.77305192696946,16.2832813562364,13.1306673012807,19.1981776213486,25.9205808155309,151.862268391653,270.280340670023,5042.4408492927,354.608188586784,14.5729792020191,,
BRA,d48c17f215291fde8c5ba57700d026e2,12.3883133035894,35.2634800808657,21.2145792826176,37.9119383100926,51.3471904448994,5.48942554560375,18.4984396516825,16.5731862264728,19.6148447297006,20.964097909781,111.4966151387,235.250992793117,3179.30067056869,397.249656311572,22.0037591292411,,
BRA,d5865c34566f6a6ef562a8bd4c1088cf,11.202742724919,35.7277724618814,28.5953790942638,27.6647279145313,46.4470913952026,4.70046348884578,15.5628137914205,17.1034114395763,26.191626911568,24.3306399847554,133.743179856424,207.206763889416,3076.38066978048,372.088062924305,29.9993582015359,,
BRA,d5ac67a0dd6492bf191cbea7fa9b7019,12.4315596175797,31.0760512462422,38.832465879199,26.7187873521275,31.8278342815213,5.66850837323246,16.8092450361109,11.7160907235354,11.0443018811232,16.790611563545,87.5160655717719,263.586669917139,3192.1396086119,475.419364290591,21.0609307010579,,
BRA,d6425aed97ed8743fa0a6dcdb3c39e29,15.8483496651264,35.422483798809,28.8375163437968,34.9196206836794,52.8500303460265,3.16293921123504,19.6983240559523,15.4855809743515,38.8329567529772,12.7283119244657,82.7976127503759,158.5867081316,2916.66633836367,484.936002822089,25.7206975926962,,
BRA,d751708b5f1689bc38e4e7df4a253caf,8.57262522373122,19.7023586172981,17.070871293768,39.1474545340464,34.5783387568038,4.19856082984769,24.8190857003807,23.0414783438625,18.8932646916408,12.0862892134969,138.80513648314,234.635377423986,3764.50529599671,621.731916480623,29.6252466525973,,
BRA,d7b61771de974a042cb1e41b9bfe7929,11.3462566147635,27.6807947794456,15.0318294323044,42.6322824521777,27.6676385484011,3.04173358269516,18.9229803690288,18.6480456733466,26.6781790659735,24.5899184852198,58.6119295761342,274.311699906008,3123.67108956771,307.977432630806,24.6930176103594,,
BRA,d808f65ed4fa8a8821c464501dba8391,9.88748313400862,35.0943098623239,18.1138930290771,42.1340896038224,49.2678638922794,5.211457568305,23.4503240469106,18.6666464488941,25.4529241272884,10.7855814599403,90.2012782183886,240.154266658823,4121.55276485235,336.455314278429,17.4208238581723,,
BRA,d85f1273f19ede2aae9891628661c2e0,8.715045151315,31.1427139514694,18.4924511782464,32.6168921852816,38.7040207177247,5.15106409505625,19.7152930044369,23.1308939919698,22.4570323546614,16.6314713298728,141.167648623129,214.653981492899,5264.32496880717,227.407880225453,21.148194924033,,
BRA,d86c6510aa5781ce1a0cb831d414c43e,10.8436291925361,15.8507445479884,30.1952823264093,55.1149190761166,56.4733902162701,4.84286322347182,19.1199356547158,12.2869197062763,22.6002881612215,20.1023997994285,87.1661431208484,222.437381328422,2017.20023271561,553.820705216851,31.4711125023195,,
BRA,d8d1a5526bab1f613ea97a007a952fce,8.57579176948788,17.4112479211511,15.8885948858164,37.6495480142534,39.1687631426946,5.07372050548535,21.6371408886237,13.1870139586819,15.7907859949416,21.0048513846843,112.079832722766,122.261915484688,3579.97802497832,363.362640485584,19.7924537572535,,
BRA,d93b19d01d4ab7e29e73159015c97905,10.9872387730309,23.7377205413403,21.273871960615,28.2996785900856,27.6020435069578,4.58959532149138,16.9597535493659,15.6329240017312,18.7035574017939,12.223662362382,71.0255767089089,211.450682673127,3351.44952458291,321.600466750066,35.5961331674724,,
BRA,d9575c067f13beac7960708ea71f2db8,9.18772400659122,20.0041841836692,29.9392924117073,28.581657618791,50.0076912096155,5.33097122445711,17.7056500208275,20.7790944074988,23.2867064131414,17.0803695843249,101.436408232624,205.273685814606,3610.86966204771,280.850839008789,28.4542550249321,,
BRA,d96a472ada3497f13a6c18ef74969301,13.5655273915347,22.2792103957555,18.7775879255197,38.5172542428359,23.2057742042206,5.9130493759085,16.1610015128054,22.4088716835491,18.79657701332,14.7031953686402,90.956924626222,183.559134971273,3643.26202572549,325.151665584385,34.9191301641041,,
BRA,d99c53262b9edad4b9260a86815483f8,10.5468789067697,25.5588222150558,14.8565646159887,33.149205603204,23.860587883812,6.18105021547677,16.1683634569611,18.5613716087616,25.6069322564911,13.6891385418359,121.765646804586,127.806485325795,3441.06440794741,383.714231195602,18.9489653935491,,
BRA,d9cd6c747e1a6bde1b3dde12c7c09a8e,8.3771916908289,23.2583287318747,12.8920429591446,34.5878396628829,64.9936126715988,3.88181036089851,25.2064255194566,16.5250624056479,20.6664458973925,32.0863479545932,154.229432055354,230.571492685148,2919.68362883436,282.055927367174,25.3077881351889,,
BRA,d9f08b5efe69f45ee42fd00a5f43a990,5.94972143434294,18.170003343472,24.5523493934352,27.9272623105933,53.6000220454031,5.31986227532556,19.1219725232417,10.9040282726142,18.0367394654216,19.9193973148396,154.762895088787,236.65671173058,3207.1433592665,282.116296259615,20.8657505418009,,
BRA,da2672c7093305e9aed1287f73325704,7.85988340062201,24.3930108496834,21.6840528589596,33.3207069811078,55.8880573367057,4.21196182345681,13.9083009829914,11.8592766308767,24.0695462094704,17.4794840181431,105.191084773654,198.644315199728,6984.17079920802,462.368427150434,18.2139324554323,,
BRA,db95c716dadc8090168c9ef9771b8223,5.67650672713549,11.0703704500432,37.7895047539561,36.6467579184543,35.4642897133171,4.23634717004808,18.5983758470666,13.3757906507338,15.6986916527862,15.726064071272,140.951200973499,126.498791573266,2891.23300262283,387.202800539136,24.8863866281986,,
BRA,dbde1c7366b23d917aa56935d017824a,10.0146202158674,15.792327103989,21.322612406568,41.5791729695725,42.7485504006293,2.95697024876288,13.7213169326998,17.912500143241,25.4409511984081,16.1318704154696,134.92695027682,222.904618160869,3674.57189222339,406.246194314827,26.4696015282637,,
BRA,dc5e082392ed52563ff0351466ad0c75,7.09006905831221,27.993132986446,26.2110210366577,40.0305246752811,56.9903798454932,6.14965409514916,19.0566011834688,17.0021655273697,24.040660859054,20.0212645717381,178.884421088967,138.453818874951,2314.39614863374,511.718759738233,18.1337008619682,,
BRA,dd0964e8a6334ebb3cfd22ef3c3cce48,13.5104453818013,33.4541044388918,32.0913755247584,42.1363276211952,27.1563753808752,5.01594110051218,22.28438805801,10.7900162599671,25.8182337060547,13.4235043895062,117.941012327829,302.784078207752,5507.90633289572,285.679908424149,16.212183546624,,
BRA,dd285bb01a6ce38b86351366ff6a5fff,14.7256007141304,25.3090916278455,27.6725935607749,42.4289481037432,48.632071709647,3.47623879211538,22.912117180488,17.0494746705847,23.0112835201227,18.3918674878603,92.4798490587331,180.306974138401,3636.76274813421,390.925158064869,23.9749964214625,,
BRA,dd5901bb465e09a2a163cd6627782d3d,7.14959035246122,20.1441829337668,18.7360119613738,24.9377420122981,25.8368120782125,6.74295739321652,27.455142190777,12.9486511960159,16.8977564593621,22.7166840804384,118.976994219885,164.090297276107,3235.26241948034,344.775516226894,20.2773603778641,,
BRA,ddf8d3f7fc95897f8d54bd712356822d,12.0910064103849,19.7714743554105,18.0037841839379,50.6506585205786,26.4333903186096,3.1974328131665,19.0417388109656,16.2035456867594,22.2684101233859,11.1641307044817,91.6630657991717,131.175543591062,3719.09822280094,361.086199886668,26.6562531981881,,
BRA,de33a5b094ebe0c9ae4287a9f02c7500,6.64662668970557,21.1371511024728,23.9301165048595,44.3756286301635,23.8844973496056,6.17044741342052,27.263172535316,20.2615823628811,38.7551262607735,28.8750551041617,142.004421886342,174.322334744693,3025.06946548561,402.078180426316,21.4153171805089,,
BRA,dedc4b347acfe4a5d97913c2e5be1f39,12.3160187527585,21.3185729692789,17.8147216341546,29.8629345876699,46.1876429768019,3.13735106470005,19.6689470432538,11.228135260659,22.8668175200159,25.9103546653396,93.2314847774593,165.066707326204,3679.74184190111,247.140114504319,16.8684234423605,,
BRA,e05f2e3854dc934ce745e1f65c32a6fd,7.53977498681536,33.3221321946209,18.3145180412501,33.9877849952491,42.6829833889606,3.6594891072415,20.7245799804977,16.136965944803,10.2289256880405,16.5817816927358,147.797887783068,249.0463452797,4140.46437021361,596.86216231683,23.7377822633346,,
BRA,e11bec72c6ebce84a60bc331aa090c03,9.15847260501378,19.1027168544209,20.9050413068755,51.3821908007203,46.4640948869461,5.14471186856544,22.2948583540449,14.019609014963,27.0426450966567,20.8906468294795,96.1477809607331,170.241652853573,3705.18863401327,492.399636425856,19.2902694015437,,
BRA,e11d1f1a29e135578fa5d75b5c0c0d95,12.1353517517173,19.513413916684,27.6330424816928,41.134082176251,77.5553100673491,5.54498313548703,36.6183562622702,13.0984291390593,20.5856323930121,19.9854650121382,79.309774554864,150.601414979514,1946.98563205617,382.993169168138,17.0458730270672,,
BRA,e225f2a1bc5e125da92058543ca9167f,13.0019919874027,26.770654269177,23.2519465491167,32.3531676997523,32.7588398984038,6.0012580633798,11.9812773761817,10.5168388823514,28.7504627578573,24.862101120535,107.120215078343,146.227365925466,3071.77266413647,468.150552090445,17.0923666592441,,
BRA,e26c83e920f5e42fddcca19101b82159,6.74806081543178,19.954176122185,19.2191703453998,52.5874821730394,27.4606863189635,5.32823390569948,13.9120184522344,20.9506251199441,16.5050879330853,18.1070112145596,121.882677442298,236.440867344456,2455.18304352768,389.238145534994,13.1164516944143,,
BRA,e30b3ed411211689052e7ec27cba7fc0,7.61432403636087,32.5035275791836,16.6585644068476,35.96793660536,40.9647758653259,4.7846517522454,12.327641237614,10.3290103570556,28.0460884230063,27.4490322611063,170.333967086829,178.293948060538,5269.50627635424,300.552004303421,18.1650483140864,,
BRA,e30ec8ef37b8692c988708d3132b3dee,8.29711013409929,38.3012132703561,10.5276791605458,23.1978071338655,65.5650135559183,5.50132662665115,15.3332581884323,21.0719188393527,20.8399305399358,16.3046361782299,88.0551621293888,193.264118769644,2954.84115557292,454.560218102572,28.8153393333128,,
BRA,e32f266743916231b9ef9f82db82d9e4,7.29727116501301,22.1126568386245,25.4864810275779,23.5703191262186,23.9753269701989,7.13809883681103,16.6002053327589,13.9779502521625,23.0008621233943,29.1293823530836,100.295764331936,205.356673517368,2963.96996451538,234.647145002567,17.8456487001426,,
BRA,e42a19f16f3bf0d59ed45d6b6a1cdef7,12.558609897938,25.2053883316142,27.1405747148625,32.1769158331457,36.2828034814656,6.23639367573561,24.8507175149839,21.7839911027946,22.0405149136852,24.8450855208976,128.112538846554,110.283655686591,3451.56602753247,434.349621775655,15.9122938204564,,
BRA,e502fb3e3076c2b2b853261cecbaa762,7.30279805578096,27.5217758266381,15.4084163708392,43.0540558498432,33.1080172048605,7.09434524197356,18.3326738098817,20.9334382605911,23.2419581662517,20.8303719736393,193.386415996976,198.309174453424,3384.17085985133,355.945072973466,22.4036101239519,,
BRA,e5c2dee8dcb3fcc6ca17722e3a74aa1e,8.57723006253897,35.2545768794895,22.5855825819135,42.2892610304167,49.30221822226,5.55989754580308,18.0333886316578,14.0889567975711,29.9890494166495,16.7720752232837,71.4320725355928,205.230020384457,3964.7506404294,275.582689194284,15.0296439155842,,
BRA,e643a7f06e2986669888b8db7a86b3d0,14.145444896008,19.3328213953998,27.9910812494533,48.0371210341382,39.6947528230382,6.15345959124535,16.2295247595346,12.8767848093586,27.870707529835,14.9864876663537,128.727013323068,143.332091854806,2609.39643297883,342.16678634784,29.9438822810094,,
BRA,e649275307b90d3be55f5b44f61df79a,10.1613821973628,26.0029530054388,15.2815485601325,32.6562228792788,41.7729437785001,5.14702013276527,26.4631987109111,15.6564372090273,31.6613719423305,21.7876602850129,135.794460704788,239.966808838866,2245.38426591004,497.862216342182,22.0755854175501,,
BRA,e68241e4c0921988058d94a72c384a5d,11.8404700242949,17.166274402618,21.4750315805755,42.0585484368171,35.7324602882039,6.88366567706986,25.9042091656683,13.2289791492781,30.335094003461,26.2969714659328,148.114532314199,177.963303727633,3429.40267269312,544.745156526931,26.394885224695,,
BRA,e6e822fd943a05295505125781e45694,15.0143339095887,26.0273404711852,39.7834602318051,32.3704514618206,51.7295062459423,5.84364506074406,24.6030940152661,12.5383479089559,16.1349942391996,14.7433665344942,105.11650493833,147.022993612879,3315.50387424429,251.053715662375,18.209744660583,,
BRA,e7ce106453d98e6a9218818a92810322,9.72054869431797,17.9052373442932,25.6662903792493,45.6415791193083,38.4431532579007,3.95559897850259,18.6755692582659,21.9036295888554,34.9997073792843,14.9438415546163,114.059386113821,213.915818120167,2747.69098708921,428.580187932346,11.9027564993241,,
BRA,e7f20d32a79b5c1a2d9d82fda10f5e04,17.3307560110907,21.7199128181018,33.6035740374629,35.5978546693091,46.9689173350961,5.68495122313682,19.6130635965593,17.1525881896402,25.3779505268549,25.5372018001135,131.240745854838,213.12204662837,4284.24670924001,267.96391783472,22.394836831714,,
BRA,e80a3881e3de8dd0062f2a130c94a35d,11.193080576859,30.4819960432374,21.3033902429893,40.824451174344,34.5203843044206,4.56459268796071,13.6648247240171,13.5565167010724,31.7597768381961,16.694978315902,184.529884039275,268.496348582674,3243.73715810155,337.762131507851,27.5929611922035,,
BRA,e889fb17fb4b6cc7ef03fa0fc107c7de,8.84681284536827,23.8150025632998,21.1735807349498,28.8279316579714,43.7500393877358,5.23795800441975,22.6878054164295,17.1842348874346,15.0549161402142,18.4676059786332,96.1936920980989,218.131045487468,2687.37522452626,339.940111909647,27.1187341349858,,
BRA,e89465ffe9614747869dbc506cb265a8,11.2039449029367,14.7019785151361,19.4588536371238,48.267956046383,22.517664013532,7.37282368365398,21.6131742296487,23.044694460328,14.4059964913017,10.880718966866,119.118955032918,209.084314500066,3714.32348884442,370.898525468232,29.6098741254907,,
BRA,e8fd87cdf1cea882567e79509f698e07,14.9477129182319,30.8435549183495,11.1581008765997,46.7815523471665,23.6070181533152,5.82633326035736,15.0403458597998,11.3876807476259,25.5493290226087,22.5426425362383,130.650149435755,227.876927690665,2436.6318225263,351.639319703521,22.8206454825179,,
BRA,e98f08d9cfc713f9f9dcb4882fdaf634,5.4747512766817,22.0466890575242,35.5623975082592,27.7352265593068,25.7431650798017,4.35192183354721,13.2112760702113,20.4464863424343,27.4551974143421,25.4276012789994,165.256142258487,126.14391728996,3863.87123618919,688.468509766908,26.1091749156942,,
BRA,eb0539e36fbd73a21def508f4fef6ef1,14.4776567435848,17.1345911071652,22.0515417335993,30.3713480485095,46.0971557038171,6.3524438767734,14.0888437232787,11.5844839629423,14.8685959975811,27.1747936549888,128.542658165711,161.970610589298,2311.29435147863,471.886624882113,25.8107734366165,,
BRA,ebbc754f7be8508830c998c74ecdbb5e,4.81068411894777,32.222858369535,26.0018821260178,58.7217715457271,45.210747635264,4.87338479216998,23.0994145807897,16.2036666712911,22.8620348420835,27.5232879272419,145.360963922915,281.427285871292,1806.14791838794,334.936744508082,26.4645885623132,,
BRA,eccce2d521bb2ee5d5a435b6b6fc455c,11.4251776604185,43.9849847923373,28.2554953611065,41.2027829597007,36.8717172687375,5.45791163666733,12.0407940979675,8.85738466606977,26.1338781662236,18.4311203417793,131.130096786368,258.7459239272,2732.83400476437,232.307630440178,26.5414066958125,,
BRA,edbed0a0e9320eba3433b260811c5fa0,16.0963494456556,16.6497084572068,24.0082492226699,48.5356708772531,46.0089126125385,6.11169958368343,13.6441622902887,13.9631310504549,19.3384316417039,19.4447929356,79.364634912879,207.441475756341,4018.58521974331,502.078876945751,22.5408346867663,,
BRA,ee470774c49ef6bff3ba9309944315ff,8.64877989598569,9.86899961373778,21.8731599210804,28.0800128302035,30.4809822249182,4.61356065584086,21.9577021547343,16.2769764377421,27.3417456917833,10.0349584815538,99.7153638742058,110.071170001977,4708.26212962725,338.370376442014,19.8566773622982,,
BRA,ee4d507ecda2b246a23077373821623b,9.76607513157002,20.5146762892484,30.8359326791995,47.799322966712,32.7639509505036,5.08321281507841,13.3316317408099,27.1195472945759,23.256907921936,16.936568481667,126.503956968473,145.759842395984,2629.52218267772,312.93153319716,15.8666863820734,,
BRA,ee886377b4dc846300c84e513f9b1e6d,10.6454582728759,27.7630236558617,22.440083284181,23.3182198548351,67.6353940587226,3.4480190062926,19.4244491129031,16.6265389610298,25.6482426035912,14.0694681674043,95.8217377444617,141.879010206576,4808.40948247998,282.203986827792,26.353695898729,,
BRA,eeeee2fb2888832a4dae3e373e1df7c6,6.92159355807567,22.7442850247072,27.7158298033996,33.0600415369948,45.9693150913955,4.60000326923077,11.0617769407585,17.7104325852238,27.4979643308894,12.4514708880039,93.6587113890628,228.964222152277,2440.39744050584,242.168795070436,16.7711315743749,,
BRA,ef9bb03c2eb528833bb418af7051c7ae,9.99511775248985,25.3472803620538,17.033391346771,30.9556761605759,40.5234111490859,3.65170661015852,14.9613318727131,16.4717715173102,25.8394945316948,14.2565770815436,129.301010438924,258.086468691675,4069.9224189964,316.652654839433,22.90960861718,,
BRA,f00200ffaa83f4513bdb15b05e99cf10,8.70139418157304,25.198110552693,27.2105542916585,22.4970350551415,58.9949153295402,5.40745853972731,19.3081307754326,13.7149525599676,15.2107365962948,15.3392445316935,107.397571567633,140.281332470051,4425.3504585739,392.39382459975,24.4358917531724,,
BRA,f0c3279f9e25d6af60df55244a370e70,7.65146624167921,23.6589189214579,21.7119558042414,37.3217486851015,62.3216410800874,4.83074045683997,23.9867119781259,19.6018430267266,24.6862234380646,23.4971864474425,128.433120127076,212.784398887625,4799.6550103031,369.996927650739,17.6750480661127,,
BRA,f0d649a017ff620da9491b9e7a72de90,9.83478606476907,26.7986109066726,24.2251349813077,42.7661308214148,57.1391964196275,6.91916525219051,18.8843598537871,23.1650992382158,18.9585149186061,22.7671694151967,103.2711675303,181.805151210979,4409.6329475155,562.62489516728,16.2878746750135,,
BRA,f184c49f9ab4f0decbbe4db804336a5f,11.3672102522907,16.4221649891422,37.276188055668,28.9813494991579,60.8586381031866,4.33226925865571,14.8163101386961,20.791885792382,23.1657490497839,18.4239085725942,126.446167757888,192.796511558419,3066.94048213008,385.684775550031,17.6344388924135,,
BRA,f23c576578c30697a70a260d28715dd9,10.8022343766125,26.5922007409593,33.742372341487,29.883670111434,39.5987273294177,7.38869752181706,27.4700638307061,21.6290458872599,23.1284622207483,22.485752578187,118.746624259051,144.633899015451,3906.90886207213,272.180640470036,19.5490809821441,,
BRA,f49f9d8d4a88186206a116c0db536e18,9.07249367099782,27.3728511924192,17.110874812279,47.6972024636889,39.6626423522278,7.45155051649333,17.8882176891423,15.8945669278598,21.8101651866673,21.2766081210116,140.337135559105,166.399922647083,2674.87155589956,359.831714596572,28.6500905741908,,
BRA,f4f4e83d2eaacb6d6601e37151fda436,16.8598968843266,26.0404725116101,19.2582058366384,73.1040786742833,32.7503016199479,7.23687483090501,15.2617352904231,17.4627121559388,21.5323090972839,19.1728079926618,139.326670515992,157.159721253443,2210.68047885186,380.520657040624,24.7400787793155,,
BRA,f57453722780641e0ecdce9e56a808d7,8.01735401392911,13.4633330853386,18.0759858927215,40.6599211251102,42.0945474110207,5.25858602495574,19.7839261720906,13.0663603000916,18.6447606133777,15.8138915385897,173.111000343969,145.22424400581,3444.18623413148,595.536248889787,16.799570855716,,
BRA,f68db3903c3122dc423ab4f621133d05,10.8369958796589,9.63496859541456,18.3179339053355,62.8632824685875,38.8546659456569,5.93688312543486,16.9608667969276,12.8179253235871,25.7435155511273,23.6113038431894,101.22529453215,178.579361655937,3122.9356606567,463.679734955745,26.4533304714379,,
BRA,f6f87a4d5a1c70f4bf7ce14558eb9f2c,7.89808128418542,14.4802217550972,20.1579762718902,47.6728263286332,49.0999253086824,5.37048014761291,21.5817096373142,12.6600726772481,16.458796956634,25.2888694558874,87.9868872858818,171.303882466383,3676.50499367035,297.70091066468,28.0027686083433,,
BRA,f76974998e9272c8f48cbdc0c85aab2c,13.3333414718948,25.5135400682389,32.8345814232709,23.8066457946972,44.253836751839,4.78543378792647,24.6206833067172,9.65081212834028,23.3960084795358,17.086189211884,148.051655166412,236.618322735842,4500.48959837934,244.440948288863,16.973193413333,,
BRA,f77c8374d14b2da2fdb8f89030eb2130,5.6912240862754,20.671850008629,20.725257316962,25.4727177936219,50.4767526485146,5.12128905280596,17.8619170657835,15.2566379772013,34.0729446156602,14.0663599649273,144.59286097015,273.013431198565,5623.8947963524,382.238294657872,20.2335630717772,,
BRA,f7db417f5389e58a3ac60a7477d2db5a,8.34976115013181,24.7566673458584,20.7086886160214,25.899762806189,47.0259878417611,5.3685719127619,16.4251639722618,14.3000482652067,21.4000733743789,22.8706311093595,92.1382909960511,230.955107042171,2413.41306230227,322.835711155775,17.7404028013097,,
BRA,f825ff469c274d38d9c5e83eaf28e3cd,12.0243473058514,35.96466911861,17.5489877880217,25.2755992662898,42.9753459897068,5.76358739934664,20.0885864719673,12.9887216967109,18.6336100557155,23.5796012594586,153.267950673783,259.280630051648,2914.7271469076,420.6935603267,18.9183709392886,,
BRA,f8d67e0b2219a4b702259b3df6ca5123,7.7468714728002,21.9221834202438,18.4288057080095,60.2280678100006,37.1146555516444,4.91922523434155,17.3760467554068,15.071928104992,24.7106794103875,12.7327869577632,100.826078068161,153.775649309718,3452.41270199908,433.986105292441,10.1497051149593,,
BRA,f942efde83376f3cb2bb455decb06e14,7.03799931424946,33.499782211962,24.0107451876509,44.5497601745518,40.6355956310614,4.38045512736565,28.9938047014069,17.851326647671,15.2090437432027,25.2715293775602,200.295980813277,138.961694601319,3226.46359132028,260.972103355542,13.5980779847516,,
BRA,f977a64903b7b86dfd5d16440e42e302,14.405753124066,17.164634514027,26.9993421289628,49.2191523195716,32.7156533715474,4.40146726258955,30.4612997637185,13.3913182202445,14.6581553593277,18.2216303111944,135.427940924526,275.915852355872,4986.49090843413,244.885362501251,16.2589198788154,,
BRA,fb0643557d063dfb17939c0c9b0a3104,10.5235945540297,14.9336268406661,22.5803493662608,38.3894926825164,61.9304053563222,3.75777129752482,12.8718428225427,14.6764508049747,23.8406488170472,28.5426610034354,111.663181072899,255.744255232161,4348.95448948101,326.860825673186,17.5218551260555,,
BRA,fb1de2696568509bd55f8cfb84585794,15.1360207116402,31.2901397682879,20.6945488418882,33.2932189324689,45.3445353527244,5.11988390914798,15.3174711717168,12.1109117083449,20.9053741364155,29.4650862451121,123.251280636447,201.495760261329,4795.73659466014,229.000333391138,23.9958712555714,,
BRA,fb8b2e8962a49afaf923b190da4391c3,9.69719195916611,29.6695146423889,20.6178687811478,44.8229684635802,40.5002327988826,4.95816591702303,19.4222069366748,21.1223019453915,12.7462944917838,20.5319033066784,78.1844288078937,165.31330946872,4241.89586551722,458.447424710737,16.0905559359616,,
BRA,fbfcc8454716fd679fc602d9e4f8187a,8.24110061866181,22.7288915574875,31.6918163783905,35.1497346342882,43.5263154817468,7.80108477201703,13.4490558778235,13.22315122975,33.7058337002236,20.0412525466367,105.037600406221,209.904901872829,2774.50750343528,603.589083245875,21.9070014316443,,
BRA,fc27b85e7798717214093323ef32176c,10.7559589269747,19.8165724323621,20.647496679384,43.2069638999285,36.3183342358563,3.31529234877624,19.7386928355599,14.216241889504,21.9872948625991,23.9426854910915,136.810712240488,234.410775037573,3630.55226460653,400.4143886745,12.4685518151711,,
BRA,fc327888426e500363bba71d333f92c5,10.4353527966605,14.5997517783526,24.8765659805419,55.7994776127326,46.7555470551662,4.72622555445896,12.4413228599046,14.8814636684149,36.2217937266795,18.1424507785701,92.3595117472438,187.833757385858,4017.49604653716,285.021753985328,16.2501296729481,,
BRA,fc7122dd08885c1e3c5e7617e8289f50,13.2958096202823,37.4408431216957,20.9110433072883,33.4311217358444,29.2430623970553,6.57616295712665,19.8018559817257,16.9237327199238,32.5696920740234,21.452183663268,136.7315240141,164.783655900823,3393.53366283242,412.357451988655,29.4700951709796,,
BRA,fcc5443e0448987fc26b6e7ee404e9f8,9.2624559301998,23.5122822401136,27.586940938916,32.3983675865893,31.2240083605668,4.10719752036182,23.557970947502,15.6219101887286,23.2301705660574,23.7651211563543,122.231330312629,253.099598826198,4227.26999448637,340.137009548143,15.2001726372536,,
BRA,fd16da921d2a1496260a6a273161d95c,10.4308463035865,26.6224630336544,23.837049540408,41.2847090151116,32.8281624568637,6.17570390136641,28.5092098042078,18.7519048859975,30.3626961626534,17.4925471479001,173.061671758794,277.407725158337,2821.6781579921,441.81742698289,29.2556753180107,,
BRA,fdd20a222e37374d65d2eb00f20e4a17,13.1717478102087,23.5294292776234,20.5975838621418,31.1732612798351,40.3370450496827,5.54541757430523,13.4666527736295,13.5199158096453,31.4901737475156,19.6486377843659,152.156873714377,246.309551208922,3790.79439056148,300.595285871151,10.9920124217983,,
BRA,fe4f8b74b6e86f655d8bf2d76f325cd5,6.69384093376933,21.8470605910107,16.6857076712278,52.8994984015141,34.5154925535915,4.52092810958076,16.6298503706748,12.9261992702452,25.7563274907363,17.5993486919526,86.8038084443748,155.208633150959,4323.05059897168,463.447440211397,26.5149662475817,,
BRA,fe61c6e0e5950590b79310e1bbb849ed,16.2099179438376,23.7411238203966,28.5763722652986,28.8550205441961,50.376498979949,4.62635012473639,14.2699970246665,16.6864490086079,38.8143145615805,21.5748911677346,109.535854889447,160.854028375075,3034.16288692984,464.904456279033,24.0093203309828,,
BRA,ff715b42667e0beaf077f5cfe75c56b4,10.4985893715186,15.7720157753379,24.9912776793501,32.7185899912407,38.3829089465556,6.7782281515709,12.4711940108492,11.4696307794614,18.3060836234754,16.6079064068545,153.412237333696,263.904705595591,3558.39476011585,349.107222049505,14.0987278362096,,
BRA,ffc4ac6fa0b8399b9029604dc8ec5047,5.84363823943256,17.7516481874872,23.4437004482887,49.5061794510956,30.8592674456952,4.32904406272352,19.7217915947001,11.1510798980779,16.3301674357462,15.4935947748319,149.039794177728,209.747867172784,2753.2561033869,490.590866981268,22.5910021388627,,
BRA,ffe6703dd24d2e82384218728ecd9bba,10.6733703614401,30.3894994779557,19.7878958507426,30.0522628718324,39.3982309009007,6.19301870074158,16.5107167772243,15.9491008374727,27.0653080671844,20.3844715598004,125.421966064031,115.205572937174,3793.93623040429,525.925218522696,22.8735677361344,,
IND,00634adfbc5151271fefb3814e387673,12.4652367058469,22.5359392409859,37.5228905595557,51.2049427347716,55.0778456281795,3.15580027996853,25.9656526488378,13.6415189906288,41.3123490213855,23.3707870640034,213.635501818535,193.57849950692,446.822876308311,243.523598354801,,7.59397226969656,6.17962118502015
IND,00af3b4aaefb20187d20b405e4e7082f,7.91290414094173,35.9647564776997,35.3225460175424,69.1193919047285,41.0244319613839,2.3613265883238,23.459744523449,14.0223754395364,19.216006882663,36.2601601919932,155.562613480459,178.949047753992,408.926065603924,273.193634542186,,21.9956077334354,6.23789063298321
IND,01503aeb5574de046765c439d54570e5,10.3768968714532,29.9340390104908,31.1533710104128,55.6437770783697,37.916207443382,3.37056592998594,26.4232670940285,14.9457135146935,30.2470483630174,30.7821557518953,107.793753881399,156.898627778974,422.217398911693,437.288927813449,,16.2598642973918,7.27932887850416
IND,01bf27c4f75c04a07d4fedee2eb2aa25,7.69402926377321,24.3979324791077,24.9151603334934,40.3872171008941,40.1375493415949,2.70691213663306,27.1775966930483,16.0839797005827,22.6839013484833,19.7093485342794,155.917466965082,242.93197187082,317.963969993912,407.635318300187,,14.6664385512357,7.77540221735545
IND,0200f5e9f8ab194d7d3d82cf9813381d,14.8643692161961,23.6984481044093,52.1615531250071,45.5478248554208,52.3829176714522,2.24070092120114,17.762504701539,10.0607722645902,37.0574013194441,29.2301816289752,137.003831491002,141.140733497933,437.445347598535,465.534558319134,,19.5370639218481,5.69197556593934
IND,0314e7f4305846909bedf528ade738d1,7.28604464820415,52.5925002614306,36.4321399427623,68.6295978866826,35.5646042853074,2.04291433122281,21.6233536154656,12.1233872275588,23.951531897282,16.79910652419,144.710332004267,206.505541183546,497.52851795536,414.029794544197,,19.9777814937873,3.80932841098211
IND,0322b29ff55ad7e0858a9fd3981d4e14,8.94767375165178,34.8948232410615,32.0285378464066,59.7887727286888,31.8674319066128,1.90124007968892,23.6184947903357,19.4612907850219,24.2740493392661,22.4852242806547,118.079886482071,191.175768304996,332.832468686334,232.797281017286,,12.4251495608486,6.80730492966904
IND,03895ad07ae1bc565f7b0421ebd639b2,5.44576219025121,40.9232895586817,49.1253565013234,67.3492117899752,39.934668976292,2.04187135011546,24.9650534761524,11.8869866310857,21.8957141032231,22.0318383427801,108.800101773686,227.213223681957,559.921617959538,520.555385184291,,22.9723463598015,4.61407766177942
IND,03ce8fbfc5ebcf1fa09b02489c6000f2,12.9509245813831,35.0989514382252,36.8419364344403,62.0415822093129,38.3871289014431,3.01704511277169,37.6087144085498,14.2347946754439,27.60405205414,33.6662102565174,145.720738641464,187.938766952006,628.234495836218,329.472699705222,,16.5050577284824,5.26209902222431
IND,0426fd5309c5cec3192075353ae3aaf4,12.3230716532675,22.397328656912,44.5384382268853,58.1000792917747,39.3197271594961,2.60228820333423,24.4290683159558,15.4896410559733,34.3633062542157,22.9722865810978,126.905109764709,248.258530740149,715.569340529738,355.989204027374,,19.5044816219952,4.53389962703935
IND,04aca4860f50ebe368166d994cb0f5cb,7.13470396925011,22.424998682336,26.8573629857873,46.5945664740778,24.4413418004317,3.00358414956597,26.7103644277813,14.5272254282925,35.6354034976448,15.4831583404621,118.085451432023,139.463015344184,471.540647160342,370.057213730355,,23.3368914405055,4.79594321636035
IND,04d6c0adce92c2f665b8c709a16e292a,10.3733241977913,14.6192791488441,41.0456329308351,57.2709782478292,37.0538047590614,2.43431036596919,25.8889683915236,14.2676890559781,31.7473476557998,26.8827369775984,123.185138665741,182.454654621953,468.188297492955,482.286587882174,,13.5361655000684,4.33959567659906
IND,059f2f05edbe871ec59ad8de68a47a73,9.62228913438489,18.0484630211759,46.6752010485914,76.7864932960059,35.8365849712537,1.70563583539181,17.6180952009236,12.616920258526,19.2998406400067,26.0746257984287,161.353564680542,335.472800523403,417.17926632302,436.725785436426,,16.4028795323758,6.17005337279513
IND,05f11d9159a98173dfc2c432a899bc7b,13.3195264483459,29.2961438171992,26.0608211116235,62.8765069874329,44.9680771619583,2.7395644678895,20.105421312066,9.84704413771441,26.1037013673329,35.3192426726776,123.299282389897,253.144174416349,549.288257531195,443.969610895314,,14.4438236922202,6.47150183017255
IND,05f66f759be0cd8ee317a7d03cc6da3e,13.8486395118519,45.7943833524463,41.4271445848266,38.1091257746812,54.3716667536356,3.90187842269666,24.2535792693862,12.9705720992644,28.6506540882013,35.7030869793884,114.005442131546,220.97308070063,638.906796334656,404.471006825746,,22.0457141395433,9.44388868653681
IND,05fc4a260ba624ea36e06d67a5d608d8,10.8709902578934,38.548966403835,35.1583980230138,48.562537631144,47.2599986414479,1.76480078545771,22.6223417769997,12.4404823167147,24.8543923118198,15.0120290136208,180.716162880387,156.741882187468,567.467931283441,475.894988493365,,17.2318010871755,5.67415011198721
IND,061626b96dc8cd53de8284bc3fd8a931,9.81423345327721,21.3497273632808,38.5681289081256,63.131317781754,39.7469560135079,2.0929067328964,20.1557373224783,12.8949094796579,39.0483430372138,24.8712321155374,244.192680541585,182.69359405356,499.984151583025,467.504167860609,,27.7866324978954,4.24796375296322
IND,07c1a3921d819cb52093d316b4779082,9.82669688134315,39.1383225091939,33.7301998425153,46.5047593201726,52.0898047169046,3.32280567974404,22.4994555578185,10.917259405024,35.0492897036556,24.4160526605172,174.944785034111,312.877940490263,293.693499323033,342.162999903447,,16.7176979298233,6.85283765262474
IND,08cf7196580c5b380bda64974eda8bd7,8.76942950267001,32.8073655275384,31.079543377537,71.3047399859201,30.0416725609169,3.52953536957725,17.825065551611,9.55932239091227,20.1447928072925,24.8475966181789,134.316132755361,262.667553108569,366.094224421888,473.404429654868,,10.7232350868378,3.60033313525047
IND,0919c37cd66e95eccddd4e7add65a958,8.49328613292394,48.4297346332134,31.6124545482109,72.8327258956417,47.4285684379455,2.32280319739015,30.2589600999683,17.4542194190236,20.5215397050502,17.6610518961101,106.019854996748,244.091533940073,368.675849126262,513.685756519146,,12.1926744156369,6.84670027887964
IND,09991906533921d6c08b565bbe21cd00,9.58658975688554,32.3932112795985,41.3985112396108,39.8910964342496,26.4970439497405,4.00721321161219,27.6535263129784,19.1651775424571,44.8997011841627,36.5131973163953,130.699939164577,231.650602454792,314.436332420833,278.970582892312,,14.0747750892581,6.62453853261804
IND,0a9eb522fe80e1dc2bde9e11348f3c86,10.5120870114846,28.4484305133278,37.7691573258826,42.3261724601958,36.7800171356416,1.90576713796027,15.8121623885103,11.5183939256216,35.5544135793669,23.9070841576312,111.253843529194,244.05816961671,555.411981800863,514.687770801493,,13.5791729840083,4.07746499531607
IND,0bb5a1464536bb9f04491bf18c40d3f3,9.77760362109263,36.2287062528719,32.2251817052865,67.3044877934288,32.4382279786275,1.94723964881694,24.8339366136547,14.6118021605516,27.1042359269967,33.3158147424556,97.914328832986,307.144546558286,535.316102527657,414.006629806476,,14.7911538684457,7.20925760983034
IND,0be4672483102b9c57c67da7ae6bf56d,8.40998039016236,21.929384315394,46.949418694619,54.8694659750951,33.7056701416417,1.99741962359804,30.7866746597188,10.6344959246399,27.9756745373946,35.741501397838,90.890707688939,175.03528895325,547.626413911125,345.475420588698,,12.838147726876,7.23257923206002
IND,0c0843d4412222051bb944e496f29ff4,4.17667410248983,30.5666012049447,26.9955072581246,56.3441592512088,31.3721040670744,2.40257590362607,19.9840644420406,12.8925507970095,42.7991640666209,21.4775898710595,145.170520242466,148.531055276585,404.569525101193,258.696911292275,,26.7271633184483,4.30641270217807
IND,0c650c11f6693147a1bc1f0ae9681296,8.68839072726331,46.7135971824491,43.6602648887435,51.2812698416644,40.0038857649571,1.51050099559904,16.3228247694472,14.4861461009843,27.5110723370354,26.2856432553972,79.1522125106567,204.512962557166,458.771585680087,517.801455827736,,15.7924023385921,6.2475533956947
IND,0c8dd1f5c66490160940b28435961759,7.4414031554441,43.9992745013392,23.45743409437,51.7754525921609,32.7834522768965,3.09485152437248,17.3643692135206,14.4718800055225,24.5492971246654,19.0368432739799,115.586910397499,145.713737597714,512.748731146953,357.225170454096,,14.843896040594,8.28382866857564
IND,0d1e63b629492eb5e93df515ef5057d5,12.2825199648441,24.1889102897929,43.2126835219782,67.7992953413185,52.0478557643682,3.15529892200158,27.60627979321,18.6554342514508,21.7485819106159,31.7765053341145,138.000162187154,162.712321605742,447.187476931628,380.983817430198,,16.6528540734921,5.34116856329865
IND,0d1fa614650b7e554df7db18dd00084c,6.26679163187778,37.7865607305019,30.9205569759759,71.8530287396871,53.9760723514232,1.7923323636241,27.1635953690375,8.72137664304666,57.2157141731459,34.0356943238628,152.489773925516,126.346421885048,419.870565195434,744.263916120468,,9.83156006919107,7.85411970237602
IND,0d4c95efdbf22db388051a128c199c6a,11.8706309758686,26.9193508256143,37.8523727932771,48.4702138181962,49.0319349700942,1.92289865229485,22.0425810438158,14.8139925014987,23.6352349926444,31.628756145833,110.45994138399,227.585425795652,454.733725449935,536.534849483375,,19.0475087509542,6.98277775243458
IND,0d6b6bc0d8a5736605397026548a9462,9.26992265885751,31.4844657373478,39.1314690890961,38.311235710358,32.8301406609229,1.83727656063548,20.6681985841963,10.7321577761171,43.0098320355323,21.4321085162257,167.051372495676,193.646980556177,412.943570589901,391.961183299499,,13.3528296031848,8.91807969569888
IND,0dc5c690a634bc8b1dbc2224f74357bc,8.41771395291811,31.8290712305065,25.4177588180152,36.5811504419527,53.1536199531203,1.85806543526721,29.9166617246815,12.0171489561389,27.3983860763278,28.3087037657829,209.90119955796,288.15009829997,369.180328869119,413.898258885523,,21.4045290030769,5.18543712937419
IND,0dce027095b0c7f7b22da33aba3706c5,5.5647272627829,32.0844500422711,38.2969230976629,54.6592917944494,42.8170772316962,3.55827033490095,26.6458704682492,12.2140107997886,19.8508339197696,26.4589728209033,149.895742367719,181.13601398857,464.597167424879,354.570606583474,,18.0763110670753,8.42509359725313
IND,0e086e85225cd976ad1c098aca509e97,11.0660584782543,26.7081685229601,32.7170085404718,65.1886785712304,24.4764447183571,2.35263717890568,25.7059804746433,11.1591652062305,29.6559971967273,22.4332450340801,154.604322103415,309.984435230609,495.264801130418,479.71542218576,,9.00987547051223,5.47506037790061
IND,0fc627e80c175d07f8faa495421906d5,6.57889030814517,50.0624173871119,27.0893059906395,59.1468614145803,50.0056601535973,2.15068733126475,27.2692558618134,13.1761731020307,49.0997470450438,22.5675769986373,114.156286279291,189.891603658278,306.856638359149,382.143655874236,,16.4740730671666,5.02231008718352
IND,1159e058eede3c7baa7042fc513b01bf,11.6370040144211,48.6009239193847,36.6881223091653,56.6777837957922,41.4385681444323,2.86201152980138,37.0901205289916,15.1672837735042,25.3527789533375,16.8242942129599,199.581527499965,269.079519099943,544.88402814762,366.975660046356,,19.3349252927337,5.22601434352096
IND,119fdf7fa8be8f472248946659abce66,5.64325537584847,32.1798098776468,45.3670066224476,67.5225594550138,36.2422431512132,2.82695186701538,20.2418173943458,12.7000880948428,22.6668830371309,38.6343302844115,140.818307133155,152.340003477563,551.854217651319,508.355747129869,,15.9355356290574,5.27204942357745
IND,11e2bab712291fcc4918fbafb2da66b7,6.97662600982572,35.5131297203913,28.3434762588052,106.507007876481,43.6629799214639,1.70652037332648,28.1847695821543,12.3064008240976,37.5396439682605,33.6732631636954,238.523793567514,388.044818561789,386.835730427517,345.464445375372,,14.9411038946536,5.13412700111265
IND,11ea4ae4a1cb2f6e3bb29b09b9298bcb,14.136884679034,17.3400658461398,31.1254783333822,67.7837124774551,40.2966418970529,3.09562420817806,14.9739647471634,14.846438355326,25.4406135422201,23.3875946664942,132.787404668095,315.89148098157,438.682823434074,549.16546670046,,15.5750392919655,3.68907766186302
IND,13dd238bfc05462948c20226fee7a79d,10.3718327693229,27.7438335950946,34.8380583806287,50.7675141275119,51.6139494880221,1.84217167444776,18.9504726599834,11.7962388330371,22.9846957555919,19.9580644318622,126.709016087011,230.699240762871,469.971333360615,590.185812165161,,19.0031226954739,5.64876658629702
IND,13f698ec77b2f7fc2bbfaa924b8a9ee7,15.6792529023341,27.1685361504906,27.9908269264013,72.5363078984644,39.0617549495063,1.77582962570403,16.2542263475363,15.5889819668243,33.5350769806337,22.2975477824326,101.020758413452,246.962503088745,354.154544809629,523.421187221119,,12.9474610964431,6.41958534115051
IND,14225b80f99a5f442f2d57e429fe7936,13.8166193622817,24.4041726600312,40.066574715466,62.0373577473154,38.507941223985,1.94335178472419,19.1269906886795,14.1472510633015,43.4596081061883,29.8962924256768,154.477130696976,264.366419400333,358.755305315013,445.101660045371,,22.9389821723168,6.58753186048835
IND,1687339541dcc6862d8e601d20ce1e55,12.3436344609729,24.5926817361224,34.7393240654877,76.4450298940039,58.6483750215691,1.39651474320042,22.4421374362487,8.72409349214752,34.4885789198627,29.28146163885,80.6712083511801,193.969744566829,421.202852583682,266.788063302848,,12.1484376603034,5.05687364203134
IND,16e36160722ef9d6aee046be0338e21a,7.27924280096411,31.289128398088,24.7529149484163,50.1350363405231,44.4743150184979,2.85328324063265,23.9548367420772,12.4693079206823,36.6254307413158,23.2495004435831,128.851304506357,197.281543555045,594.658741909093,253.986383409692,,13.0933876173649,4.93158401025573
IND,171150e3524f7b6143e8f3a207a8e34f,7.16381944702742,24.0394894907116,38.4504264984842,80.4039666118522,38.9083517972273,1.71544807358324,16.6060581537104,16.6264051814582,20.1782539663853,24.4656149416564,116.506457618513,256.541413642143,455.192643889179,534.056668118495,,24.308505711286,8.89028765889444
IND,17ad38a5720fc87a5ab323999897fe9d,10.9015673388781,31.8580844519855,48.8316923500322,58.180203158876,39.7731884294152,3.06713572871948,16.7445080279287,18.0838368173043,17.6255278859701,23.1363887468073,114.454167007395,242.936803102177,351.985080406597,572.599699179849,,12.3209030825803,6.37994007915369
IND,1940eebfcf349268bc2fd47ce28eb24f,12.2756531681561,29.0383787742434,49.7877545107928,42.6646953743195,46.7943386790066,3.40197359773046,22.8404296482926,6.25716710429889,15.4388541588748,15.358046134871,115.56533877866,210.258874493383,415.886016169469,481.40166405146,,17.3250308899534,6.4442458146224
IND,1a2c9243f03901bee5048f3bb3755827,6.13528377099026,43.9504840675424,32.079622709016,66.6855380250179,51.7881338630426,3.52414144008877,23.3499076723056,24.4928161343058,27.4624343966637,30.9310371694976,231.321467661484,142.702274212577,433.882550453794,371.645455634572,,26.1302594501754,7.36089643540755
IND,1a546c8cba6fd379fadfb7676c25da98,12.8418819608954,37.0615709065196,33.1403099668518,110.443246881462,38.772686486654,2.47480280335267,29.3278959371115,12.9294655127203,24.5730256842881,20.6199264301991,152.088896453162,343.831189440784,341.122524919457,478.610052284314,,15.315142877806,5.5428869561063
IND,1ab3a98281b50ec31e828474218f9cc3,15.6079707831974,37.7737108461662,32.580685231266,53.1026661389053,44.2525975534153,2.86763071138116,38.3699976262067,13.8753345712031,38.6016038727853,28.2435086497358,187.684957489425,173.925138177651,560.322570387286,571.945138122553,,21.4803548395123,5.35634455797829
IND,1b31cabee87180f37e5f353ed0da4723,9.07863320456753,27.100441258662,43.3706677706955,93.1910221110975,44.8475421055943,2.3414641407165,17.3710636748602,19.0065806739711,39.7879294585087,17.4859074579821,76.212220555608,220.520082094995,389.180117698914,284.462652678134,,18.3566520219512,7.92781699544827
IND,1b5c7a43e024de57af8d4e64c0281d35,8.82059216847909,39.8916547142308,34.8122015975119,56.708745446383,33.6861024117049,2.75108572370939,21.0350509515711,12.7750000626113,34.2681172469878,27.9455121285078,162.390801336246,237.175256962805,555.928437630981,599.069350839221,,14.5503080849708,6.15058181181596
IND,1be3aa45e8e3a820e1c114f6c9d99d69,13.5726524440408,39.072155840313,23.3672922888258,54.6582346064929,52.1745125238694,3.5084640290526,32.5353447849897,15.1043897619785,26.6220798714571,25.5672716225772,161.91097762798,290.943404117346,452.00688468287,408.872805786302,,22.7264981207123,7.71050423923415
IND,1ca9649bcedd9c7c6b12eca91192674d,10.3740381339747,18.3558878048792,38.7054095771604,73.3986851327147,47.7665967671342,2.96114785260619,17.0968534405588,7.36973542562804,58.4543838522435,27.8947413361317,162.958649271219,257.974644615138,422.81009594069,258.957780056402,,17.611205190209,4.42818482828941
IND,1d3bb24b0acc03a2022806a8c4a856fc,13.0184996360638,37.9256776785193,37.4312335331884,88.1151683821831,22.7109819148334,1.8282291644184,18.8307164560565,10.4370122386395,31.432242512542,31.1937551972896,209.44812818305,171.661298251402,420.036674619454,684.654823128503,,17.581481503395,6.27678158730787
IND,1dd0f6b8810e84f538b136165d56e0fd,9.93906514365197,29.5990879579126,49.4601931523956,49.0626952391854,29.4068783263353,2.8664317790499,30.5989785797645,17.5019001840601,25.74062553092,27.5570970440915,168.560196836733,158.836010181724,373.338155075416,400.902071070635,,15.9898745298824,6.59524222184776
IND,1e064b487ab927d537d39b2ca0d2e797,14.1346575566219,22.971251104495,30.4266854379027,40.6621926745444,47.56018006064,2.04242094556869,24.9520343943184,9.9650246414261,31.6591047387001,30.6231977973859,131.338550466659,297.480832371149,586.452773557262,439.118929121442,,13.2670944841135,4.8866043065613
IND,1e513c4323dd933f7e74d8d3f5c5db25,12.597390300174,20.7790929512532,27.3070544874754,56.3851318190938,41.9251664336177,2.59313917923229,18.4380300484433,12.5691390706191,25.9660075084967,25.5980794816781,220.76086943305,177.039145104591,520.565881771743,276.378300010676,,11.9145837085442,5.57643822917541
IND,1f16b73f2c8168a2a1ec96807d4e3b6c,17.3336467833986,21.6229923330503,27.5775263626992,68.3741588456931,37.8487488070651,2.12854687660606,23.5354279069669,15.748880190564,19.2336587434801,18.4563821043254,161.106686241119,131.887374391068,303.548383457224,434.627570042638,,16.5100669814556,8.52344221573126
IND,1f568c638e052d48b08a2c485ec5db24,9.44821466590687,15.4266322297093,29.411070679389,60.2830782721954,33.6638310518699,2.04152708646839,25.7990435279333,11.2025369996211,19.6756921011695,24.913623834042,185.684333952836,200.314528858236,288.727172906221,396.539735900505,,14.4449176268608,8.29738974587914
IND,1fb6810fef8b500d18196eb6b55c37b0,11.9952008268037,35.5035142391651,30.6789266950636,55.7248286984663,54.1843087802796,1.35832853458574,21.9408126871806,12.7046028598651,27.1797874330256,22.235010342193,153.959744061602,268.844042710114,545.305811089633,346.143956870697,,15.3780699984208,4.65586032465709
IND,202e72bd709f2620fdb3112bb106788a,4.40957916065871,24.6406283461965,34.2865429354924,72.1287568192287,47.4407355359872,2.05331925634271,21.4508483556327,13.4938152718397,24.2411427708822,22.067201072352,218.716130304539,183.566399900787,477.729396431853,258.586461556652,,11.0044224254189,5.05606675088227
IND,209e0fe4ecb229e5eae4ce4ab17dee22,10.4653522804881,41.9829070450415,28.9124240731561,65.2523899650295,63.9435430789977,1.61922683114202,35.3199683810033,6.27487935959565,45.777528234578,20.5013760520665,129.628593735647,101.899382403039,601.309992003829,461.974208249029,,20.7825384377492,7.47718728347739
IND,20ecfb4c0cc08c561a0d3516498577ed,6.28647412172208,34.9702672128529,36.7400464744169,61.723815286975,46.6432632635318,2.40582328229059,27.5865344948027,6.71332540388064,25.3716732440471,32.3604909249231,153.571514307189,204.042437685105,496.292711802018,409.150275871627,,17.855867908883,5.54102028642243
IND,21db5622d0f7913f5479d6a9c1191d80,10.2502610273625,28.3015928142704,28.6397791091814,55.4650012648829,56.8924782417796,2.97693009809959,30.8609978269455,9.86640000955442,45.7701991721659,19.7121081054175,104.448259363705,302.0545186317,345.672201558675,325.107804580689,,16.6457009561458,4.89029614991848
IND,221a9b60d526fea80f5fb64f683d2a57,14.0703926068349,18.2484969513411,39.3518787347241,69.2154000988646,37.8480111776597,1.99881650032551,24.8285838681836,11.4755827000109,30.1321710918456,17.02757740031,159.363278007818,303.451246149863,583.9741009125,487.203218749778,,15.6381478524037,6.44521613246067
IND,223348813f09a9c167eb6cc92bf54c11,12.3938820215548,25.4497529284566,28.029714067596,69.5194504352061,34.0189788630545,2.92226990643129,38.9061961757035,16.6080908424203,30.4862064776974,33.5865962685403,84.071271922744,116.40088428177,407.126476576643,464.453816548415,,12.8960370530644,4.88208443997453
IND,22799921adc2b73c40097155d63614ad,11.4921365293083,19.6252668457291,23.4809284224766,101.291522877839,30.2707482905377,2.01411945339352,22.1680032963052,12.4829229281842,33.9973138075499,24.2289282840393,251.972483244373,278.304651194212,412.350405441953,399.702344004329,,13.5386269347321,7.43922235119858
IND,2288fa5c4105189cc0ee1531092ba17c,11.2402855079405,40.7391204574185,29.8178411057226,113.545099423569,47.1241526278021,2.95363844419014,19.2116177017173,10.8296124852172,26.6560986600953,18.597597924423,88.6380612832532,201.749991711643,307.514530151225,507.543608231873,,22.0694402271879,8.3442588130681
IND,22b36783a4dfc171b36e670487a983fe,10.9754620122015,34.7793352816271,26.076096007203,83.8287003984184,44.77389466071,2.16740648112763,16.526005663588,12.7343997158153,27.8212987545076,25.0151927559122,101.118494693759,281.441927646436,489.640786545129,276.684231149245,,16.4619826994922,9.31875206406312
IND,2483dca69f2387edde9b80b24f0f359c,11.4268917166051,29.8321996704518,37.2368188826748,53.5602159127278,41.2008684816796,3.16682214789484,14.4090102893688,10.9873817093273,32.7491614445389,18.9319756307256,151.38149697159,179.867779511725,428.156470186141,470.039842012467,,11.5948831037692,5.22399776087831
IND,24e7647746252e1037d0db0bc326654e,8.59465695203294,26.0428523490407,37.8434512260728,95.6611646033176,60.8103181197116,2.00327822040766,22.7409994818654,15.9619149240998,33.1529051852538,23.4529264331764,99.1754179833366,266.453062984902,520.899134782601,437.307578917176,,10.3106970662521,5.92824188053878
IND,2552e70b40ba65d228aabaf8fb54df87,9.73828626205888,37.7723271599892,57.850397344827,59.1331435199468,25.0342458098524,1.95743587050736,22.3896522674321,12.3420177337587,38.4224114136897,28.8001316966824,161.060372204433,178.04671032578,412.09172797331,794.337941481374,,9.82660713821232,4.87964710066275
IND,258e73b4d56d999c42b9f448e4e5cd1e,8.43200192013908,28.9340722939015,30.2919783173835,51.3486025832781,30.0373110692058,2.17281064297737,27.0796449103204,14.4417467273101,31.8702495431595,17.5383624774814,152.5098007455,141.262417997435,370.907617195409,263.441209929519,,13.1256004598639,7.25375996847704
IND,25beae5dbbfc8f48c436a43577ef6833,9.84095799735657,25.3061046086716,29.9018006387501,66.2082960605318,50.6169365722281,3.07725511341813,31.3652198395259,11.716649591712,36.1476270108318,16.9470706508743,125.973473416231,137.989086679505,277.774379065248,384.992898379107,,12.815084353471,5.96294963790589
IND,260ce9f6e97d8bfef9eaacc2b3625ba4,8.12522772096289,27.7822039484193,30.1815192182588,62.2300471742265,36.3153203435826,3.61646728710184,28.8027020282116,12.898055443761,39.2734555647864,21.6069739696927,186.177985733535,299.951092296965,290.11203314173,374.288918560236,,20.7841041711928,4.69606862055995
IND,260fd1fca91625e53f7bdb270003d872,7.27351214674398,19.9428507801778,46.9454965326152,61.2012583835268,44.2229159845939,1.87846547569026,31.3680178276091,12.1921649379306,36.6826470460078,24.2302631124758,123.990800054066,164.243924260452,292.443916749698,399.173223920771,,15.3431337588669,5.06564500606926
IND,2681f10a42c115503c1f87aee1dfa57e,12.8572959618877,29.3010162993168,29.0088584948441,44.9034173075959,34.8279524327861,1.20270293986525,20.612841191861,10.9895744589242,25.2964021804223,17.8468190403561,181.373797276215,212.509300971044,573.721833846153,713.742768301596,,18.9185993287668,5.18317229905286
IND,268cc7e9683c1e26796feea8bace8f64,9.4950201553806,38.9143528509011,34.180255076687,66.4826944208891,30.5651917334896,2.72174105081866,28.0858770425145,13.3317094921477,26.8516380724125,19.0658395851824,137.458740309158,203.182549691917,522.249707860869,371.236332198331,,24.8183023501161,3.22304328512719
IND,26c788453f49168ad880a0209a9fcd41,10.9248653838085,51.8971719249589,39.1195702011028,70.1647769234249,38.1210921514675,1.96376763680426,23.1682513448556,14.366210792408,41.4118031764632,22.0690015968395,184.334492295851,128.052489223612,431.097494278115,283.077349483824,,14.4951420910005,5.824458689398
IND,276c7ed2200437878c1fc87729420125,8.69892134261976,35.1720424615653,28.9790769119197,79.8324297261183,58.990639934162,2.09799604615683,24.4886610881256,12.0692324131369,35.8555308745496,19.7546717264846,84.3734916511069,297.121796864128,422.980250636044,562.756627049935,,9.77928103174921,4.33986213489018
IND,2788aa528e97cde676eb9770b42f94f1,9.3649518291949,29.1061897092651,24.4192841073361,65.351453952374,45.1764195827423,2.49462681153094,16.5924185046005,13.9702280829309,39.3941472443369,25.1794028903685,219.416022987023,144.522093657589,622.485983260177,352.873209605456,,8.90303129989287,5.81245582948126
IND,27f5587104b1cc6f96d1462acbd6e136,13.0028926478195,26.2334708509105,44.2148516547193,59.1753818083982,37.4979972325283,2.28730195104631,10.2936941156168,13.1138220244024,32.6077177926586,19.6273513914933,153.789938372003,242.8080681243,420.968075934835,413.538708553176,,22.1879050960921,4.09601858234584
IND,28e0dbc0df3ac61af29d330012bbd5a7,10.4184434961521,41.7599150780258,32.148923449739,49.3230786209969,46.6504439856229,2.20281580420447,21.4678277970624,14.3246303103715,47.6212905705071,22.8581478354661,110.44190688941,99.3764899153804,312.151895640053,350.990566745139,,13.7633316967453,3.35276596601826
IND,29dc4375631733966d0979743695665e,6.5975491906447,33.9618593608736,32.7081208953421,92.1651002932882,51.4287451949615,2.09744091575347,28.9102937984892,7.01842533465496,22.2564030973426,19.2939128159825,181.816195701735,203.290867952374,467.941814458257,452.061323701114,,12.0940521246532,6.34599215590811
IND,29f76f8db6fb6a3fe2f1a65a6ebb757b,8.77319782530007,29.2580694710925,41.4422164099714,72.1687634094681,30.9882590153839,3.24985629261542,23.0680541505098,12.3152027512946,34.0368134421163,22.4623126010295,192.768254877819,195.074656562157,428.968864096126,533.768916085234,,20.3395437449292,5.38347535902832
IND,2ab3f111d3cb4d6fee303dd025c92638,8.77047130505209,20.0131213338201,45.1765444325814,77.4863520207458,30.540795204327,3.03299318005103,18.6932072501794,17.3171715404786,27.3784824308471,32.0207065213078,200.359186452024,182.840046138215,450.802111502233,528.039394431777,,15.5011254249002,4.11045415589593
IND,2b4c7f83ed36e82e6732c5a3bedeeeb4,9.87974499218808,37.2591065598444,20.9210326838247,68.4094886769719,36.5543119010519,2.41334749217085,20.2964463083914,15.3919555668892,32.6163149952093,26.9939717638796,119.446852761867,229.996564854103,513.002302047963,538.321474602182,,12.4056505631703,8.81413918245615
IND,2b6b2219c21b4798c76769453929716d,14.9794649774073,26.618570621657,31.3866318056471,52.2007274801722,40.3340829939468,2.83203835272751,23.781947080326,14.6157547237183,35.9469081149484,14.7598075747105,103.124148206921,166.923829010396,547.372815568886,263.160199382214,,26.1539210540468,5.17159245481969
IND,2b91275f6fbc37616d667a13eebb5c66,19.312008324498,55.6778867187515,60.8600748225232,48.6815501146467,51.696661351552,3.46872617998422,16.0990278111107,8.61708740691599,18.2861815615492,19.1479347886964,195.384404496212,135.63318260666,546.391870557843,247.030019548965,,23.6810896325893,4.77741238351922
IND,2c133d06a36a1ef63377dce2a0730aaf,16.2728718290616,29.1069165348209,28.8634391579782,36.908409912244,37.8236816437356,2.08021998517865,31.9465782747387,15.2169386060306,30.6818182723042,19.3278720232429,168.302265110288,180.261470084295,278.322756585375,368.672233098985,,13.407837854188,4.88187888525376
IND,2c8b5017d61975c7278d9c5cdeed2832,14.3997037785031,36.4367716943501,37.531382020297,60.9224864594172,54.8422496665441,2.56005958649012,26.3056580203065,14.6951958137199,33.0599815721798,26.274801099564,181.581561694179,261.933385245557,479.588257380556,362.535805083904,,17.9485924277824,5.06936365428102
IND,2c8c1a5f7b848e8cb5b44ddc320d7de0,6.53284157753443,23.3590815238646,32.2599186093366,58.1688482729488,30.9698298673186,2.55267724494723,28.4135985586944,12.5575729606417,26.1111104908238,26.8047351505859,165.30689258531,99.1759816003427,346.174757352349,174.453283350641,,12.978668806565,3.38789597745937
IND,2ce9c3ffc68b14113b1390982272f5b2,16.5847830807863,39.7537186958632,42.740023221661,104.118806923678,34.6257436578694,2.80281575136583,21.5055724922901,9.75888403815934,40.8817675306876,27.3840324472291,113.408480765329,114.591232684009,361.548904026669,385.604926944419,,20.7672255520601,6.16868666361767
IND,2d4fc6341b3e6570c56c5b9a27c5b278,10.8785933545318,26.5336198720509,45.772064480043,40.6814889703121,40.4972412724631,2.86485467633925,26.5740458256676,13.1618451155381,26.4470475794608,26.1808194735567,130.822939449723,254.237367623321,489.451700942326,269.876262541335,,13.9162629165274,6.66956363027195
IND,2e86394ea5cfe199677900bcd24827e8,10.4932778603359,25.0722711594219,47.1584178896793,95.9484804453361,39.8890621803444,1.40167735483632,20.6864886012693,13.6033042585973,42.9329604459634,12.0019703585008,123.915417492533,186.174207598993,495.751525166293,321.419632938291,,19.4010006515116,5.04623733380795
IND,2eaa407688f508a2838b8c586a881bdc,11.0080264335135,19.6799619040671,39.1041046083371,51.0808591423021,21.6077162090222,2.59919942608208,15.8428868329656,11.8135782407507,22.7441841333065,34.3173773848958,181.093395328408,201.144561976966,644.603208892693,342.375869595491,,19.0955991987269,6.00778876476067
IND,2ec3a74fd179c0b5bb23160bd40db379,13.5542206855008,34.0590730495344,48.7921439284669,67.0896620958547,39.1062434673333,2.92843475419917,22.2648280790437,13.3487898323899,28.0361296884608,23.7850749367749,208.839775019751,168.300023799666,372.139834327766,328.013115924901,,12.6565638181659,5.43950348556037
IND,2ed44e036079ed8d27923425a6b7fdcc,10.3672766969358,39.6447078229629,36.5404181432592,61.5996608892846,30.6246635007513,1.97626685113992,16.5409005815632,12.2158545029882,28.6916780118616,33.4702165682484,168.527379531777,201.865907241128,597.646626303693,390.537445966095,,23.0256788042816,7.31695817783935
IND,2fc13a34ad1eb1663e7ba6004430b00d,11.6113290434419,28.8744007106793,48.421225652888,83.3167094225519,25.5321527701129,2.38920882357307,16.1334803136063,14.3082101488197,34.3254342463335,17.4198477077992,131.156409641034,192.254306414061,631.688293353123,419.691758789448,,17.0744946783327,9.04702999663668
IND,2fdc0fc9d9391fc91a3b16eedae35eed,11.3710891535002,25.3075162936808,59.381527087155,63.1012218096327,40.3353070030502,3.59336222821925,18.8156654005424,20.4138164365191,49.0559876832459,25.5824336219829,118.408877804976,178.379593540826,416.618250195809,429.43100947546,,13.427425352334,5.27806834946697
IND,30863dabb144616c0ec0d4af24ecf04d,10.7275915806597,34.9989531339227,42.1179515923397,72.1233935401509,38.1526784425072,3.11093214200712,26.5096846197751,10.1101533137456,31.6402253029767,25.0656701249517,131.115047705567,282.040655629556,469.302115189826,452.143501320119,,20.0525307594805,5.89649535646807
IND,30e2228c8a956d1ee7fcd1af64bbbd3c,9.69190110829837,34.4479580409786,27.0280984036172,65.2756912367012,68.2370656407897,2.54188026688193,22.7744189738554,13.8383955280343,22.9110182059717,16.7992322190873,172.328958294256,298.330980510878,541.926351494266,499.851612344813,,19.2218382304963,7.47663032816277
IND,32aa032450a0a9115efc40b90c0e082d,4.53311322323271,39.435625926519,44.8999208386508,69.8222467215364,37.2161789020183,2.63284200180216,18.2005154081644,11.749260591948,36.9696715401329,24.3026447467277,187.893525385632,99.7789077687986,521.278269867277,425.918560670557,,16.4475767190674,4.9467343754989
IND,331139d83ad0ba2a42b42c1914f248a8,6.96111360273111,35.2640583847467,35.0040732392755,64.8213568477666,59.968412661077,2.18486278152502,25.8448503493865,13.9879706081246,31.3243821318272,28.77240063381,128.455736930455,123.681342301108,396.865590016798,395.465296784728,,15.7849479187393,7.72254669485463
IND,331232408e97f5f0fba1c8e8be1f19bd,9.87407479680091,36.6555341980898,41.2500287394605,60.7453360628445,48.0678984033754,2.21888658037266,27.993923281755,11.650260193734,24.9259091722631,28.0667503104672,111.300982817062,209.030901584846,272.107710524842,537.136781021143,,8.38918075207187,7.64793937250677
IND,345fc049bbf05daedba53e1c43cf535d,9.44453283187948,22.9649759716929,26.4724172227219,41.3933918033477,50.4775151254263,1.18030418678727,25.4056372525878,9.69593224622215,18.4512757738167,34.2368540472797,144.054065952713,187.494639933334,467.444883073838,337.44599383677,,13.622485533398,4.42453491851213
IND,35040f3c66e7f752b20c586fe10b4a53,6.30354864791494,26.0624439358492,35.7795336986603,45.6338897698686,41.0910559232142,2.13605972752838,23.653005502589,18.287280804961,28.8274868610238,31.7098700487843,102.809850797174,423.064630899041,364.512668669126,368.709076287801,,24.2231791415421,5.92951976577729
IND,356496feb95c418f4fca75d670176a65,7.18077306908744,40.1716976940426,31.317813545677,88.3749674059362,41.1712702160668,2.613063000217,31.9677246105709,7.58744171990395,31.2309421078902,17.5723432520495,164.050398993373,145.53125390968,435.158132266657,279.587605533311,,11.1713618563936,7.71568007646348
IND,36114049cf406e3d11e206676f8048b7,9.47929871913029,28.5315218120951,44.4897006227107,79.63706231193,50.607341154222,2.44273692835785,25.1536131875598,14.0741714700679,27.0679285420353,18.9739885517045,153.178770676723,153.141637296876,364.490069662417,450.134705484745,,10.2603904655003,3.36692196474131
IND,362ccc5b538b3114678d17a9a98ea714,7.65382456220246,33.3497424569343,25.1215303726055,78.9797894351952,37.9578996992524,2.0538523776359,12.4326382828711,12.5200539274796,16.7812230127075,32.1278363474241,152.092379885624,223.484316571283,286.475677786562,284.731187133834,,9.16600397468348,8.62170874429331
IND,378a1e5f7b32f0859e8e4f50b6c2c0ce,12.5047909893124,29.4511251324601,25.1512722354414,93.0194944460422,26.1698253309915,1.6092799521333,20.9721882949131,10.4537252205817,22.9529757457542,21.5223005287047,138.79533285261,215.964394377877,561.413510814682,513.306946366015,,15.5889866607497,6.91882938784224
IND,380210130cfb04996ee8ebcd9bc5294d,12.1802236436783,25.7398740875215,42.7021976289473,55.7204198608942,33.1715477861611,2.10089882066584,26.341670886975,14.0924434436163,22.4256331763683,25.3455495942865,113.188583313213,169.820788112058,417.880289976496,372.020979427684,,8.93887457981975,5.32483171042255
IND,381ef7adbec8651212d3284f4a97f4c6,10.0290805542231,37.9622012260173,25.5712361756555,82.8395807013696,35.4647729901484,3.51847512356718,19.007686672201,12.2724087385133,38.4726787661894,19.704500714846,85.2868230434691,182.270598021664,351.195185894345,323.285949221377,,12.0184387675754,4.36458416359965
IND,382843b76f36762ff8e3f51f35ddf76d,10.8339398125805,36.7621706906292,34.365245962064,43.1471829891724,43.5643259652363,2.43956677329346,25.9580200010326,11.7414161111484,28.8961961722979,40.0785828147658,242.72451587017,262.194704102692,534.754687784436,535.535050797112,,11.0089743426483,5.72055743146587
IND,399ce200c46512cdec5d038cc684260d,8.6988353505231,29.7795417096531,42.0401296673837,42.376315228253,27.8118058061804,1.29017786543068,30.103763081939,14.9440624707671,35.4036552700389,20.5032061119541,171.643094051939,266.285044496797,579.911981350778,312.141450887311,,21.3197371846091,6.09348500691027
IND,39b79c3211a49750c2f79d496a6471a3,10.6351673514389,19.7071122503325,35.8052834037427,50.4554037891889,41.5310957888242,3.00073759117261,15.8306361516301,13.9789060920442,35.4329986451925,26.0077584989605,126.03119936961,192.898291779059,414.673291956229,228.866426103528,,15.8324219756107,7.64905269610526
IND,3a4b3abd15ff5c1c35506caeb9c199f3,12.1255011062458,24.8808342018758,32.2589406681544,74.2635551409618,37.1345568017148,1.93198759041168,15.9239069255139,13.153127072204,22.3117925168735,23.2962487657209,139.413198941687,221.270803755595,442.667817879982,305.519236723848,,17.66989961206,6.9864688578424
IND,3a6e73687e22e6d4c64c03497dcf107c,8.31249577810271,37.3492763055628,37.4696201796469,70.7824196660281,39.0888517140533,2.24321276113987,19.9681436146824,19.8811496673224,42.031496901669,21.1148066896067,102.745837133508,132.520835783046,287.073461148279,459.540617213136,,14.4431003538666,3.75738996116181
IND,3a8662e6bfe94fd7741994fd121b66b7,10.1163296705347,32.230183339035,25.9890110167849,61.7770417288029,40.6146677418904,3.12965218059585,21.4614896935784,18.9236553962972,30.8716334501935,27.3681948254528,115.054563311968,154.187370589213,467.848234781361,257.092043370416,,14.0721374337589,5.99674101388695
IND,3ac70703296a91c5ab917584bf3ba4c1,11.3627001796884,39.3418608115183,29.7614010213247,56.9077736488842,46.6434971671054,1.96333051658632,17.0608009443092,9.50136939872828,25.6937932487588,15.360793779341,149.517237209652,96.2179550004252,561.069528236171,268.964238674818,,14.7943338109927,6.06452855176722
IND,3ac7d43e0a60d6e954cf3e911fcc0f53,7.50668235347175,30.7543662577265,35.9773956485662,80.7161229939011,34.9808531991128,2.40684128690373,15.7111519786528,10.0844277253189,33.9752864696492,20.8943176582013,124.88289493347,199.371822016735,469.223899030676,359.480234791895,,23.4619596106748,8.41894474465522
IND,3b733dcc9839923bbb1bbe0f9cfbf5a0,8.4179421542511,21.4046089248149,27.8908723615184,54.9475117661338,49.7765867153033,3.22474668546571,25.7193013987657,12.4738711390794,28.0344346786078,37.4402341014844,121.106958994547,228.271709520479,433.955984140704,221.792011508838,,18.4960102865759,7.26378149302703
IND,3bbde40e033ee2f75cf696d73bdbcf6e,9.47743610246787,35.8317069902389,26.2666029044788,46.6467342857076,37.8669005769297,1.92822125694894,44.9941720793953,15.9509197461728,19.012154633692,16.2467561047249,131.485978961771,212.001978002283,481.444542517291,405.699918289827,,12.5032083961536,7.03110496291032
IND,3bcaaa6118134c03aae1e0ac4bd3321a,7.20328348676133,23.1196075901542,37.62814401455,59.4429781344846,51.8248048757116,3.04676532111482,25.8726327894564,11.7218856878457,24.7181113237773,28.2809153866511,161.788634051107,149.862827083957,418.121932123736,192.636402525274,,15.8912263572417,4.74937961033584
IND,3c5268431e01dcfe2fa874c88375ffce,12.5030765946554,45.8806612132896,40.60503640284,56.5061253517586,66.5926858604462,2.24104513664508,20.4694839157369,10.2082487840537,31.7715977737669,14.198925715161,148.752378125605,259.3228257238,366.651198191387,333.297138088879,,14.0512557252149,5.9407417997729
IND,3c602565e3cea4745bb0a75d7448a9dd,9.55228937114514,29.7858001697796,33.8394658296706,104.876118975628,27.1736183448058,3.42831138480477,25.4764136442258,9.54251061273276,40.217332664715,36.4817056462181,146.656252600332,363.788293508874,672.701918240667,413.199877769843,,25.6366406567879,4.39291695403968
IND,3caf67111f13cca57fb9664fb9ee7d8e,9.28485368176698,39.8515623187328,40.4743454673365,73.2477320282914,41.4404833543464,1.8455810133637,14.6587126996825,12.7293926776501,36.0642400141462,28.3233689062237,115.112551927689,248.073555112574,595.183172348739,467.492783160936,,20.0669158699151,6.71604510220904
IND,3dc7b350bc184f2024c5fa2b8b0b39f6,10.3609691827512,18.4362191386307,30.2743580446914,78.2650816023356,51.5700175162004,2.57209379772351,22.3137159244228,12.3998731109751,21.4772185908514,40.0876631875875,125.355346741602,213.619499209823,714.190525058062,291.397496768295,,13.3678488502068,6.03981852821556
IND,3dfc3a3550ef0c73c94b0c145c1aba5f,11.9470521750217,23.3228824391505,43.8884024016502,57.0106705792325,58.3960530511867,2.11355532596643,22.4763082474591,15.0098891065011,39.5413404397722,20.7517186831763,161.227888638765,283.105055154115,547.265271019828,300.300928715258,,27.2344126148513,4.48583224194861
IND,3e073f38aaf53b49891f7d9b45230329,10.991919595872,19.8637302209665,21.2431934141081,55.0167633319194,43.5885031581468,3.57258270224643,27.7912174567631,10.1054369286948,26.0933235248124,19.9606785987765,117.297101833473,260.755079678252,476.103720386595,427.990620514509,,19.1979723590836,5.72596853695628
IND,3e9c0e27c0e6c9000aa812dc97472088,10.0570542930089,33.4359773725682,23.2969182213716,52.798723558099,38.6213140315518,3.06675620904289,24.1873065151282,17.9423848082954,33.9698700040061,20.4847229428084,130.707465724972,257.406701386237,540.771474479343,345.158466972148,,13.6740180463327,6.18994975247441
IND,3f5d35d631220caa2b8097e779dea0fb,9.02365816348122,26.3736407828885,52.6390027252439,71.526085750386,39.0634811043912,2.03065989460388,23.7458753616995,17.2307384794621,37.5333717023137,15.7361389805979,158.917597535749,245.068558478436,349.44062047546,611.985103742877,,16.7635809739197,5.51336159087856
IND,3faf6c00e193087438e0d4c86b517e0c,9.08426179485492,31.4202655481221,36.2611612530286,58.8971401852654,50.3229150279681,2.35626728208649,20.5940519301821,17.389402062443,32.6229628421074,25.0141009608615,163.82690817978,110.611392917209,507.428601623658,764.523249389218,,9.60077403348064,3.60167863135669
IND,3ff836145198ea9917eaef2399a80c8e,13.8378077724172,34.9103823536212,40.4889720204563,56.8211909919247,26.1978305743713,3.12525667250497,43.5695502066487,18.395313084907,37.1040189467674,24.8202965016977,164.765119697943,192.682303023092,462.27473584897,226.133657746961,,17.5160924582174,5.66121932293234
IND,3ffbecc97846ef5d8c8e161624b0512e,10.5476527915565,24.9535200732768,38.175242419685,87.480728448232,45.9669978213331,2.23435933754661,28.284995174353,13.6664792179643,31.5426971337588,27.9301576038108,141.353761052271,276.322611169671,453.201054537293,394.035575076109,,14.3671744370833,7.31386337632816
IND,408f56207c5334f9e7563fe75b67ec72,9.52283230508954,33.0219237184901,42.600020291021,54.0013621730009,18.5258069702271,3.25923843607406,19.2129148591958,10.0397561342363,36.7797013558703,20.5965351959741,143.45571329567,136.676514608677,424.463254546713,473.006241616451,,18.7010061873548,6.41956584520164
IND,40c000782c9955bf6a7f053f3bc3dc4d,12.1219340076464,35.8694223299692,43.1269057980525,77.7681598120238,33.9997728496048,1.51935133760136,22.3161254579391,13.7246975365158,28.70761127912,23.1049421119888,126.572732871248,224.167492236247,357.392987671428,558.369413123126,,15.4122556215972,7.38041335220964
IND,40d1c3c0050aca184226ecb855646946,16.3985229365467,33.9513753175729,48.0317816342544,95.3483420960825,33.2035807805161,1.56611014167678,22.3700725883435,9.20340736127149,39.0661498115382,20.6863418918821,112.496964020528,138.64040627025,281.589430993153,451.738158998473,,20.7685283802817,5.31536096189265
IND,42045db942b2eec4ba3584f6207a66fd,9.56357359922288,46.3813812721246,40.1923673258735,64.0354791293878,28.5536096578025,2.19062844816262,16.6195869709705,11.4769599719267,30.1728771965251,26.6393199157878,147.925454223473,185.433721504948,524.20511551026,368.88417454841,,16.5488699754859,6.74359543189583
IND,42b8c107b3041a075dc4d841acac76d7,11.5232918458945,32.5354273071168,28.2847642552874,52.8910152074479,52.8191089208326,3.97250886814634,14.4751921148881,9.9115105642993,27.0226885871202,26.9838273309568,164.427907338888,270.757980916006,363.052207032216,564.676257596562,,13.2866163152517,7.01837952051713
IND,43b30970a6784cf0d61ef03e0fd0aa86,12.4479867532262,33.9907664853873,51.5283325478172,85.7878998313579,48.0454505447059,2.75656282587208,17.0823816615925,8.6134029750009,26.618914907726,16.4272321459538,161.893356704803,216.314067700701,494.884065771041,595.16004366748,,16.8018823405417,7.96449167216219
IND,43f2648f379a6948af437fb38201368f,5.59299497285742,24.2680027587531,45.2592955262653,52.0661720969093,39.5097813239648,1.79104492520267,26.8216515721728,15.5425388132254,35.6853837335447,16.1232768768454,116.197395344346,248.940018987426,506.82100956894,207.775888348717,,20.0883492724158,3.86164045793371
IND,4467242e3fc550a56e554d9886948def,11.059931975877,34.0426022908759,46.2436003182143,62.6582254932615,60.471314594255,1.74846959054046,35.3726192200898,13.6575939537006,27.2038717629835,27.010841132192,110.952428765752,168.269873043496,437.539992824044,344.820561778826,,17.8036048882654,6.76709219836359
IND,4603f015b9f39b59deea5e4ff89d801e,17.1698335630985,51.6937506211524,30.0461260456238,57.0971797168685,16.7658549293662,1.87309172387433,17.6396278944502,10.9765646544591,37.0125871104391,27.4034624453133,128.654863087721,311.551771039143,511.573039680568,318.333944743313,,18.227414281895,6.30106096888756
IND,4621bd59547d4f49b29d37b7afadd61c,8.35128993579773,34.9353729859662,36.6554839644287,45.1170266989966,32.1299294698895,3.84195896395974,26.4106423915399,15.3920517876906,24.7291381746311,34.0065051184855,100.392148124561,264.936457436156,306.909691928947,444.612634686059,,10.8865882787793,5.91376696578141
IND,467541445954b1dcb6fbbe73fc579d9e,15.3341122097989,33.9089888767441,34.0670746094642,39.0727499761981,50.3413445459829,1.82003517426274,35.542468475048,10.0964110153998,34.8548266663633,20.7940118164558,105.120146190989,258.786659318026,486.548440891341,418.539341243231,,17.3178809896927,3.91710528784975
IND,475a0037d61d9de268b4288603978eb1,10.0683131228401,21.3265105785576,32.0398285933804,49.1119895468824,36.1014732122639,2.25361172372369,22.220336600927,19.3108647745906,24.3731011245334,30.9621603246743,116.839108409466,175.207439126901,296.473042274974,343.221857659644,,18.1610453558552,5.94740066534589
IND,475be699d32ba695de24a4a95034d7d1,8.84086109041168,47.69463538174,36.2369170041413,83.0538395885407,39.6937196798391,2.62234611679749,24.5881681608406,11.1751760738978,33.2657724351829,21.2671574758998,129.323788924988,196.623727374462,368.748809702262,421.88231565994,,14.6185587774681,5.2150686443059
IND,47d6a88ebddf4dc506d77717e42f1c1f,10.7952507031815,28.9592360800296,25.8957690566912,61.6727877022194,46.3253953296263,3.47516336942257,22.7331458865761,14.1760131740454,30.8001437897827,19.0247987092199,147.848837022636,306.220517072492,520.531167019586,475.464769660595,,9.461064813034,7.10541505090948
IND,482961d000f9cd185554dccd9019182d,7.28587842041594,30.6832137135658,29.5123573468051,69.0057994202351,30.5790683010871,3.27086749428122,23.9787855466545,12.2436628782638,32.4787815797851,25.1843790778486,117.216063571343,190.088890490851,324.427835408511,350.874306341779,,18.0955138585104,4.88403200280742
IND,48470ea25705fd38b7ddab13b1ee40b1,12.3952722290103,29.2447935317129,20.2987632933339,63.0463545683835,35.0641362591257,2.89525866686076,13.5377360194073,15.2939012390817,31.5581793287063,27.9103711345043,126.150848462219,197.051726748134,264.956124741106,522.529362571945,,9.94800168425542,5.45904655120017
IND,4948855bc0822dc4500bfeabdc1f5553,10.9508704071883,19.7467325121453,22.1102342920356,53.6893429128809,28.8147617581339,1.79152568015689,28.2372011481249,12.6351161775463,23.5463038972118,18.056355829604,137.545038889569,191.51106729929,447.047073866315,287.85101870687,,11.2690020962296,5.62606477310511
IND,49776a822e506bade413e4ec3b9b2f0c,10.3652900848093,25.0572041352,33.4685863021188,84.0864766505895,23.6787574668493,2.46493524302238,23.4098744283229,8.42027991289667,41.8887198733856,9.76879049063217,144.166260154381,207.583387056452,353.228235356382,643.938602941017,,13.3017113764306,8.45993566571034
IND,4a4358e1c3122bfe55523f1b780da9f3,7.31101475106326,29.4054626393685,38.8828187165806,94.3299468382512,61.5197569428229,2.13589879173438,14.7987086656545,8.60253071001001,25.2433501559087,27.6976248872506,138.812117571719,298.183137820841,481.943756417419,368.232400222773,,8.74025494502529,2.95418533721999
IND,4ab4d4b36091f0db2eb9b188a03af245,11.0491836642976,23.9310998876322,25.6776250730907,80.0722567588051,50.6672301087501,2.30330229046612,21.0925310243996,20.7323816945854,31.8139608580724,21.3448097875946,139.707435193007,306.286663773949,463.397746239409,553.808588642688,,15.1262878120947,4.95983560129584
IND,4b7023e1077c4906d1dbeb753c6dcd22,10.5888217841153,44.4994396204493,27.1739928893278,59.9506126977736,45.0042904798495,3.21075871586446,15.4375468147135,13.3397587878826,20.798913512068,33.4932674186096,102.659067603856,192.385455203824,469.787518558321,430.013243153679,,13.7039256169939,5.59778701592536
IND,4bf2416bb9668252b9e983117cfb87c9,6.0779283768643,26.8134947416558,30.4989532452649,52.1003074791242,45.2341588304913,2.46439511862834,25.8994975537611,10.7147066003402,34.1911617618552,20.1750957390768,111.478849393348,305.844894150369,528.199831713645,327.22117785104,,17.4391760826386,6.98470801217897
IND,4c4568fcabae92ddf8e39d7f34e9f50f,16.7697500290926,43.5363935478686,28.7278914265204,62.8811605465132,56.2604448798831,2.29075969349052,32.3886757677257,19.2184173794447,44.4393689191547,29.1036244211323,182.115447147761,182.614339746914,482.891306636962,598.492096736491,,20.5011992462129,4.09042282332928
IND,4d1755d33538a55827bdc9ddb0f3358f,7.69572978601554,32.654845311521,28.7424625532782,56.6104318567003,59.2516179136558,2.90589592267191,28.1150107323543,11.4903710273991,29.6126163751655,16.5308344942798,137.307580053274,203.634685207635,270.566377055044,400.833693175424,,18.1452898149872,4.45488155921505
IND,4d78cfdb11211bbc511748012628cbb8,13.9166116189003,19.9731848190693,34.2318988968972,76.7276026545736,52.793265486707,1.61154870118752,28.0181333850479,16.027579471886,31.7280116774364,25.6285860835395,214.31311443761,120.332374724389,330.370276810615,336.253249179462,,10.258137530771,5.89697090472604
IND,4d7d25462afa0bf2e204de443d8aebca,10.5805779902097,26.9655910130464,25.8860291028146,71.1819900119938,40.8220667193581,2.68013996517841,27.1899704807832,10.8419649745258,34.2726981803569,21.2666992759205,138.52207087614,253.20722526084,393.321055251972,413.075659994456,,16.8971920800972,6.54709167522267
IND,4dffc760cba348ca6850cfa35eab7b76,16.7584625468833,29.1831682992195,30.234316682608,74.9004920845837,44.3288402427198,1.17349421396782,21.0660784930908,13.9439809771294,27.481039238148,39.0027007356385,90.9798201843391,169.531200849629,545.261298524929,440.485080745569,,16.152433767393,8.571595146754
IND,4eca3e6aa3ba9bb1ff646fd4976fb0ca,12.0672712209252,26.7989485190926,35.286705707507,93.5895936498838,54.2198881011863,2.06431078498452,21.8295270497572,11.3235373177777,24.8533162310495,27.4731633177938,123.184781776412,201.63644337976,444.465434353571,328.124071131874,,11.7969066902735,5.10328127914051
IND,50301b7317dcd1417f1230f9977306e7,8.52280036025694,37.6595231308545,43.8245298948689,69.8466750316009,48.3117258489414,1.67509316811661,30.8927097351569,21.0374321724601,16.037298789486,32.9908088863978,146.49538154429,154.938380551887,538.746960394212,314.186118327054,,15.7462212934599,6.74217233895054
IND,5093b275b7863a67784fdeb32a8d4e60,9.88161906966421,28.3454982046563,58.0691180005183,78.9608121065459,35.4386343995123,3.40358893738987,21.9469480163141,11.619290584274,53.9015318179158,21.0702159090988,138.730947071209,225.588262503888,379.646090067336,462.306131115876,,26.2265482346354,7.13836672331211
IND,50d19c3eb1b64b0338b4d69e0a62081e,9.95300273091848,30.6545324525453,22.4554424418105,56.5597916273524,34.3973306497371,1.06505566782347,32.5875325030168,8.41087516083053,25.0551462134521,19.9344263288744,85.1455421574645,230.266151559081,330.188903629917,327.169576207035,,18.3863467338664,5.02583682849194
IND,50e38e07bb360134d19540013a69ac01,10.587061108049,25.1669499946268,33.2619251466621,46.5953787018813,42.0048017300252,2.29778895336819,23.0618049155595,12.7195381481792,30.4394912847129,22.4882391293738,184.664695168627,170.88245381124,502.208951920856,620.655850717264,,14.1543373183992,5.93117560388717
IND,512c55062488322476504f19cfe0750b,11.0757088107324,32.1436428146329,36.1196231390591,69.6038481125426,51.2995840871699,1.37200348815101,28.3010312003441,15.9706454877793,57.8365432696997,26.49077544066,229.865540542253,69.8581891126749,450.320455106124,258.434997433344,,21.2438123751864,7.11453063009657
IND,51a80a66bb17171c152b587c1a317848,12.5387571526029,38.8757320729108,31.1148571832887,104.525223898733,44.9583369849972,2.64367582603324,24.6617802802614,17.8597767799159,34.5365130522823,20.4908830994641,189.469182075728,138.505854423967,465.528451757408,525.540797197293,,15.7129301999626,5.01724669304845
IND,51e4f619f46a67ab7f7e631116d3b041,11.0907433511594,26.9483680960458,29.6407712201301,66.5858926061942,56.5347181838413,2.35467033127824,20.6706538554971,13.8939609776348,32.2269697673485,23.6604450786268,133.033327753733,228.263010234031,382.431173286037,531.05533777867,,12.3673572860796,4.83206795932496
IND,525d91158222d2e6fea6bf907de1c0ae,8.94860051937743,35.7672188771311,11.7637284832089,49.612256563975,50.0344124523573,2.42317808063326,33.3053054953738,23.0161579284784,26.4564525941272,27.8964687270081,130.831007602243,270.96154632408,484.775958371427,464.037817179347,,14.2948991543768,6.04059346931699
IND,539107925a4053ceaec09ef2d5066698,6.37533465192642,30.5133031262886,43.2806510914636,73.1862889535112,33.140030286291,1.95452478306152,21.6426436285566,12.1110250695116,32.0017554822488,32.6060180886935,104.399195417668,107.747413384522,433.765770573032,402.42308258399,,9.3423341299598,6.08881087024124
IND,53a763ffcc371db3f25503b8841bb40d,9.21553330294096,26.3585040176703,30.8850907020077,64.437876845865,38.4744844509728,2.10254492437672,21.3062897996691,12.6471021406016,28.7417424544408,19.7905160422559,115.820742096077,322.910659767307,609.411332249385,600.237578210405,,15.1655425826627,5.47408734435597
IND,54a9a1483968a8a096f33c701f2645b8,9.31008630039046,16.9509157120572,25.9545003113155,54.4360480881744,57.8477570802273,2.89719095852553,42.7076761760785,9.43821391783546,27.3161693519286,29.5739876457884,138.683030430623,155.681323236537,536.361184213197,304.356448202696,,19.9717073215,5.99785044083734
IND,54bac0f533b3ba82a1c1931b54f59e5e,9.17854298160986,35.362939325879,28.5169361051868,63.8748917681851,40.5063125978114,1.65395122958345,31.2232123017672,14.4538083423809,29.4969283350785,23.5882111004915,146.198573923144,202.79708540941,596.098393359749,411.675515274435,,15.1967542351546,6.22076758711058
IND,55293da386664fb646b3163de4945fd6,10.3586681720037,30.5759758357178,43.8493370693367,99.0890622967252,38.9714848300835,2.06468934097931,29.9653971620365,7.86475406129158,21.6995206309128,31.765491414953,166.742544282739,268.703615481132,487.380329505954,394.981000978067,,15.2761760274003,4.43186855323589
IND,5600189ef50baa68184bba19e350e128,8.42299899724581,25.7046836404803,46.0290215612093,41.788184489292,41.216711102477,3.06918941792307,35.3799053920964,11.9490386761404,25.8987853363649,25.6281106780596,90.0072919761577,168.685473866083,559.098366475101,401.615989488562,,16.7263179586797,6.39882913457814
IND,572d0a8540e6220b01ce317066bf624f,12.9288989752039,35.9590334878682,35.6704131419857,53.6454353545081,37.4222137041622,2.22525961170618,24.1144833819605,12.2749407742404,27.8680269617047,35.0887839404534,190.257141493853,183.050772486836,612.842510208472,467.31223303007,,22.5310770690292,5.77067742279837
IND,58247fc36677c7aebef68461af3e9eb4,14.0206654685299,26.0935047765697,36.8232106437499,64.9508907125443,43.4095761180105,2.06374106928699,28.6279163189046,12.1253610367069,23.8728727735044,22.6486469006942,151.165902472935,192.428422478474,447.722654927976,429.034496148604,,12.8631543875055,5.36667975595474
IND,58e5e5e8189720b92b9caf8d0f575897,10.8527024474576,48.2470763417473,25.1522144240891,39.8566765582887,34.9231726022116,2.32180232066744,23.0986952441865,13.5044253866377,22.8513845289815,25.9689498065659,195.772881769684,209.075593569175,480.349137254864,508.504153644842,,19.0418299021777,7.46162454306214
IND,5a08453ab29c9a836b8486550a061476,8.50430127267681,33.8472697370307,42.6248700219385,74.1671856778374,31.2466368766125,2.08126504291273,26.4129750405185,18.3714161766212,16.6666763326,23.1565056723519,135.885000540598,142.848755160548,438.88547538805,477.012395963262,,13.3462439232662,7.68239294397173
IND,5a8fce01f972dc1ad00aab30b239e8a1,10.1337469447908,20.5006525868349,41.0145794974372,54.3405668022329,43.03522197175,2.81481054109201,23.5795603653416,6.10967778844005,38.0805210755016,17.1878382796361,107.574376150316,262.351791644463,528.634257491754,394.987966670366,,18.548973708297,4.88823520654766
IND,5ad65a3c963c0d98f0820446b4a64989,9.40027710220041,20.3704388085636,43.0431841092304,79.0064916971356,39.1719704962942,2.3365551934703,26.4839773647757,13.7229754407453,36.2597045549057,33.3195983702253,250.121200140141,199.2114980749,330.560293273023,452.465076748918,,16.4747559037511,5.75161161684129
IND,5b12b95e9cae0106578a8cc5c48499e2,12.6103834026819,20.2368010843263,27.7391314411674,50.7152976329792,28.9178934664167,2.83085487043725,24.0494930081816,12.9141534382317,48.9828769899127,28.9237286212185,248.210323772119,250.991864643163,329.68521720468,521.277813300443,,19.9364594249264,8.20251515974818
IND,5c17797f1a7a5a25b5b0a85ec3d1af91,6.66509533771252,20.4498321430668,48.2480099962408,65.1294292765905,55.9560058293584,4.0280747497225,16.7309545713437,10.5904333494969,28.1240189817901,28.003100105407,121.445125482892,272.229848628523,291.941353319582,353.372851741627,,17.5960101093806,6.88322400368273
IND,5e2df4749cf289b27bcaa52c179acbac,11.1800695288241,42.0249999887262,19.7919815439264,53.3456845337411,31.8155700052164,2.25655111070543,22.9944351711283,17.7774315836369,19.2974834474473,23.0380896565996,208.160789421069,247.465654987141,516.403821625432,641.527550035831,,10.6098769095654,6.10496225583299
IND,5e780dba2f06d048c22ed57a0411577a,9.57962108985884,29.2063823507173,29.2045548618053,71.7548172178875,52.0445976733491,1.81929273711768,19.803986194593,14.9466324338195,29.4723588968867,14.4756275635792,127.216379040606,255.799528812831,422.481865588355,409.525607890449,,14.9844993232233,6.68428143611074
IND,5fa0bd85059f09b0bdb8f6f4dd8bcd64,8.57070631284993,35.21915989429,27.6362559655063,58.0730368344991,34.932505995216,2.86245750269128,24.0066368620213,9.86589638651043,56.6122066284191,18.7955552790973,201.412496807962,218.974813801722,411.050970610504,400.423494556431,,25.7377775248568,5.41730991051875
IND,5fc72c1b18ac384240c58531d05e0d10,8.28366813650631,36.3367624508384,24.9832069587562,93.3471418897332,41.5355417753725,2.20932380306662,16.8261963094954,12.5047303686755,38.1537774996667,21.101558103266,269.918159490491,240.330997155626,508.682725807051,416.070985902373,,14.0856776271261,6.86041617558835
IND,602b91179666dfbcfda095e27de40016,10.9665428480985,34.2030315622381,49.65427022207,50.7556965802919,30.1715101527193,1.804984402158,23.7806620864973,15.3390377048651,26.641064574356,24.7966023769501,175.174994919798,223.07400758277,562.693182118084,217.384649968147,,12.3840284675684,5.35930216335908
IND,60aa83d48a0a2107026193bff22cdc89,11.51085308003,25.1705302923499,33.3468609654837,46.9977711342158,61.1297144978308,2.86748301514297,16.7247622893599,16.75654710605,36.6839701770605,25.7506084401533,214.798015998047,166.701876381133,292.633703572915,311.127959644137,,26.6352735791558,6.52924347098262
IND,61749b38b0ae996bf662e4fdc31ef718,11.0718138242461,42.0744150778064,33.0321887701295,57.8448594460702,42.0728550511502,1.31073477250892,26.2809956451727,19.9959107030243,37.8730200250439,25.571782384643,111.678385445781,253.139364063969,445.942044195457,442.060369765207,,10.194840631521,3.37552525128604
IND,6174e7ec6c03c7c9acec7f108aed7980,9.96668968581353,42.6168112494567,28.2737936714625,64.0163058475192,66.3262631443941,2.68460046567051,31.7788498279797,10.0716292954243,31.8231355808136,21.208090968305,143.403002188655,266.609190788158,423.967191746171,435.160407340489,,14.0576543942814,6.35252421419439
IND,61df0fa198c0c084063f42ff9faa3333,12.8856290153485,20.3399392104493,42.0741524485406,56.9143541712476,52.990048656772,1.66003985162297,24.08328652951,13.9734499623561,35.7949593697699,23.7112885713078,134.562031074849,195.953729705958,435.257519557632,362.404972063672,,23.5509879985126,6.96007941524666
IND,62d1813761f39406a7b03a778a8eff3e,13.5724441939663,35.3921823713781,32.65881568545,77.6578685521908,50.158532000066,3.16762616565696,24.6832752796034,11.9513148482604,34.6808168343701,28.3236074591613,122.146109834718,165.154032742175,628.264091433728,420.923884939753,,12.6603926280615,8.92264002211001
IND,632c1bf766e6750e584f13919fcc3d22,7.21085388087292,30.4016855388058,45.8848010953349,66.175383955386,34.7267549216031,1.45123183363261,27.4559154144816,15.0263931389997,29.3387928856633,34.8179257802954,145.105301313807,271.334628320639,336.119637922662,458.148007690639,,13.3981370024213,6.15957274264841
IND,644c816c6ff1da3dcdf760ed7ba8430f,11.7047782995573,44.3770136863574,33.3177677405705,38.1783699338034,46.8548153422101,2.35672460021666,19.0488357072139,11.9260696400003,31.5364961954152,24.8009608539181,161.132877232231,236.659917317953,363.355194506878,221.338858558391,,16.8171287113591,3.76835307386467
IND,64ef3a487ff677cd60411270e42ae7c7,15.026474442458,19.0673144686229,42.3401447814804,78.4129502962176,39.2278799353385,3.27209684170143,31.0921862443858,13.080253240736,38.3620704463003,20.4077532053983,169.763693872746,309.660680383727,445.342489257708,351.864855134508,,16.2308261505951,5.43742096961379
IND,6594642938b9875c1f92fc6ddbad86c7,10.6604166326246,27.054831723789,56.46228344503,59.4776540811183,45.8672792721704,2.52857385454797,27.9807184526879,16.8357999500758,41.7116513810703,33.0571617841062,181.774454354114,177.010409021928,582.914215490562,380.906238399504,,13.5651176392395,3.71590865038412
IND,65c234b157b644bcf10dbd33db5b6414,12.3865136679415,24.5399546876898,25.9555100890831,61.5677909403839,33.1281898273836,1.86942002261744,36.8344419510978,9.7810846209407,35.214353889898,30.1680455067485,151.831664127119,216.141905581184,607.963888746125,335.307179122991,,20.4627096001203,8.50219594725277
IND,669803dec59e8fc8a1206acc663929aa,12.9799320001441,21.3408805641735,59.5238220402818,42.8580682749879,34.5844010712084,2.36564241464955,32.4988586700594,23.1807981684857,28.9439197940462,31.2808514936033,105.305671406987,232.947868322378,505.841663223541,473.981520485118,,13.1076548846031,6.80984917330512
IND,66dca895765105be840206ad3e2f8254,12.6588987508595,28.4303712073677,23.2227067136543,53.6596950440758,50.6590505690308,2.17245037467302,34.5161137532371,21.7477408597515,37.7976699055339,28.2131579792558,131.388274688715,261.536157474705,461.74103123906,531.55278524312,,11.0516191791234,7.26879071673758
IND,676c5258a044b0ffd6a9afdebbc25190,8.50122262211531,30.7755105402738,40.4602880182848,71.9292523886827,47.473287135545,2.67011626374532,16.9405567364112,15.041389266117,35.0003905106938,24.2441329752267,137.613680183167,140.733255229163,426.440450755059,388.270638395299,,21.8854693122738,4.51574443855023
IND,68162bdfcf779f7ef3dba51ffd19e971,9.81444607615971,24.6339530872545,33.4436895588804,59.5470238643106,36.5724543782131,1.67686414602552,26.7541214839314,10.9866535900825,27.1823711083894,24.7599605264286,226.917476475128,211.731142080187,225.228838976746,418.979748376402,,19.0777081986111,5.76270247959802
IND,688deb09219eab962b5194fcca485a99,7.73233375059236,29.9330975211351,23.1100860383961,85.7615237085606,41.0271660776635,2.81432558776838,28.8281482832691,16.9879844546951,34.6861240419215,33.7138039912828,138.162420605285,284.247517934395,582.423886229284,563.237656580033,,16.2854494150971,6.09124621405543
IND,68db7090f080c0fb4ea0c32ff86c2844,9.52644428246412,24.7527620410806,52.5090727484247,53.1835750061353,52.3069040856183,1.8402972503859,16.7920612043106,18.4510394636671,39.9518263996631,37.0817945616463,115.367294290877,176.507006327043,412.449392908674,595.394131892873,,9.37112624315281,4.8301466483763
IND,6a4e4ff3ea6d4855c46f74d63bba8a8e,8.29639185928038,21.1509473534105,36.0005497717498,73.8517353058445,49.7043572574186,2.25216543269177,19.639718345853,15.5188907367827,20.0802857164451,26.7940526292833,131.562325469601,165.416487731337,517.90372926006,504.353399616022,,13.8549288829807,4.74811831494541
IND,6a66327f5ab49fefb0d75f8ae14b4e02,8.09766026503764,23.9486400459378,40.4693602696648,81.3600438018209,30.9475555274601,2.92731670470879,23.5342825261705,21.2386514425491,26.5084355422412,22.658556242406,191.935245008513,200.080315538897,563.528010254539,337.239762648535,,17.5351673845935,4.1705823231205
IND,6cf0a90d0a86c9df98b40f0783454008,15.619395262218,42.1971061469825,58.1996298400002,51.9669689828203,35.6042430632938,1.81033610832425,28.3775899370458,15.4417404220343,24.9022582005078,19.9050703903984,124.63503951959,168.2633613296,534.945020705778,385.454572735198,,24.3985458341094,6.64661616928839
IND,6d024a048ab854bde1cd16959bb56eb8,14.9884271599206,30.3060127280623,30.8608428714133,46.9729175663795,41.3181821784147,2.14833078087459,17.1492568341491,6.85783983189706,31.7735723498481,13.8693423643276,169.60241644525,245.925341521794,576.779614500579,440.09347135768,,22.0525883633653,8.8191112868695
IND,6e841675156f73b2f17bc4ad38ccd97c,8.99998222195378,30.9729072041661,38.2703000598048,54.5891216518747,54.3196842291894,2.83966787148034,28.262963524452,18.340119341261,26.8688612526091,23.9455823661919,106.9567840905,190.529094383406,351.750819976934,195.497926554601,,21.5780269580412,4.53845542084546
IND,6ea12f68d8c7ba86cea495abb9c0c9df,12.1344319050849,33.5311819858151,48.5995866444055,59.7490219110576,43.1649899660174,2.64003771127584,17.3148522952489,11.9344652969681,31.3684387127704,32.5255642206465,120.481346390814,199.522683969438,298.919566933958,595.101799838161,,13.2674661659976,6.72225373515259
IND,6ec5701fe6fcd9c8b69a977f4660e721,9.22248538628729,22.6986346891773,32.7082747704533,42.8671189073383,39.3791564508906,2.4077271527253,28.3375442543941,10.3928517235427,30.7401494276257,28.9819830429281,89.4112686085334,197.395947282737,552.880983757532,588.283350536249,,21.1653098034731,3.66382527465987
IND,6f6831031fb6dda3f8db08011e7d75c2,8.09043044544241,32.3800356986135,45.7676194130254,39.4362097522644,55.4656158567962,2.67213349851789,31.4501856652829,8.80652708335164,28.9465360542147,35.2396245724011,120.381199830851,170.568946875552,428.366791110293,612.002676500146,,22.167936964083,7.45534619606033
IND,6f7f5b7513f8d94ec74174739d01f0df,12.1184026063808,31.5202276891547,52.5819507631474,54.3473182094975,26.441111670973,2.92940275247521,27.5905090905402,10.7486051697166,33.9218374567125,17.3861751344245,119.158995224791,222.560395219745,364.801032651724,525.196103985461,,15.0397932596549,9.73043468517923
IND,6f97df3fa4764912edf43fb3e1091979,12.1525547667817,27.3252924559641,30.2272780088518,71.1130937659077,78.5026660901568,2.0208708142606,23.5369348629864,22.884182237669,43.6269389575236,28.8925584191532,132.605538710826,181.07331923473,532.620352616513,542.595203851619,,18.6758703902003,4.11968802962819
IND,706a4d244baa8ed913a908bd5f00c387,5.01890546876491,31.3293607627686,30.9737553270078,53.7776751742439,46.6531620448464,2.30644250264225,28.4794843389281,12.6904760633907,32.2511371415157,31.2703267689355,132.231330555491,263.632912753092,378.59803592202,493.111191213151,,17.0052226139482,4.68950471448036
IND,706c30969844998244975a73b851bc5b,17.5155948993745,27.5061243821567,49.2095542719378,60.4267576631941,36.4086160228555,3.11967985858466,19.4734744562396,11.7715448395864,17.4242593407037,29.9359520321342,87.5428676481824,165.653225801612,507.476251012492,374.568615419679,,16.0240980163058,4.62240774428564
IND,70773d6378842303a217f7476a049d6f,11.0739242689055,39.0875898363329,30.3740523010712,58.9431043757273,34.7851615659976,2.79913617240739,26.6882760893882,8.24986576490416,43.1587804068373,29.140568707621,157.692730088925,221.006177714966,649.113100159933,371.321385905051,,16.7441037772763,5.5782554185765
IND,724d246587146722dc0cf92a7b8e517f,10.6329565875228,29.6448424403012,32.6493557188524,70.4624082534821,50.1232185079612,2.79040863607523,12.123701542403,13.290012489311,27.8773406343415,13.5874446127059,98.6313227372404,154.087541016765,468.3174813463,498.452636793024,,14.4973784909472,5.79647362702982
IND,72c09c969d4e18273a8671703510d9ab,5.29691409482596,40.1072774206603,37.3621960152555,54.3183656439152,38.646061443522,1.60989923850099,18.0975107725876,15.8342470496486,21.9030492885908,26.3461469208093,159.543097599706,300.598987623611,307.309156582137,754.562770457615,,22.2761218335681,6.12450375062177
IND,72c876d66bee9079dbdc04ab4874120c,9.637363919302,16.8335197342663,36.5334942319034,38.3203132892306,54.1068951775201,1.54982807617658,29.169088201737,15.705878007614,28.3378234399729,17.8339093648934,169.894386388694,237.405530842983,400.547712497524,325.043901948636,,16.0946213467572,8.81280251549974
IND,72e643e0249aee2005ba1c20832bbd75,9.64883899467616,22.3693521867717,57.2396865725711,110.668439272112,25.4879248561064,1.41840971634225,29.6850876104314,15.6840233559749,30.2214373720768,30.8881575315394,117.985294949061,218.668109424307,516.528796924435,412.134664755668,,12.938101889887,6.79529241109044
IND,730f8ec4e4a683017e8c43c17cd162bd,12.3469678723859,35.9587064985321,37.8575524556268,69.9041353404878,23.8694858426629,2.06400301508676,25.8351639423844,13.8885908496525,37.7916225621119,34.0094525110753,197.065711852467,191.275735107854,425.717745175005,299.969243166674,,20.9968686807103,4.22722178081689
IND,7397119bb88d078aab1cc1fede1b2db4,8.10724984061087,47.0817844190136,26.8024103846969,60.2425220075731,49.6961510475154,1.49108741039959,18.2026909854036,12.9705024982639,36.9609194062238,33.1188203373537,142.257402960777,194.064424241954,350.151311845882,448.220791451742,,22.8417954223704,10.6873815275842
IND,7405bc500ef5118945de9e708cca4eab,13.2950242730006,34.2889851597159,32.7266576736369,43.7841258537405,49.0669179787356,2.23591134783646,16.7164971927284,12.7971210580155,32.6381895191707,24.4680931959614,105.177868538865,131.424973908028,330.788374422429,447.025861140595,,24.8494117655566,3.64654789549262
IND,743b52df70188bfdda03ead83536b2d5,8.32318487902366,28.0886952958655,23.0620139195619,88.0128097088206,43.7537442043781,1.51624677267878,16.4676888129538,12.5258695389228,31.5321122575773,20.2036436975259,95.5260729187863,169.57486223807,456.490154154917,462.12460890215,,15.919297067594,6.82877512292997
IND,74603dfda68813541644d8cc36da6c34,12.1321369780247,30.8074180536401,22.460011746335,46.5573551545554,46.6384210540073,2.52504233249781,38.1195496182594,7.7315357221593,21.8982293913963,33.3066171530977,168.914005117119,194.886430387217,347.543071547659,291.37214605459,,12.3507980430034,4.30950840379323
IND,74e736f48dca4350e4feb49b973b01d9,10.3196601820311,38.7734124513164,49.1887541556319,51.7907597811261,39.8353094003803,1.58333478691444,23.6907530784057,13.8066735049742,41.3624864823222,18.3219524859413,67.950763294767,208.015022234537,409.494193962228,474.135706141292,,13.6618000629052,4.32773641906787
IND,753ee15d852c8f809f85d9de36af6e21,10.6120393902425,32.4296043247883,34.5642836314425,86.5369857596376,36.6949331496338,2.48390001851163,23.2532094275134,9.99466174198969,31.3284760097231,23.7995935113376,149.724143167318,210.313866251304,513.548281543376,368.778866090226,,14.7082038552286,5.48862226952431
IND,754f16496f203b5365c5b31ad820e770,12.602913411065,33.0505747358356,26.0939735795228,55.6498855367253,50.8946778236283,1.86255490206295,24.0835008493159,11.721397589588,30.4867863455031,21.7117556531267,187.035465798207,238.076033826719,513.097946160211,492.62839514096,,22.4086377463734,6.89902586581971
IND,758a0f64e1e8553eae427825d38c5110,9.87988136590559,37.7291280074955,25.8549608916145,64.1515507794663,46.7615335427721,3.28392514642052,19.6359781229468,22.2727433051962,30.0993449180322,27.397043519869,145.11215273673,240.483078302458,452.711745059127,404.773639486545,,23.5725840354649,8.50678578751296
IND,75b844678a25bf27f5b93985cac12606,7.0938251252107,21.670390448924,24.7963036185522,72.7213970421241,27.354970554116,2.35024303727254,43.0233483347798,12.9285898417579,32.1378782761725,19.3828239860573,136.981605440407,225.798496419701,367.062568819165,269.160118206118,,17.731604766988,3.84712431087893
IND,75e3795d43c9f4fb7042c1d3fec99a2d,8.19734378966454,42.5689982144568,27.1813567034893,49.0681343653621,22.4083144780157,2.61257122197609,18.4094027388537,16.051285732488,45.2657979722129,17.4476233493013,151.80302514236,131.810081198882,522.319976372601,415.474180423168,,17.4858063356512,4.0125477766032
IND,762517e75b5202677a6e1809cffa041b,11.6815610734696,21.0995434992081,49.4609396278877,61.1327399325426,52.8254791667191,1.33732320527227,36.2244640929235,12.1803540292386,49.232884108661,22.9044891324364,179.115158619236,194.350243936113,456.675375882537,537.065084143145,,26.1559074131048,6.02971653645758
IND,76abe821298e5eb16c13b91356ee4185,13.210355131058,29.2373221383816,29.0298636531106,80.7967361588764,50.2069206269971,1.75059448219087,25.4662024607188,12.2026809215221,23.4607996110408,21.3133118786557,134.341659838322,145.32684332376,320.307608046365,569.644291507518,,18.0425374823497,6.39517535409147
IND,7710e83914afefb4e088e755c03fd379,11.1408419709068,21.0001867467306,36.4507432467111,46.3332051116468,40.1389188331581,1.96566420503685,18.3886334133548,9.83695634766345,33.2151950745317,36.1097294195119,109.361857271684,242.181667328633,370.651125309973,481.939696619018,,12.3562214162592,7.55574774505249
IND,771bb6946c9106001355d796d5d714f7,9.22256326368531,33.4151836120855,32.6810032632396,55.9131716678707,41.5204464130383,3.46389800445024,13.1962805311125,9.6243266625044,37.6044520420104,16.6766750385405,141.436022062992,175.25065262953,381.781903599887,469.135303399596,,17.6883425387501,5.68495066150243
IND,7734bc5c26735e462041aea4e510ba8c,11.1434678321343,31.5468702423263,41.6115176028262,50.4078032391063,43.6904655879187,2.88635790004587,32.0870713842139,8.88651560445085,32.3346323644825,20.364311775903,143.532727950247,235.926243426149,469.667856464081,236.326189541123,,13.1047954677149,7.81805719600944
IND,77791c671f856ff0201f9739264f55e0,7.71133304095183,46.0180491331896,39.4254243157827,35.8979227785002,44.4409496358106,1.90451741637069,16.906009424461,9.67210433434544,16.6533117204022,24.0425595153397,109.853020515864,292.513571642457,329.075232707936,306.387255558206,,13.024753072034,8.2174146805142
IND,7785fa3c013e839e56b0e6a5135bb312,11.1064468843148,19.6971946548092,26.4184484604307,65.7473649548148,61.8982134951751,2.6282026858218,24.5458269525678,8.60891650799101,29.6506306868659,22.1220206077719,183.580483978115,223.533990238862,440.867812008367,459.863565442067,,17.4612356955092,4.79193943360676
IND,77b2fa5a0910fed9031a1f80ca92e82f,13.1824232599972,30.3991592319728,37.5155591815168,48.735097637188,43.6297500162322,2.7591579004628,17.047851325307,11.9392466727091,22.5737919238456,21.0309537960721,98.2950839048942,193.698394416289,571.425651841277,379.671978202456,,12.3399143849226,5.56058779811123
IND,77c55f07e99059656389b973cedd0ddd,13.7918006430146,37.9477654952662,36.7107296265247,45.2929168132534,54.5972501638175,2.90726570932506,26.2668228030049,11.6760430033716,20.195755932234,28.9523530050051,122.522613172116,206.919246450767,526.718078949407,291.748987786868,,15.8763655506975,4.22446673087315
IND,796babad532e55b7207357f38cf5fb02,9.16401614239616,34.195274605553,41.6591657365477,55.3170451448121,40.7935562636344,3.24859062207103,30.5123803674202,12.7128461666636,36.6851697929091,21.2970403444169,143.861422901901,169.292012154063,458.568719751146,467.182523147407,,14.5744663908148,5.64308052986797
IND,79b5fed319f7982c09b2639423f3d8b7,8.39876767706866,27.9282189389893,42.906703437505,95.5100900272053,28.0842667264289,2.46923483529705,26.939723989512,14.8051417888394,43.4336967381457,17.9233696679604,143.339610877923,177.152003369562,280.599321503164,246.558343209446,,16.293650418452,7.59420895737664
IND,7a9288cce6e3334461a173b19ad3d6db,12.212796929415,32.8769097978622,25.3934156211654,63.1702795008128,44.2797939334652,2.03365731774491,31.3979906204639,12.3282446702665,43.1412160787368,25.9240769771057,110.895736647062,197.052197525437,577.921312857661,563.002374773292,,16.2940092204633,6.8661639816204
IND,7ad85ba5cf59cf3334198c273d91fbc1,8.70054575774316,43.473940940361,38.9973824184617,84.2014054943255,27.9787693364843,2.48465981933616,36.9326805459891,13.0546320077146,39.9483461561392,24.0472879659264,184.632216199753,218.062283314757,430.892890750825,470.380338648214,,18.5261074821712,7.27647356974129
IND,7b0a46a20fbcebd3c3e3fae13403ca90,12.1502251270194,42.0864927732311,28.7745508487328,64.712055483522,32.1777527841168,2.23786772365647,14.5079615824827,14.4270017878908,32.1268750194712,20.3450974068033,189.683017718596,180.615378023113,295.576818860589,356.36666580757,,18.6141817031184,6.19244506299367
IND,7b2c835412595cd3ecb7a1287c6a608a,13.1429968515675,27.7792738991827,36.8901564514576,61.7651014517139,44.8526369878783,2.42105993014389,23.0133853937376,13.4649226182573,23.594374486852,26.7101677338972,173.768941077077,295.815886228741,409.34572995429,394.18610212583,,21.9484480481362,7.20936369759165
IND,7bdbee8c6bdda208e8e790c33f181ad7,11.3473197175851,41.1022186570448,47.095658615043,72.4608494187867,56.2924165974812,2.80001547833053,18.2386776499529,18.5071158632863,27.7070984936561,15.9046571212474,114.005201478273,174.003561296763,447.651142223206,259.2637935381,,11.6655608916773,6.41406087412267
IND,7c5fe2ec09d63667499bf8cddbd7e193,10.7779439050288,48.4675641595968,43.9125222605022,69.5910046545082,39.9212054027529,1.60044496136498,14.8760932028276,12.2274230507887,25.8012907618855,27.0200482586319,128.463201002156,217.995057877654,391.781931421497,324.758748641032,,11.9652146160785,7.67941139116524
IND,7c6f5c113625b29bcb1dac344e484b8e,5.7456645309157,28.1457406088108,42.6773648476949,85.5170872511849,34.0192656256279,1.78265445437573,31.8444439983398,9.98087082410708,39.8443224403322,17.6533962116991,122.397572005052,179.640868937101,341.716443240621,371.71856248239,,13.5258255563269,6.40595212754933
IND,7c9b465f57a085613453b7cb0375b85a,10.8977308596139,34.2598366495033,41.8781369086333,39.1917417688885,52.4557673398578,1.51213267181086,26.8958943637961,11.5290883920871,34.7895873558046,24.7403827365624,156.89604228535,156.922008322494,408.003469066796,318.9990620292,,16.8778104822457,5.98064340564051
IND,7cab3ceae0608e2b45a0384f23f113eb,9.16373539487865,27.7537889407556,27.7797591714495,43.5587101361725,65.6853288351865,2.43014629106014,19.7599661031596,9.98750210447537,41.3876607481445,23.2951868657853,175.775796557251,238.103944226079,333.582720531241,697.737820029613,,11.6697653737359,6.64717820712927
IND,7d571bb2324bcffb541b04b2c68b357a,9.27672342743588,31.9267680053667,31.1162257939495,48.7409153164237,46.3547371909099,2.0908111384171,38.1777580642922,12.3838809274101,42.8859075737599,28.3335100617177,194.486430321673,139.499579520978,439.620634780355,208.656937224667,,20.5948353262523,6.57372192923053
IND,7f092f6b78b9e349647d1af4b74ef222,10.4845203952941,28.1336936685825,32.1159838129223,53.3915747806064,35.7289869597593,2.41955006870249,21.3604959751895,16.4076399733173,35.9212879297954,27.4724307551171,150.335730040216,293.906931954767,297.380862053472,534.880919069201,,15.5824699866975,5.75899314637764
IND,7f3c396dc05f740f2d51c8b5762229f1,12.0067053932361,40.8256944509235,34.9429447347311,47.6301686015776,26.6970731553844,2.44878317478481,33.7516510543394,14.2970578760335,23.9502611574589,25.9334785581861,139.512677560396,138.560365974915,246.402492515221,378.336012960312,,22.6795902107627,4.48842529431239
IND,7f5c7d93d0d1c727b489102729f1119a,10.2685937447639,15.6956381564156,25.1614697119212,56.7551942139658,42.2689122424264,2.06174453571109,25.8891260251651,16.3445870431361,28.8857465437443,23.0474533643668,128.682366548801,236.441440359644,470.708697006305,349.057839850135,,16.456892676469,6.42666287090911
IND,80b040a535cca6a0fd59279db25f9d74,6.55767390756144,29.2202688014706,30.815799650267,65.7904233031881,27.0996825333594,1.84845381515213,13.1521352047667,9.90426076751487,26.2940930361971,18.6073524958294,124.558876392305,247.621581726964,487.628972902127,399.662353955343,,17.0858843741235,5.20535339387957
IND,80c7b8aa247b528fd6a18d9f7e76e64e,14.4656342565562,23.5077099094939,41.4623336409219,59.1078336454545,43.9487122923343,1.96614720035736,24.8798430099053,11.0390016549496,58.4238223659597,18.2748003795622,117.362386872584,267.198772067254,349.343538245177,487.10698851671,,15.3691591644691,4.84665662067601
IND,8202345be7b37bc0d714954501e00bd0,10.8279882206257,41.2106958654663,23.6138540085208,59.016965309836,36.3188398435109,1.40185502618493,25.3029024512378,15.05706175841,20.5669821447849,23.4699291676318,121.349880636093,164.992676377901,390.351818792582,288.687895582451,,21.4650062731,4.84288826774464
IND,82234445954130afee33678a5244a0bf,7.90996019459577,25.4017611891265,31.6135297512345,83.5179371277182,35.5433883456719,1.37091993915224,22.770913952195,13.6331126588873,28.7893843599023,16.6859145175786,100.711034159824,300.80828387467,596.28295594389,397.808106456877,,15.9204871128639,7.43354827377084
IND,82becd03bd387e6a440f19541221def4,9.30809715534002,32.7868637310749,31.9315203680769,36.8400320223374,25.382662543243,1.87002891539323,30.2802270604581,14.8982592127869,43.0487799908334,21.5545519880554,144.175160797206,223.963848465404,374.215045472484,297.9169998563,,14.1868788037384,4.49695452727202
IND,82d696b30a77a25b818101d87a29920e,9.17148835741647,34.9436927307168,28.4937786261901,61.7746332836611,35.3205093752096,3.01294023267359,30.9505160090884,10.4263789416895,24.6038652864082,33.4257208890845,183.173354674833,181.335662564116,421.216721920641,497.01218181013,,11.575480250316,7.95463827587489
IND,83cca192215aaec997e88304d4963497,8.48483557016427,19.5466003359825,24.393771291308,82.0139586994836,54.7566570469294,2.99302053084671,17.7256546969184,16.333201462027,31.0432516433321,27.4780224261198,166.237039615263,219.795135727755,486.567052152424,633.60484448186,,10.2581988881689,8.54417378054489
IND,844404a1304bfb61274fd4010316433e,6.02317323849472,48.0486503928221,30.928240375497,81.2894973992136,63.2015167023381,2.28591364665252,13.1977238382885,14.6200831824032,20.9151203948917,20.1767554834678,153.722623795327,225.819767796685,430.75679389735,341.657500368137,,17.1045760596003,3.37189433641407
IND,84ee38eed04b63408063078893f76afa,11.5692735476132,21.1787170482703,26.4737518680868,69.3839753158099,46.2141019302755,2.19027799144452,23.3451526445603,15.6265824214933,38.3268766043765,23.5079689812936,167.032913059663,181.929309349738,327.819556593107,227.464946102143,,15.4248814637402,5.19784552738989
IND,85a2a67214af39d90ed740fa7a4d19fb,6.11493290904098,27.5476413367835,36.8632243129799,86.5079157602594,30.980158647341,3.67997363891725,19.0515500634902,13.5369035641707,51.3158354401223,15.3843058642902,96.1936683435401,189.782850745843,291.865834051866,610.474516515687,,15.7198201559478,6.42036681086589
IND,86893ffeff3992403b4a49bc35181ef9,7.99336247701941,25.7706957215121,24.1354723143397,84.0785539933154,39.9155289848433,2.8599148879214,38.6902521973608,16.1019963069326,22.3384721440967,21.7973443462393,158.648343682885,187.167550393992,215.750876993057,423.302258938957,,15.8737740881681,5.67759747565375
IND,86ca3b5748c887fb6d98c55c6aaaa819,10.8468878958006,28.3673263182964,44.4436444647335,61.4183296881427,46.3292387399983,2.53853037271798,24.5844415101499,12.6515950373522,24.59878735103,25.765475248396,159.159086201759,242.585099859228,336.531425904784,340.246948460272,,18.0959368724651,5.41531424968025
IND,8744dc590ee817135eab6187369d85b8,7.78113302216113,45.0042949975178,36.8294855439633,68.546824814568,55.3792835599277,2.85581122515002,24.8680497319827,15.598505435118,21.6366936047787,23.522424666251,158.23488008993,413.730184764274,469.990731218981,393.10607817522,,17.808643659234,4.88638049683922
IND,876b10c28f50615afb08f593e720cf47,13.073586683088,29.5610550712969,35.174525196934,40.5832808863678,51.0154612420909,2.77708976683883,20.5713582503627,10.7380012454726,33.8547100752876,24.839716829075,192.34119875456,207.772345814923,600.033569245499,346.78285295836,,13.9897116091104,5.81235383726964
IND,87a400092a1c0c64757803fb6c8a62ff,8.58209909961226,34.4475641606398,39.0440720652847,71.6339987074984,33.9527528084535,2.22887622369885,30.1596175420137,18.0112412295824,43.5190307040563,22.9110638319252,96.7638433059668,233.359976419584,499.491091976119,301.529129961119,,16.4789909426286,6.35928683062851
IND,87d5b8aa61d0db4f019a45dfbb109884,7.2184211742362,36.6896072370777,19.9744809055213,45.0604181349768,41.6559784128269,1.85410097894319,36.2522100440501,15.107697498842,30.739921283558,19.6228517267424,77.2005606302232,178.934200869592,440.405176572209,243.928285598503,,16.2738848499915,5.59611742166771
IND,89ccc83205bec3698f1979c29ad6a943,8.64019874698755,16.8960690471312,30.9571192919918,73.918981097189,49.2754801358044,3.24654557297182,18.9823604149084,14.9254456939292,25.3210964526822,25.2805428771511,161.846818940974,258.962945814721,370.68073851795,617.350085754804,,16.2136298368303,7.54787762547371
IND,8a04bcbd2ad1f58a65e10c78a448b352,10.6612587872048,23.9009690286479,21.2410368461377,70.5634449329039,33.5484661949807,1.48558593374234,31.4151398523111,18.2065839280927,29.7184540805656,22.4377226375371,159.826235967579,300.76823745017,403.047789749576,558.335095282838,,23.5823617077455,6.53588937372578
IND,8a437562f0b6f356d6e3c8ee4dd17201,8.7750384528279,22.0346202438823,32.1672347501606,88.5795340281829,48.5729295082898,1.98823094796677,13.1694408451078,10.8114501791914,35.820408944034,28.3890226234471,156.503306814504,212.992366334305,312.600025311286,399.723546017273,,14.0957797762903,6.99310678383012
IND,8a84147171c0bc92533d444fb6284630,12.7877967787201,20.0505479281126,27.3925504598031,85.2406883455825,54.2011265789906,2.33563400639213,28.2154246589128,14.7864252299596,52.0349511489473,20.8228984038055,193.250745655771,248.553679445755,433.730275533191,352.909224202166,,19.5404807649375,6.95646179782077
IND,8aa503a40d8f002c799bbd3b57ee38a5,8.72930090262368,37.175205180965,30.0280300368547,85.0014422164315,43.7359939166048,2.90256409891913,16.140964178141,19.2566834339368,21.6708826555694,30.3969048267091,211.102477965788,165.564758519629,429.150716663933,291.018155598373,,17.0751787625232,7.70401456280076
IND,8c194ae515773f5faef105910f346775,8.77969760268965,28.6070458797718,41.6554829261418,68.9066945772721,30.1857131549684,1.80133111097239,32.34766842752,18.2206946918963,23.8120892983223,24.9421712052868,113.803155484753,258.312518743346,321.210319756566,500.806399442724,,9.59426603481237,6.82176257360149
IND,8d9e0627ff911b0def66a01d265d5b42,8.72624307885962,45.7597245642401,38.0301628986201,55.8851138675144,43.6475363019022,2.7826102654977,27.500743306075,17.0774828828507,44.6346839154134,28.0554490179612,149.131331610764,212.793563130889,668.537017423333,513.917128235112,,11.0547136744281,6.39924441275054
IND,8e1f99af668571b1e75a2a71885eab40,17.9121648119543,26.8502506962194,29.4363515101374,86.5155167826115,34.3906094144374,1.79392476472859,19.0784762838993,12.7239592541586,43.8485083338367,24.2641203916602,178.258916268751,240.226681166125,599.921482999362,402.88783312798,,18.5502892183067,6.83125885091952
IND,8e55ff189ec68846871e81d95ce66b59,15.8248167835406,37.1233671400853,43.1462674084708,34.0064338956264,45.5199544334901,2.43254687823022,32.0648723504685,10.8690835741272,27.4757960038375,28.4942414037241,140.19797761359,295.175377188389,494.934870662331,452.062008048754,,18.0833646329028,5.88591229408199
IND,8efd222614184e9920d48ee60e114170,11.1018546743573,35.6469176771493,31.2362944812373,57.3368899830288,50.4501231818523,2.75498685169323,27.0364146613819,10.4984824996819,34.4857395932206,22.3604427160295,187.951460305378,179.843917447458,504.990635218064,314.41783198403,,23.9823143380761,4.04602674885506
IND,901f3a4f3c4368e17c726782cb64a8cb,10.6485266374062,27.0331608412777,38.874127774125,125.681527304986,36.7209109538234,2.78882084808815,30.5903273473823,16.5542738111037,43.0854881543248,16.2357923902876,138.130790105533,234.107291592637,389.633938850576,459.627951366461,,17.0898789331522,6.69770811035242
IND,91cdd11545390d202caa34aeac3c02f3,15.572370332365,23.8426595974544,38.3242315040553,59.5620613782918,72.4219147290594,2.73339354550699,37.0571341239185,12.4556369886013,34.0668355182637,37.7397130268942,205.523050910227,308.560957813204,278.498805355337,350.678646206379,,16.7549835475023,4.13700372619426
IND,92cf015898317efd78a976fbb0e54751,7.8940640136124,38.3339292006376,49.7272378809352,75.771224781199,33.2520773610399,3.14593604196309,15.828093509048,15.334691759907,24.5977603885467,24.238550820844,157.673102110994,177.72258534946,447.541913383364,385.821861620478,,7.82511353418067,8.92608008699363
IND,94d76ba3d06288a4b1620f1495fd559b,11.3192803265001,26.1971613639998,33.4580945633965,49.7354804693305,37.8900824134166,2.26596691433652,24.0567130271976,13.1847259410055,26.2442244109502,29.1227898953872,147.069305570699,240.44299597201,391.934004659215,651.548237017583,,11.6331959418292,5.54634075913465
IND,95205ad0a26293a3d03f4effcbbd643c,11.2931352389577,22.2608999601062,44.8439406327059,84.9074824181407,24.755688095874,1.67303723605899,22.9717882840202,7.0006528130405,35.4976446490651,17.325767442862,200.616808200894,203.523771107065,422.744693026546,438.206675270151,,10.0780284191706,6.87495355972355
IND,9547566c87f32024a5549cc5c335dfc5,9.50457726062726,37.6321617718278,38.5145438787877,68.2841163690947,35.2884421366707,2.96502422343613,32.1057765236188,15.9849025261392,18.3835007443155,21.5864031096457,153.144247882277,220.950690367013,464.161464532662,359.626164830912,,27.6670200753033,5.73360915823163
IND,95ba2fd5a96cd389811db6dabf9e22bb,10.0174133469009,54.5470700902311,40.3298388675293,62.4341137778446,49.049231872931,1.49449638050195,21.7898553941247,19.1739580223278,25.7517941633962,19.1981262612993,189.98978781457,156.437353192266,491.786341796104,319.575157889597,,15.1658303419751,5.33849488868914
IND,95cfcd37d044e33ff2890a39e1b18706,11.9041126590156,41.3953030457128,30.5513210920313,64.7503960733669,44.3340082158739,3.89487957889069,27.8743068071549,12.3357185169715,24.8779750722491,44.3978533561324,113.603700587257,311.154391922896,629.040402913235,417.622840981098,,12.1609350422194,5.10936675812442
IND,9605da1335c185d854cdbcc957a09ffe,11.6176818673333,26.7426288965602,27.0355358998718,70.6236021034036,43.6028066075594,2.56761318188097,32.422930145289,10.9020287625777,24.1009258934118,24.2366766889415,168.42265226491,111.848249693116,449.912348514823,340.891229861577,,20.6503546849894,6.45669628678448
IND,9677ea89c4846474f24c3233290bc023,7.95813067469225,38.7950404574605,26.3923503046044,77.0616914059538,23.6089108467185,3.04771464734131,21.1095523988837,15.7956377535708,26.7594095111695,23.7766385856935,209.10741340551,222.008656062936,569.140473576781,314.445934662442,,19.7748079303427,3.68644501300118
IND,971de6d375cc6c51842c328fe67c41c4,7.58808939463993,23.815003622699,30.3498438141767,59.5006604074071,34.5881741112516,2.41396579043728,29.963206438966,11.8659866089168,28.8083204279109,24.6039954739601,170.680679933292,219.261928931846,646.256580917125,550.151036643812,,19.7439816162904,9.14414810077501
IND,980a0e53801116b9a0efd46da25757e9,7.30902024733714,46.0458242056925,40.7166133444653,96.8169775274251,23.4836396896111,1.94536282906711,36.4881844800662,11.463050954502,42.6728122151382,23.2294624097776,118.799484233597,218.168690963275,669.992113346097,374.594368202381,,15.7996565403509,3.01460565038882
IND,98b92784862aa37b5862f28eb381ac10,17.4147282089466,41.6333427358702,34.2327413446009,60.6293074069039,37.2606767297613,2.54515911482234,26.4072151837627,17.558286293627,41.1719267077607,17.8748234867644,146.319679987704,205.956987850761,281.26435151248,385.435995407415,,12.2372828315271,7.13669166144515
IND,9a1057046ae5040fbf1a2ad4ba74e87a,12.018084948583,36.0688851829392,44.1346278448927,48.7377982338754,50.3897118430159,1.2176893018583,14.2994366793965,11.7608654183644,41.773984509263,40.6173817768474,156.382396201691,172.166337543992,461.86100795096,598.316983574913,,9.55500550712064,4.35582187727785
IND,9a9f208562c478ce6eb771351c76eaac,12.0052135303913,26.9654559206998,22.1441536479875,50.9550992267281,35.0750783991567,2.1781532055381,24.2502675957219,11.2157362087782,19.4300887054039,28.9616020632499,160.688809502279,263.996764591626,574.839998635531,496.66638079272,,23.9173633642944,5.88596757511776
IND,9b7773e675347e2d7b834663d3370e83,11.9663370829175,23.4216615505036,32.7378134715023,83.6002496216878,53.1852177605152,1.76669658095485,25.2617833701064,12.3880877898612,45.999600622742,23.9288959600284,157.087294852709,183.209045647844,339.642615969599,449.50180640588,,14.0079608532173,9.09771588373817
IND,9bab62fb4477e8c12816e5a12de55f20,9.98146517672759,39.5308204613043,32.9389720612633,64.7165120810232,35.5143835432599,1.81658808708963,26.7930026213462,15.8087704925422,19.6945617701944,19.8847673453257,121.472014347364,265.717342689959,363.7981220806,278.831797693747,,17.3446785772045,7.09131365923838
IND,9bb0cd2d1de210e7edfabe6ac53f6478,15.4249418793877,43.8577567505098,42.365313048419,75.346696133632,44.2672478875299,1.75690544852363,20.4927301506258,14.1332465501526,28.0626664943981,27.254269249378,121.69697392003,260.963349691321,662.597842979104,614.697506438295,,20.2879672526327,5.6011726594285
IND,9bc3c12fb1ebf05e6fbdeb8c1999ed92,7.51106865116202,34.0073400562076,27.5798359371552,67.56242036376,44.1246728512317,3.90319348853406,20.4697222133748,10.8285530430073,22.7380514759615,26.471862769603,138.791272472813,142.02408511016,495.975053650278,514.899810539209,,11.0151505474684,7.83858441176759
IND,9bea77ff07e9a1672f8532ba6d215dbd,12.4535634609264,23.0060252461094,31.9931406466822,62.527615174584,34.2286145926222,2.0396893045495,31.8943692445006,12.7823969490138,22.2957691307285,14.2999469009888,113.053790112744,222.378577072192,662.117755064468,501.075959450419,,15.6031045835151,5.30844996603248
IND,9c32f74528d9f6ea8ca41265d5aa083b,10.170770437584,29.6714767147071,42.2764419848005,80.8745126336695,41.2766070899593,2.3251579489006,28.1215153738158,15.033308729169,38.7996988868018,24.8207209085688,134.620905557625,255.469328930831,626.942532819459,405.250088814848,,13.1507312708257,3.65284221514159
IND,9c3ea749dc2901ad65977401931c9c30,12.1378342539742,35.8886692350802,35.2546923092008,70.7587424626783,53.3497682330844,1.55956467950724,33.6808356182397,15.638233530084,26.3361079768689,34.0026204006295,141.089562990992,260.874928828527,284.820962535596,423.21716198546,,15.6231467293132,9.12089471958482
IND,9d401010f404c1b306c33fc63888e391,10.0473580119027,41.5605529354635,45.2939290991309,41.1854635261837,29.8059578034017,1.97399870645737,24.7596631051269,11.9511670937809,42.4415694557713,21.8568238373674,102.303980710558,146.405087169941,740.354758981071,423.769122434713,,20.9748525074439,5.85442395372129
IND,9f0952b8488fb3049ed1130ac02dee0b,9.29947003191198,23.2192773219803,34.0119322059533,52.4339624213359,38.4348204435593,1.64356367072577,38.0394401366512,15.8596271729416,30.9963516283637,15.9221459449523,172.984123086342,258.958246010776,336.940512704262,541.514518790533,,15.8026014100663,8.9007433886044
IND,9f275464eea17a3a5825d5003157f4ca,10.7756496612469,14.2074028055343,46.8913585280628,72.5911307042492,40.9849311521364,2.59966269520583,23.9639576708453,11.108708058261,25.9765792993275,24.6130664481727,127.567969831327,170.371626887361,341.426413712714,436.218604274844,,18.0257433969321,5.62285793238521
IND,9f2a4fb15d37f6609af45473620c3b84,11.0654698142103,30.9520226659811,35.3536813643683,83.739282226176,42.870476164563,2.93576816064987,26.8670226992396,13.3709840439123,34.9374727569461,23.4493159640705,96.3680585429527,194.722840161973,389.76112178547,434.309551288028,,15.5471303738139,7.25771768190693
IND,9f3ab4001467b2f63dbf1ebdc893439c,11.3157393134139,21.8998744076416,39.1905956986914,76.5610248056178,47.5700838277929,1.75759738640108,18.3144192496535,10.2503074276008,21.3846944735002,23.4326420992024,109.691472880533,283.592225326684,415.37532499456,357.802655719513,,21.6138203518252,4.88152150392789
IND,9f7cb32fc9607adde2c4f23280a9a6fc,10.3562783872461,32.4384158989672,45.4832236824928,85.8390247576604,49.6297516560261,1.80365868587283,19.6401981821103,10.5500143086464,30.3298337090857,22.4091770205649,124.165232514379,353.823376587704,489.355018267763,376.1735151664,,9.71259554311021,5.0867919817931
IND,a096a477d0c23229d220675516e3cfcd,11.4909727404514,43.1631733811949,33.3895239321375,112.464660746672,37.8165332602078,2.19262369749798,30.9210831033452,10.4114480162639,39.2841752143078,15.4116713083447,191.903715272679,243.047225049372,484.218992523331,353.707749335716,,17.0605083488363,8.16429854729376
IND,a0a591f9c06349eaae15c4136567637b,7.44472902342389,20.506725306566,43.4337504981824,46.5056302495279,51.640401658314,3.38647571836737,28.5910133204356,15.1185732578496,36.6057738975625,22.2779274579752,95.4916044757933,232.84056520875,484.347452120976,236.80667526341,,14.3004550649231,4.46963765941569
IND,a10c307cd7c96527dec767d90c86cc82,14.6588971869263,39.9365636610802,31.6681862837669,39.6146052070785,41.8071104766468,1.82453717865852,12.4646600940569,21.3098933373535,24.559048327486,20.8471249656619,187.00464758481,162.016765858821,538.063662883875,327.402608205278,,13.4105503428658,4.88994722585171
IND,a2220eddea88acba5e1942ba3b39f876,8.00161346525087,32.8190452752083,25.1536547745951,56.9597260722355,47.0318378209537,2.21528725579493,20.0412735908654,14.2070967188874,17.7144856981059,13.3493092056453,151.735529240806,181.362112577849,414.259990242125,381.238135778532,,17.9957334166612,7.8146591445704
IND,a29ba22311a52d32486a3072cb4906d3,8.36752644493222,16.8017857317686,20.5013958644176,65.9714084302044,48.2259890136393,3.17641324260607,23.8201419799416,14.168913358592,46.6400127454011,22.5527723964456,168.569633977042,166.913588398231,453.81205174295,588.295188058467,,21.8983522788272,6.99116359819836
IND,a381e9693e405e11feda10380f4afdb4,7.29113290393661,34.5853319354169,33.7809188906134,35.360578295125,32.429989166023,1.54616096387749,32.6641029981202,10.1135615173193,25.8575083653782,20.7318352491691,109.162339588014,289.919074125982,468.364298949274,771.444546309955,,26.9631010250505,7.54439675477528
IND,a49ee401876a4c2896bae85817fd3d5c,7.55408223106994,35.2464904457351,28.461861407299,69.7377771752721,47.4993944771086,1.24872382285689,26.8399515009637,8.17304128377016,31.6624880036242,16.0485645426776,141.725542696949,140.855718321352,353.285612113432,490.736610549665,,17.9500329511844,8.90248386336785
IND,a4cdbc3b19c0e90bc80a118d1f77949c,4.60228600443717,31.9884113061243,46.883765742489,51.4151737606745,29.0948455185493,1.44141511649614,26.7939908463245,12.6530995786332,34.0000468523256,27.3326874948702,130.402132262433,175.511824577567,523.375693441506,361.343234755614,,18.3609998675212,5.63677958383458
IND,a4d84eb97f032c5de292c748e769a83b,6.95642844089647,28.6534010747158,29.1220892422054,57.5079019968777,57.8831964935532,2.83037601076391,27.08653092285,13.5852539010676,44.3588493585669,19.6872155264965,89.7781798792583,186.852134093212,507.350139875945,472.072517008064,,19.2309329598705,4.76393182880674
IND,a501d8eb669a2900556fbbb31dd8703c,9.26434930234358,40.6701652482026,28.6649500873311,101.342687336821,32.5412042181158,1.75338726718435,20.5838079507503,10.6285948564378,28.6498595473092,20.4473219559415,89.2221335785579,162.76047702021,372.474006671045,337.736230906655,,17.7987919179334,4.76414260863209
IND,a54c181a429ed9855f0d2f64a061b5ac,7.97584613147548,29.4747560642323,27.2448687863176,49.6603525063475,46.9354040533125,2.8481883563934,15.2618731397523,16.9051614945206,21.5424306270853,30.4655713147435,165.12158851929,198.262644648588,682.191251351811,546.408238199265,,10.062905466939,5.48088158689164
IND,a55c160a7aba98f15f72549b25d76dd2,12.0547163476257,27.9392330334596,56.7318807232981,45.6954095967501,35.4339179222902,1.95265929807143,30.6934352369719,15.517165531607,22.8006855920925,16.0532342424074,111.837013763153,189.145152991565,347.177126160451,251.588388282697,,16.3523766595754,5.487100803214
IND,a5b08855b5db486011da49f91c788bc7,7.98677520055621,33.0635600198606,61.326258807726,80.3741890640915,38.7083200095219,1.26077829042346,24.2654714454551,10.2693257946476,33.0333337447224,28.2247129094786,100.694375534928,163.787992247023,585.84668307536,324.184651172384,,10.9840747453306,2.83107367450545
IND,a5cd5cb02c8115edfb3db8a52535065c,11.3707385295361,37.8329955790731,53.288716534526,83.8771744181703,56.748154399923,2.0786430287639,16.9124946234806,7.42299327163536,38.810263879946,22.3744682423188,131.811210734173,233.633275423096,336.767363109571,386.276542708562,,15.2667677739146,7.23253351569577
IND,a6cf8caac74a4d4cba76c4d0618d0881,13.123593045802,30.6284996617113,55.1069589587151,70.0742854417009,40.2792788755566,2.96274750004252,18.6487543989571,13.1108613094096,26.4436680985995,22.1750971554765,176.892582730187,209.148725928241,315.902701862987,292.404875764144,,16.4682574430436,5.47944893938406
IND,a6e75cc3064a3e948ffecbf24d19e643,11.0133094622762,23.7876965069261,26.4766005683553,58.7274209917735,40.0600228292228,2.232082311019,27.8238125383135,15.4995124557687,36.872223884759,26.9036456741864,111.556940810099,155.272354266408,379.46864474176,322.184938019534,,17.4165297243076,6.34138841579489
IND,a770ee06fe58f3f0b37e933ba8a7f6d7,9.49917262943963,23.7503066577461,41.2033755421658,64.2908041362539,68.5207500584811,2.60928707160336,23.1266504302662,13.920134883187,27.6461202556218,27.9336246789402,163.49466311002,154.27333916577,344.845193703285,274.382052851993,,12.8663601198701,7.90861326124836
IND,a79ac5ed6cdd52e626cd53f1341bda78,12.9638661044119,35.6905555887966,33.8430119736946,63.7714176436294,44.7690503243834,3.18429856222632,22.1553466070402,13.1928351913096,39.3526883574635,16.139524288934,101.631322954432,151.514612648702,509.103798445929,355.443935558561,,14.536509005144,5.50753824930845
IND,a81a9b41d9124fbcee816b01cbf318ad,7.19578163433556,37.2473472888907,30.2760435537809,94.3411003226386,42.0263484499099,1.86334843370221,27.1215463631981,9.14200317115277,26.0360750307377,26.9200958044674,146.985343533488,240.18940803359,303.347338778197,787.651843401172,,27.6008606157879,4.79517678997827
IND,a9bda694ea5fa0af5b6320b976b6268c,9.29918451295729,25.8894087511635,38.6348212500494,47.6774444991092,38.9770756638811,1.77067208993848,20.3309654012141,27.271498255171,30.9240239604674,20.311484616264,96.9167206914168,226.642869397529,365.15992026702,341.418244585016,,10.9780432662393,10.5375164476604
IND,aa33559c20978e2d072aa37df77f49c8,13.2333668470707,31.8178922113847,31.8493174966591,69.9681440196179,35.3274147534023,2.163530284671,26.2368064341953,15.8492439264423,26.4779003397683,21.7161420258169,137.605134088363,149.950432255742,499.44723539798,347.081232958513,,15.6865779995197,3.98709692456703
IND,ab1f9d1c0029e18fb8f79975d880cd80,9.36117239977248,34.2667400064419,27.7371713814201,53.6507499229047,35.3622614620199,2.45372572458236,13.3820874008205,15.1614544875455,35.5274938230907,31.9384388402815,145.495218944355,142.671264705176,247.957006339259,498.761472630111,,11.4743834597097,6.67799960653037
IND,ab8e7953c57b4450cdfb837fbad7a961,15.4043203391997,32.5788560008623,25.171830390517,63.0124860275121,51.9308668539351,2.73251393781417,18.4577915335822,10.6182797352134,36.6070426407984,19.9506522382842,179.006927613196,212.666826823902,205.834713715699,362.796559983352,,14.3970202762612,4.95802324787794
IND,ac500b88dde7dd1866083b009a5a7e0b,6.97937026661964,35.6831099670617,22.7373498577211,82.5282513328217,42.1489731083302,2.73676837981999,22.5464865284097,12.0859722928352,21.7703626997202,15.7359645294216,114.105233358204,272.75148347751,759.905740519066,451.89471170519,,15.8851097100883,6.30563961473463
IND,add8641de36c1f3e5f2c41696f3caccb,11.5180478573057,44.0141459980153,19.3988283351714,65.3728089500048,33.4053589585047,2.05262597783282,18.175403027414,18.0453706301816,22.7416292152135,27.8676808440623,136.848903014242,229.897044342969,617.75223494987,318.663588071779,,17.8484521152804,4.80866172231838
IND,adf66ecd96c33274aa4ddeaf3f5ae730,11.0356014087513,21.8033668126988,27.0855546892333,32.2962623423171,26.5449257321895,3.48138961579064,27.736076644266,14.2520732112511,25.8633348845807,20.1440212584425,122.27201391945,215.970504733355,330.886825065073,235.168151673999,,18.031499396429,5.03415272069848
IND,aec39ee58ffaf80d372186d97e148c5f,11.0253220807721,34.8915805704697,31.3567506881374,43.7659757050549,48.8081212243118,2.48367922865358,22.8673423572757,10.1492219876294,26.3181601656749,16.807620192187,153.222825625518,194.551610965732,382.231202518004,290.90901716505,,17.4684272331339,6.55744693266517
IND,af341732f7310abadb1aeba8ae0c6b03,7.51772672428543,21.2950598603792,23.6569884956772,105.216093890151,44.1061767756034,2.71514489324582,17.8797694193811,12.7913650128774,44.9061099765508,28.7596377175678,139.491059239995,147.346989154741,348.314949470585,392.900660170608,,14.4326696763108,5.86157480333325
IND,afe3b84332c6e26e3f0c3b547aeb74bc,13.2777190991257,25.9278541906953,36.4995698139959,75.0661326154734,51.0230785616417,2.18864571561725,22.2955594508774,10.8195284978195,27.6064405724318,22.1375165345403,111.697559292338,307.917488451891,466.41887503123,502.531169690928,,14.0404554572352,4.79312573466136
IND,b053e9ccd6e7cf4c150a31b3c2dae32c,8.34702412984111,25.5578085097666,44.6905647010833,52.7475719714617,34.4238986735404,2.41688215830743,13.4722304141922,10.5292553379989,40.0619890848562,26.1170496646748,107.093863916737,236.923457747632,481.588501307038,338.332043239599,,20.0112810458076,5.18898192590584
IND,b0c391cedc383e622b62d7706d8c41ff,7.78354615219515,21.3450632407872,37.0110637113324,27.0301868839427,45.1137745591501,1.57329235572023,18.5344644978558,9.73522422376531,29.9925288763427,24.8233994492047,212.095181982283,190.566765776563,601.452363926008,390.006276115403,,14.2576456064434,8.29828048930853
IND,b12a877da2a939ee1cdaa8aeecaa3da5,8.37284778825058,31.2492494689312,26.825086644284,55.6686416350892,42.6262497361468,2.40025998184735,18.0201431647229,14.4734938536292,33.1498330858565,16.8250172947273,136.86951045593,263.340602094249,365.099478149154,430.479469473575,,12.2392633803866,5.85477235134202
IND,b15124c34c8a2a50b4a74779121155e4,9.54205500272775,18.8055757994638,19.1604667846238,74.4330709891501,41.4176517110329,2.74956257123831,32.7686106416307,8.27109077941111,43.4049597011961,19.1209488494821,157.275278227216,178.707515214761,384.789556373922,397.752701018325,,19.9025255419997,4.71533863625761
IND,b1cb0de69ad76514e783b6981bfccd7b,11.0577341008686,34.4851460502874,33.133841125002,54.3932751866835,42.6253131971165,2.23079529025254,18.9339106513465,12.2325860211744,29.1559409277918,18.5802188594478,265.115856523809,351.828402208711,612.211091908147,390.433260528733,,16.2536110234974,6.7879409678467
IND,b2cc1e6e54a61cba9f778315e6205652,7.65907290878922,50.8354611514813,49.1319666767961,101.304990173765,48.3965542597551,1.70823642574122,26.9609038919522,8.32692485835538,20.6525332880637,14.2175674784363,163.074908783595,127.79172840749,516.850944723088,459.646923587143,,15.3523875429024,4.63361514974864
IND,b4ba566f67b735c3a735cc02dd47ddbc,11.1932998349317,20.9818140160312,28.3104198012746,69.4598718124824,57.3184390186482,2.39136293174825,16.6751276184146,13.1175710491012,40.1027818915635,25.5124589727034,131.138104502391,206.258010386943,415.602829458704,431.112708011316,,8.96817547390624,7.19786878827606
IND,b4d11731732eca0dc3e38c3443d9dd7e,10.80384924998,41.8961390063876,33.5300875951635,83.4578644262839,34.0385879285703,2.24983359885302,17.7674302760739,20.1323027942342,26.2620678422711,20.0448149258032,151.224304954076,125.178543723469,386.139130863295,450.020968721989,,19.4116301546917,8.00101410338093
IND,b52b87dd589d672afe913f2c8f423dff,9.56137388721146,28.2965340868994,45.8944374555971,107.326877075387,43.4725291589596,1.86848431557426,19.5376446236191,13.0084370741869,25.8158457573842,16.4499783492761,150.716125506444,243.310243550472,440.368741946704,417.319928457581,,22.4267631539153,4.94613034963681
IND,b5669e6a98fe55da1f2ff05f35c3f498,11.7003772074745,19.7475246108178,37.803914146537,78.9601591114268,49.7304932928719,2.96169660078581,23.1097330103933,13.0323276539469,49.8044472610635,22.6610847942197,80.7729330964873,297.724701896165,534.684371628886,643.382103092734,,25.0459456095613,6.24159390857982
IND,b661ec37612c60e94b59210629533c25,12.309405665014,30.5429936296788,28.6849184424079,51.2923372555446,69.3581947226824,2.95991580720533,21.0019025075904,10.7330731731989,34.414310119388,16.070937744223,173.676240709953,221.677661809174,506.884787072061,355.126105970048,,21.1158458317201,5.51439093306733
IND,b6b3f7db4d6641b43dec02aa732cb36b,8.28948908664789,43.2583719423607,53.4802779431699,66.0261057574536,40.6943669967553,2.81824365094384,36.673660432171,18.0651422716304,55.7499204945459,30.4369507479478,96.7021256328356,221.010559830267,496.333069375033,442.227012511506,,17.2016691993281,7.95240911253924
IND,b6c9497a592ccabe516bfd432806b354,9.56970331549962,31.7336852202599,21.5137049290614,45.4731894476852,47.398423067651,2.73658543657926,20.2799899806434,10.0773665496793,41.4743513160331,26.1806671112746,175.847864114269,207.777595708527,510.804978994761,491.992900226116,,16.9668859572814,4.26323180576844
IND,b71b5e64d49b9b24c0a755907b003527,13.6995988663214,30.1831794998599,33.444307491397,66.013819847883,44.8481120802812,1.78566704581697,31.4093444083223,16.0016747268286,24.8678530444006,18.2992912760257,261.236765742268,294.935733194921,251.173554382495,341.946495819967,,18.6011483088204,9.45319669885377
IND,b76f57b1e6a5b554298ab05d7c379d5a,13.0372609327816,28.3040931907248,44.9572718377717,52.1587991229245,50.567199367427,2.44025189032339,29.8395930404284,11.7625337137542,45.2506798599326,27.6920495141009,84.1489873761858,102.655769516661,324.415721953535,310.586444651979,,21.5451387895197,7.06055864884159
IND,b7b35ce56e866723ebbf3e54d16d31b3,8.46744042860978,18.5922023904409,24.3448774559186,63.1089215863366,34.7785959958638,1.89390268086343,19.1431842505997,12.6743832020138,40.753902247174,22.73547181893,176.555733249643,163.845366285956,380.662091635872,454.820921087282,,16.7908830276313,3.29860666073817
IND,b8bb0f51ba90d6df6982c136d82d77e1,12.1833542283337,18.9805306844172,30.0776102725556,58.9651937689089,54.943216012475,1.7565908090782,19.6074650940156,14.6238913702878,48.6278259638944,21.6097667315163,78.110633144746,142.929236879606,538.146638641396,559.045966471032,,18.5648645383879,5.46032785001393
IND,b8eb08cc702fee2f28c9a0c57015c9d1,7.61847604932527,34.9755755634625,34.0841686492935,79.5239377443207,42.1330620014426,1.40358973126365,26.1914724499762,13.9323145744124,26.7761680401217,19.0600713733935,211.649968354662,198.129214852947,398.820401693964,608.6377493199,,9.67854139231492,5.40478005048011
IND,ba722100ff3b067f215510df59760cf1,9.55584694850914,34.7694151386998,37.8901581974566,118.523612185429,45.8620910239392,1.55860368328775,15.6524359091474,14.6455936918957,22.3409470416312,12.0832156132601,144.3376391486,132.390839084672,393.249668494609,458.668997019615,,16.6657931886521,5.62471392842159
IND,bad4e1b35e5416a4140bdfa2a8d3b550,13.6181421417938,34.4216744030538,36.6102163094386,55.6851330048808,51.720872799543,2.27160429444624,32.2112076375,17.5257253099481,41.2566700146495,24.1062528112369,138.853580405069,281.500065856779,332.016984735287,383.082964897013,,10.516400077327,4.57537088456133
IND,bb020da4fa673a6cbd7f327534b1770d,7.14382065834576,29.4818285114169,34.3216457144647,72.9326778745029,31.4330896050413,2.20676571717796,25.569179679405,12.2701640327705,23.4180401071525,18.6549525141436,113.941838726028,214.610266712565,455.126642654928,364.565418501185,,13.4971054120039,4.6104636756157
IND,bbd9b895db515e3911c2a57ba5c09f0d,13.1479326824404,24.0638638851908,42.2086010835028,61.6155862705914,62.7435124374355,2.51683799426345,22.4763101090978,11.4120426099215,31.3806976421526,33.7900347271388,141.874653427511,214.824000279976,471.508500784068,331.547688069547,,16.6168650244646,2.23689497267146
IND,bc279902bbf68384d674dbdce96e0922,6.96398955842316,19.4036169465512,21.7821268122204,45.2879055530915,34.9929397787073,1.89744823263803,17.6034225857628,14.0840729972437,30.1230227532796,22.4228523162099,115.747093799713,258.406578942347,513.811447456346,312.103948935997,,13.3961805702203,4.98969469876576
IND,bd8324682bd73632c96d8fd34e23711b,14.7430406691836,36.7163948847932,44.5908192460802,87.3202858317204,45.8032406822911,1.64677485987619,11.7476380679412,12.4943204346016,34.2214147279432,16.8041371676228,144.928352228984,237.685134227143,344.825313569575,444.106007802455,,11.5491005213925,9.22450648457107
IND,beb56d6ebdccbd04e7989131040074cd,9.00263621521058,33.0834792593286,49.1257987904296,53.5401547131442,77.5759521690799,2.7977674673267,14.2829715778111,14.4242122292341,22.2061417394568,38.0265926216113,112.380601288748,112.509895526797,245.395953431422,535.726471001096,,11.6930915971244,4.71093793165338
IND,bee08848ee56fef723ff2abe6f881368,12.1327768356335,17.7253389519533,33.926512041114,72.992784484852,41.2518650101364,2.47892812265987,23.5373560131906,15.1537444001475,42.148251439568,26.8447124303603,172.123252174887,184.439227246454,464.219882120535,465.038876694726,,13.999144402093,6.68910191528845
IND,bf1ce57afab264d184410a72e4556630,7.94268120124799,40.8687601423431,40.4844958091436,62.7746295385232,44.9307504652378,2.0280883998162,33.4849048002458,12.5731024638823,28.7669428041904,25.2753946294312,112.008163407161,190.004442222736,377.172746119009,339.982411423625,,16.6987586121543,3.58843931892269
IND,bf6049bd520dc8dbcd79c7ebadd2d68b,10.7114091455564,44.8226813862724,31.8770125627347,101.652286151472,47.1819124945269,2.56461384862679,22.162608211918,8.74523918382087,56.2168366601041,28.1428597453638,148.871683576006,120.393447816436,398.502320387939,295.537301769299,,12.4593015618848,6.37598536041772
IND,bf9c0f7a2b2c653a135a60cbb97d718a,10.4520612851242,22.8831126467257,45.3069810729731,72.0608920124541,29.1149908151769,1.9930731117298,28.221947689667,19.7649201674322,38.5086701984137,25.3317354149641,161.599732795772,217.319276569247,508.496624705275,401.803987407693,,13.6980761698568,8.40161664293636
IND,bfdfe70bfd10d799ec6f5cbece28eca9,11.6855325229718,37.1789712982607,41.0290395743187,27.293197324328,35.2409141975763,2.64133438854935,24.394263357942,12.1763354471407,33.7291113498809,21.6470858946894,104.172377563108,191.528758677718,444.475582261622,565.573427454244,,16.2082742634762,7.10816220133332
IND,bfee97a78fa2d3a3946f9c694c4e5d90,13.6339482857426,29.7588797703224,20.1424861679145,34.5404481918861,41.87646078586,1.58069442683357,25.8151090602278,12.6798162814754,46.094224817658,26.3146097261147,153.203490087306,177.201252596167,467.872926575819,536.143845037248,,13.0773900618369,4.79979129585903
IND,c01d3105c5eb7c1a218b21f8c65c364d,9.44433493290399,36.7018978456388,51.3122720923622,78.4918643938809,20.2124533575639,3.31050048186296,24.6375553701095,21.525735762017,50.0771996392603,18.7065203657136,190.197125149776,184.511156040202,391.625539489336,344.765652984996,,11.3002537281491,6.3816384999478
IND,c08820698b5b0379fe235152c6384998,13.7756008919352,43.918836368891,38.9114701531412,77.8766102064293,28.6334374457679,1.86747864896271,30.5269840700702,16.1015279299479,31.5888666557069,22.0752605615077,194.405816496811,155.254698226806,639.968546668441,451.252740382284,,20.262133217482,6.3326172822544
IND,c0c98577cfdd24a9354142902550ea02,6.95604111462715,31.003141852691,37.672159257701,42.5520031103041,40.7259333455478,1.90311102279263,31.5764424932955,12.0601609099465,29.8451224754416,41.3211649020826,84.158282713914,223.349521887946,560.678351177687,446.486476770991,,14.6206382947132,3.91097032374582
IND,c1055009796b8808088dc87b8f5dfbee,10.2919954435077,21.2127671581982,29.2405818603166,92.6593441153962,52.4888786584463,2.89958783948134,19.5389255284717,13.4279271102855,19.8570843606717,30.4511371010413,194.714039977173,301.757124536361,578.202236778629,407.516889996783,,13.3441660714709,6.35659810295748
IND,c127844527dedbf6d7cee6691aa9dba2,5.91979703353061,19.7594675704418,25.23782379645,64.1578965086969,50.1076445500626,3.3980941821104,28.6652522428792,11.6222740480785,27.6798031553987,25.5456628844767,145.308802299333,162.740335189543,301.679845132475,416.071661004265,,16.4878291477045,5.80457734067976
IND,c2845d4cb4c2da8e75b751cc7a902a11,14.3956097102899,28.5362763857263,35.0730936084858,64.4522775237672,48.7932007905237,1.98474839536638,25.9280382763825,12.7850650534539,30.492201913406,20.9640544615859,124.385128014414,126.043314394162,628.916853058402,271.247406207921,,9.88270377058847,4.1381519503256
IND,c33a9877d33580af4dfd05cf8ba5d601,12.1683276333139,32.883973263648,33.744195793504,74.5143126840637,41.9443511239891,2.4373226640685,18.8615357527494,9.76766544925357,23.2489929452546,28.0035107173148,118.802338978761,286.734132750055,251.871998424687,340.319388201059,,9.7202299764121,6.23961665604943
IND,c34192f81ee76059cebd8e7ce38b5059,10.3371221417166,27.2936851032786,39.6876213708689,35.9887473761492,44.1176176695981,2.17450779849641,37.3395355619534,11.4643284849345,49.1970172081976,38.8745725593122,150.270843840746,228.121310755797,451.740160394707,510.713426442198,,17.844734803905,5.74773538407959
IND,c42754047eaee9c84dbe9bebca2e9f59,8.09302577643334,32.2531351014857,40.5389990906856,73.3071032789715,50.3877615039965,2.88692160335626,24.6261037573038,11.8706820274129,21.7792112153193,37.0761277369305,108.018644497953,242.159189567999,331.878571085855,275.330533592783,,23.0557392788098,8.07429657131441
IND,c450fefe5f8a9a72d4353f8204acb269,10.9340128031011,25.0305921194914,31.8757818637521,61.2692252692593,40.6556378993697,2.39819300604193,24.7135532908713,12.4953596905965,24.938838469645,27.5712286676059,135.618995238353,202.673463862347,391.67197707297,382.269875781762,,27.6397833530028,8.74304795788252
IND,c52df4954137c36f81f88741632bb809,8.56125901845589,19.4932498795473,35.9288487170028,77.6711054361377,25.1466396405347,2.67043309778899,31.8147344401504,11.5341829330941,27.5067032122208,25.1304372723729,136.485187329287,233.618936203768,252.07440895847,431.926413693661,,17.5204042426047,8.44034595268117
IND,c5db248ea6fb17fff4704145709452df,7.50391891606521,36.2966561135158,40.4036063506296,45.7766387180447,45.7269422426537,2.71841705959876,42.909750844643,6.35563396058236,25.117065863379,22.7394749895919,89.9303797208293,235.948107309334,442.78730388414,433.140571707104,,19.3829363924229,5.4277032952339
IND,c5ea9a5eaf18e76ac5f340b1f6965095,14.9563643912478,20.3272540018653,47.1070705159423,76.1518662368249,45.7751989060579,3.93222837306204,24.7121386048646,10.6267301781618,41.3918160702853,18.3516732277791,152.536783762657,232.791737035224,447.516324170468,269.803203345047,,14.4849380548208,5.74289451898323
IND,c63151e33efa1d2a456e49417bb944a1,9.97211889204239,26.6784367936533,34.8703552976846,70.4274696353792,39.3978297516768,2.39677373744237,33.5649329872156,15.0453577383493,23.2224180067336,33.3038819954278,123.45543876348,227.170356060077,508.93270644082,332.117534266281,,17.8618838236311,3.49799505915456
IND,c65c38b55c1bc1e0559fde3b4ee1f2af,15.7890050277802,32.5239844790238,41.5725368781201,69.8156345419668,38.2977849810912,2.4106836973479,23.7932654315096,11.064677279324,31.916669356434,21.0625300932312,120.927685645746,207.293462620266,405.733539035095,406.490958303701,,23.899152840977,4.97219838818527
IND,c7046d2f38eff68d397b833f5cfdaabd,8.88403792752695,25.9158232955468,26.4163316310583,35.8396622511891,45.8950741602482,2.81819120737279,26.1934456560194,10.1856668586134,41.2092460051571,22.1947740424853,144.062971414677,171.728353614975,382.997080336564,332.112542995892,,19.133347333043,4.82098585299674
IND,c84d467d72dafcabf4ca2c373715a4c3,15.3375239801301,62.5312556951354,31.5259880169842,64.8987805632782,45.3662406365107,1.83758006769227,26.4109863380496,14.9444824632397,28.6235819269202,26.5694767798207,115.503284639989,150.502978894364,495.540442711827,454.54803984353,,14.6128844288058,5.86745613689893
IND,c907c13a0535929461ed9479c39c0028,8.72825308049186,27.0338337365149,41.1127129891568,81.6404377966673,39.9759087318775,2.92021231064504,39.3970965881987,18.6441201818069,25.0614426233048,15.970330334001,186.259767607711,145.397604523185,286.480330665396,377.483571636706,,21.6764068368321,5.45418485940745
IND,c93f656d8b53853c73023b3d51994806,11.3163418365015,26.7172707284514,23.9353727258251,56.6030003151188,44.6740285122397,1.57134090381049,26.3438325680906,11.6688871617128,42.4611352611925,30.7572594853662,143.727567425847,227.97650684738,305.386742993919,541.98896762549,,16.4874772502955,5.47345803479338
IND,c994b1b5a30c283a58c0d3244644537e,16.6534853216141,39.1208095014739,32.1203047819162,46.3577988139681,41.6422941588466,3.39017355166709,26.8990138892789,14.8071987266323,22.5144974389861,21.4350623879707,161.176297561948,173.655049531934,363.5638331882,373.730263535026,,18.6789230074983,7.81152356749944
IND,caaa39fe57e993c015f4efcc407e1dca,10.1959335856165,30.8497602415292,28.1434513439454,69.5944228387321,38.0189194516489,2.47807855075353,24.372804026932,11.6241278671377,35.5988961959223,27.6526213312265,186.451892955596,216.331593278946,356.740848599783,429.920865624499,,14.9348249452903,5.39648159962284
IND,cace49e3c0c51b2b0a7a47a179ea0785,8.79087654160854,21.3379111244395,20.5799653205785,47.6541007625314,55.24688768268,2.29262802447055,25.3099177414004,13.9605558061846,28.3375911476236,21.6732055954569,106.517059022885,105.924012539739,497.723129578493,318.844825334397,,11.7939766162443,5.71291215583242
IND,cb69f080b7814b3a98cda24383520dbd,10.6027077538388,20.9884101903415,39.760120226849,65.7326072353735,46.8277410569848,2.89045958709286,22.996770286664,9.03265429173274,40.3793910298913,19.4098674351158,111.763618950733,172.541799751768,422.592207883564,466.55556747637,,17.8915632573862,7.4531934348774
IND,cb94e125bfb00cba080ccc3add9c8d5b,6.03640762281343,32.7420915164725,25.9429515516854,50.6023565310276,52.4750512412099,3.15042327374692,28.460818299518,8.88517159008507,29.5511269547396,22.6877398685167,90.4241739043747,308.52987172109,608.038713405975,370.309334522332,,13.3274889531867,5.86338070052512
IND,cc4fda1825a4e58679762707f3d559e7,8.27921950334748,29.8219939863071,29.088430466859,73.3453614574859,45.9187252855764,1.83530402396368,35.1268947459655,13.5441758510108,33.4163165298755,23.4731531797687,168.561314492129,217.42517245516,406.995673613336,399.298631836107,,15.9560836321934,8.17324369828948
IND,cca071a45ea8f6ccfe2148d2d1744437,7.00647424441962,36.1611154298635,23.6323881259842,57.8314858089873,43.2813794614529,1.80863314691623,30.9531859212462,9.67717727769274,29.0404021564405,22.423022434381,169.789781087053,141.823871079657,425.242203858463,405.418911430871,,15.3475782377647,6.40413902779454
IND,cce188d1f17bee2fc4995bb3640c19a6,9.95538668466156,38.4572938944832,20.3645721686178,60.7899313875425,56.6791019898377,1.58674474352535,18.6692094082037,16.3102713424715,27.3320954706699,25.8087169906749,153.681004437008,214.560576464145,583.725361771709,231.660129446015,,15.6444476866198,9.64183262129525
IND,cd39adcaafd42e5b506207109c0a3d45,11.624022058546,35.7671137491732,48.0282139918186,44.073084296459,41.8949994586897,2.30614827594089,30.4070477283873,18.0815858306098,29.6630400073421,23.0667009600244,112.148277054362,253.06352994526,443.022743332249,402.70546644403,,12.8091270717122,5.16831831390315
IND,cd8c7fc1f66661881f9f337fc5be0fc8,14.2033960848403,27.3081854592409,25.3402699325254,41.5407852788228,43.3122916379405,1.92669969884689,10.9016837893058,10.2984308848786,39.4855277561381,25.3782236230075,142.375214040893,147.512417782569,356.193074581741,325.356788444972,,18.9374195545767,4.69911396529914
IND,ce00272b732944fc2722a5e9f9568c2a,8.43953410814572,21.4816078280057,40.9470974256245,45.0308404374325,43.346113834748,2.39985730064152,44.4448135537764,16.5071586322333,40.7953704129928,25.5314938071337,135.393098850255,229.339578376291,294.003573544683,578.054089586679,,19.4695619889979,4.2081376757412
IND,ced07c3350f50e991d56005d21209974,11.9768882719015,25.5602472870764,35.6568052783038,53.318625715682,25.4030068624821,3.00325201653789,31.6795632527179,11.0511808398375,53.9624669298329,32.5105300608934,159.552997189475,163.102489084484,447.011740190203,518.283650190639,,13.7973722038343,8.59543613908946
IND,cf2feb33b4c22e51a5bbd86185e897eb,12.2544080915073,44.5955833772686,18.318574629118,83.2464732699297,36.8560405134429,1.78141906420231,22.1554493256247,17.8895617759932,26.2706022187885,25.4300432713989,192.550924525589,238.783562189918,316.233134539779,674.083998406282,,17.6844131985622,8.17918169637531
IND,cfa18f87d6ca373b0c43473da0b89ff2,10.1165188420034,26.0848021007435,40.3955435297438,52.615083099303,47.271669284804,1.98150135296882,14.9290370236859,13.4320964898086,30.0422479604905,27.9826849891727,140.391771988707,245.615650174261,427.289732836228,411.2322478373,,13.0898610970504,4.84821978554241
IND,d0b80941dc58c861ed7118a7b4715085,13.7047184211538,53.9081080700608,48.3362383907339,65.7500597107346,36.7989474352175,2.9078624983373,24.306573901109,13.2732867759865,36.5416873745186,24.7736482540982,112.605251116897,263.688618301548,401.312770195531,367.381210025364,,21.9803975266397,7.24374580084284
IND,d2088f456b53f96c8b8c976908abe8df,11.7221749589403,55.7866865213207,30.8362793398953,48.9900427441201,32.7782552990964,2.80377814570563,24.3271046384012,9.13622293769341,31.6574672128516,25.5304136866601,197.418887610812,200.779812029479,457.943412165518,421.889456545464,,7.91585845461414,7.05830769676009
IND,d50218a4b96ec3b6cb8e3e15d97218b0,8.90775797866348,39.5124111576913,22.6306603916747,55.1597903849461,22.3868006972895,3.38259457308864,19.2162047460552,14.0155823634332,32.0277195926509,15.7594236779546,109.969939322629,145.170951326853,409.08463909008,383.348801326515,,16.8509108876005,5.74823659747348
IND,d51d68de29c5da711a9d5c615f0e7afc,14.2642434935196,42.0180327531166,43.761392952751,66.7016458289243,54.1620707992388,2.4533648001196,30.425585895236,10.5256486023046,37.7665155920886,30.9736731198809,158.273070061776,224.965695619819,670.146539861205,294.056695248448,,18.8333123775422,5.97299850811569
IND,d52f6d12d37a3dac309520b285f5e1d3,12.569868922297,34.7402607080195,41.9528023948439,76.3221654549837,41.5422379348588,2.13092160054765,25.212994463341,10.3391759519197,42.7832679830809,12.0169482852965,106.655386181396,205.520573384729,461.705825799151,449.221973623936,,11.9218656886466,7.44973303340895
IND,d651775d9e946899e780ca47b3829962,7.71747546114427,57.8977539896087,25.5562492276785,69.9668064400509,51.8224449215987,2.08345848443778,21.3043308314209,16.0438798727894,37.2025531933787,21.2235985873145,148.160774654798,345.494258539071,397.422456234964,167.384099714352,,10.3223600442848,6.0438739236287
IND,d6af516ffc7357d4a43a7d8d5a0d451a,12.4872580255985,26.1254295629125,37.0513795458483,93.7611598347094,32.0946819823616,2.45786358473591,18.1303249147912,19.5775365091861,23.6886958559414,21.9860659973714,168.371674171917,136.166380322987,478.623229079661,518.996469682278,,16.3386409313008,6.60539650518618
IND,d6b694c5a877c9a937e8186deb12f4f3,8.66820521219591,24.3969440330237,24.1372457884038,40.6691173825555,76.4216948628677,2.84421588787479,22.6642270798374,13.8737727520685,31.9623742848176,20.4142729607062,122.521571070779,230.884669223964,296.72247145995,394.596703621382,,20.7689084107291,8.8453060857939
IND,d6dff8419096a3d6565161128e7d6cbd,7.29868453037256,28.3382458612447,48.8181108311223,65.8762709481184,17.628582039924,2.07586983724435,19.9468787786884,17.3462470584439,34.6260423398051,19.266180030629,67.6326578156301,220.455755090931,435.345060250829,315.958574737165,,17.423519897926,8.06692007821657
IND,d6e327b3ea46f80cdf905b26ac7e455b,10.6932478866149,27.7595356405315,27.0123862568855,103.513205521016,33.2164022861506,2.21877412116386,25.499326448302,15.2262573931763,22.0427501927658,21.418491382377,124.074085000824,216.988312009842,493.854148672445,375.233959362138,,18.761431794549,7.88160117489548
IND,d885715a66fe287e9161031ed063bcce,12.5112430988795,29.9730931943147,46.680703540122,43.7378389906538,37.3402195185287,1.90944495399794,15.184479037107,8.87122985612916,28.3908367221847,21.9729728644558,154.673219675942,145.369366890856,544.355024936342,332.317333029785,,17.3399158922218,6.78140437600361
IND,d9515a4a5757f06132f6c64ef0a2067d,7.14511924972705,25.2471965281491,41.6652725264955,54.9954840262555,33.8048564289718,1.69076531842179,30.7525511763099,8.9731075097977,34.0769858015729,20.5706152164551,105.658290138915,250.139485768103,422.71035941057,323.484594141534,,15.8354683255519,8.23816254918145
IND,d995e868b42516d01c787151073a38a4,10.9833548089611,37.0681095886467,49.2672853252152,35.351736189373,62.8873784971508,2.39612827683176,17.927436374108,9.85486420948383,48.2637628567013,23.0120874183728,156.816947633914,175.593554245919,415.076462467748,366.181639382361,,14.6577667070045,6.02677774859835
IND,da0a8530f8c2a8b54ef31d77676b4ae1,13.8591971130086,18.2365055448846,21.0095388075091,61.4984898638635,29.2043332146029,1.76495704388315,26.0875818215419,16.0679855664593,34.6920844210626,23.615309709426,111.723942116099,300.201746032894,311.905612457972,482.485222076714,,16.8824808785156,7.19860766980689
IND,dab73b5b569501ebf101d612acbe3c2b,13.3287159831722,27.0216804151598,22.4616715392384,53.8560284552303,41.0385584123205,3.65173075852243,27.1931382495862,15.682515294422,28.806704065807,38.523580057753,185.797429069975,181.834102633134,637.633557903254,394.79900175414,,22.3862063002947,10.2575372539524
IND,db23eba8167e4f26e9c4fd2ed7f128bc,9.34533003610564,36.5096055313491,37.8921058833034,77.7661346214268,21.7370016639208,2.63515559276887,22.6925942221915,13.9153136952925,46.9279787590896,25.5908710957586,122.150314974663,265.448760671361,405.789642833347,532.488551051245,,16.8336549739073,5.80423223389159
IND,db93c0d994044fc1b1ba457cf777cb83,11.8861259167556,40.196363047558,35.2297092869088,52.3107667746597,43.7866414533484,3.58075028951678,29.0301114931831,16.5270935712809,31.8637162468367,20.9015465506136,124.066608675099,223.676287725323,288.81381255618,445.112944465646,,10.9400925689882,5.42361771680739
IND,dbec462e18bae7bcf0de8961c443d8fc,7.76699164486701,38.5321548804745,32.2896810092878,68.8959246565227,46.0746271507453,3.05335176546635,33.1227545726473,15.6752127559564,18.8699928780695,30.6141193291367,125.216253895835,253.669040353457,473.813854998594,611.893531010552,,20.9280996938001,6.81181548996343
IND,dc904a46dd3d5889d942791760baf591,6.6498562419828,24.0931420999926,51.9543372003952,83.6965871547786,38.2330080726302,3.6523539335553,30.4238339463439,16.446246246038,29.1071093799292,9.91645030932383,170.347530722658,218.989456690753,480.184835813463,431.957109315496,,17.1154762158355,5.13127594943542
IND,dcb55db3f1593175171ce05cf6131193,8.13544419199299,40.5553923684159,46.599924716969,56.3154890303517,41.3790654059345,2.31779915730744,24.8339993824268,19.8700186378769,21.545460081918,31.1376095331283,100.655311058531,185.483262335638,521.104790704959,437.197348718669,,22.6067562898965,3.23061810249605
IND,dce2e234f8bb7653daedcd109a5a96c4,11.1422156064208,32.7911131247939,26.0651041479988,49.3281420556004,54.8103298008813,2.23131223407269,14.5744431787513,8.94059500954906,31.5744874208094,24.7714868574652,197.40731302024,207.750067594226,449.201487506629,518.916989298472,,10.2656699920528,7.11295801433588
IND,dd9294e4ac3eb76384116766aca11fb0,13.7953977251295,28.6762157037596,32.110191353235,39.2043917239715,31.1887815606971,2.18282881885954,20.0449098609552,11.8463490048481,31.827600077865,19.1224904328038,169.332769844528,179.621273688008,315.317520381187,672.712201900774,,11.011511285738,8.15981053085196
IND,ddd0618b60da05669d2e4f19e6a52480,14.0109663917225,33.2520714417097,35.4046142831104,66.2812500401587,32.5660539530533,3.29117897770645,31.7223559721946,16.491118375344,20.3085145363482,28.4147482634537,233.474572454356,272.185348960305,464.487221164915,470.586858513096,,18.7837684618627,6.77391803519266
IND,de3cb4a0df5d6fec83ab43af25367efb,9.57267946798727,40.9792115046801,37.0756796013412,61.9404815793477,43.2709214092526,2.59916861243527,23.1326444454251,12.5261740104658,30.9760768519199,26.913260609851,123.491292861355,195.040014041941,452.00477208346,392.243591241431,,12.7847486610316,6.80107781496813
IND,dfb0af3aaffd6231d20d87abcd68a606,12.6436804034338,34.2007478383838,28.8613692169766,53.1001034304531,47.4028821199209,2.27393828417229,33.1132328231113,13.8711441049213,39.8673210147133,19.3955679023989,170.280139383651,115.923446589314,355.936287897681,546.129403503738,,19.6284445156764,6.11702790348944
IND,e014dc256a0c57dfd62780864bc6cfab,8.9572146598505,26.5926724246419,25.9277692855277,57.4618373293461,59.1834977712348,2.49383772470958,15.0630185598218,15.2965093052576,29.0433017997701,22.7099269512292,134.326710337452,190.580631313966,378.607746612078,446.780104399093,,15.5945823247403,5.9112201344038
IND,e018aa6ed9707f70b41d99f2f0a8f78a,6.30428636661855,40.8285796750808,49.3703788656188,60.7039411924987,24.929296220593,2.47598952008765,29.0759933535411,16.2357937531834,34.708047517696,18.1314515331289,102.290773194816,215.607512842941,419.496401093908,480.244494802469,,15.5678743309283,7.07458103902181
IND,e0e54925766d79ee36dda541a7ae0752,9.97213038830226,44.4020720863915,19.968523464785,64.3089696328458,58.3169935017013,2.9181157049139,28.4773677663973,8.38988478308138,36.2253067312086,24.3269571190092,218.386835103306,123.395855353003,482.599106348895,402.970780041648,,22.4505061403827,4.66970033217454
IND,e1ba2dda145f222056971b1639526f7c,11.676743552051,27.7126540801629,29.4180179975704,52.0555973707661,39.497953752822,1.79145096962743,23.8558003126917,16.0040983219168,29.8232616518737,20.9341048092428,220.752430704091,197.580916754374,652.484858223397,387.38946476435,,17.1482551933466,6.35407089207159
IND,e2a2a4572f0eaa93e4833cf6430ab5b1,8.79620396636491,39.9495962827639,42.1985136149727,57.5750875887405,47.9468286657814,2.42155059688182,20.3621583259152,17.8811965049335,26.5778253923737,24.7203574924688,64.9604924125745,175.556165106698,653.980826412263,521.934471496883,,7.28489727934248,4.64641972465259
IND,e2ca47ce70e1c19b00d5a4e6114ec9a3,15.9113433580184,31.1316503764881,37.5424045634967,49.7536163721681,53.8958453525977,2.2013488874278,22.360969294972,11.426367154984,33.6623079926719,26.2376392874783,117.954572063792,282.52913522511,266.508025219286,346.43567464448,,19.9270513566437,4.41398976023811
IND,e2de4ad1b29eac6c596c44cbdaf981da,7.73111553274655,26.4519761868478,43.6008456466072,61.3662771149163,42.5985033323775,2.06338500437423,24.7613276055953,19.9064147133071,34.3147222493416,14.4553540087008,105.812688013245,124.047599579212,472.710845277824,435.311111112773,,23.1988831469506,5.10929381963316
IND,e2e0debd0f48f5dab40943d38190c04f,8.30159335182779,34.4361712468907,46.5601310396232,48.4786055450542,33.673328084164,2.03123113619861,20.1595370865022,10.9165437755261,23.2862789582064,19.0234879299314,185.942463061627,178.11761506823,514.155109465681,414.481370579406,,12.8902874822441,7.82349621064567
IND,e321f24a28badaa3d782749a6387ec6d,7.06706736234088,29.1031955916143,19.6786530409666,41.6976984265814,29.6799793934379,1.97348770283498,32.7651235235007,14.8797979928552,30.9894929793552,34.1438646638873,148.400816846462,282.491590985557,456.791590846939,415.428545215307,,21.890340873043,7.1634584130953
IND,e32dd3c9f4b34fce69243c15720ef387,10.4765939915768,22.5916141909104,25.8910988031055,46.6798730676185,15.5304840792106,2.61993670927177,19.1989016130041,10.4212157542551,34.8776224522111,39.3505671568336,149.449824465499,198.12682880471,341.77118751323,555.435165938204,,11.748197170871,3.35208066121427
IND,e4146416afb8ee58a88780311f731ab6,10.1189352551822,35.537048254431,39.637534897038,45.8748941330773,47.4338090675453,2.66976696996133,17.7866584098397,13.1393737518819,31.6556472524432,18.2690896476907,108.745624424079,213.002185167797,556.944131944027,407.448519530062,,13.2081203786798,9.40630513666938
IND,e469b47e743e2eefbe5ee095b29c0cee,7.99437395887371,45.8620345148774,26.0845117111493,49.8455957465018,30.3581049089132,2.0062338249975,20.3765110030687,14.2259045014861,44.0081759475666,26.0331799933759,51.631701649824,197.179975347943,417.026474012701,455.284547046258,,11.9745643991377,6.13992646660905
IND,e537f1e3e4bd399c1ca395749fa109e4,8.29919432845991,29.3216381844687,34.3613094438165,50.1936742223523,40.9399516362705,1.55002858363606,26.5182871240124,10.4452633459088,20.4223851304787,29.1852651256832,186.863943676043,318.387868984005,199.13984919772,439.591001637197,,16.3107585929337,3.26236573593755
IND,e62d7049c7c84cf192455b3aab83ace4,8.75670040609799,41.4497707995767,29.2665371920453,71.0241823236419,42.597096128247,3.20742407277538,17.9681627657007,13.5416930006061,30.47995893429,28.5439733534503,118.734958621791,208.768716526702,367.421549384218,449.056869832559,,10.3018549523527,3.82784531152586
IND,e657991f1b4795468e4c8b28f13bc519,6.60675014651215,24.5381354557575,46.1512457781145,45.7121324643072,45.9192436104429,2.5510957439512,28.5744146474551,15.4263182659537,29.7670898154274,20.6035619202153,96.4220881143295,215.376187966117,627.395261819289,418.901283799067,,14.6289689285293,3.82025618814217
IND,e6edad8e6f07fb3e91eca460e8ff8f14,12.1184105208456,29.8253770166045,26.5320095131126,98.1696480904417,29.1195355550281,3.24068338337892,26.6630026414032,11.5146348042347,23.2117607486544,24.0456406310913,128.158967333057,307.324175815603,520.114930171006,379.955598463787,,12.3552539942145,7.41881044669601
IND,e73ec1c83b6e0aa5e01eab78906cbb00,5.7602537726559,24.1357207411233,42.3000224190764,55.1760200740207,46.6495957312439,1.39695266942803,19.5392621634007,9.7311601522535,38.8322593624136,25.0111883039217,169.422394508249,168.410941373815,469.395885300144,277.248464105615,,10.6108965081764,4.79898350883217
IND,e73fc63c57a7b44c754ea5a391beddec,7.37798809021971,31.1308900271816,26.4397001641841,68.8551879077161,56.1139335651138,1.99037691623942,21.2820213482597,9.09184576288165,35.8603294975819,19.1851220145825,159.819202773531,171.691960172524,458.855911952692,371.866301116215,,12.5751330641488,6.75295958542726
IND,e79e74afa115a25ed0d0944e1473ad9c,11.8822713267756,29.6000681992241,34.3177272467125,83.8016614595166,35.2565496013644,3.74198710284131,25.5439674343248,20.836074090264,19.2295841076928,23.7900778788492,155.343610134689,227.909940823749,472.801131664094,487.336039071517,,19.3896544214859,6.9621788082573
IND,e7db3637d5354d5572946d4c8d92fa6a,9.5951520570995,27.3264748218048,30.3772715515735,101.558758391743,33.200459315776,2.13530524371674,14.531114004778,15.4620933069568,28.0242243102843,23.1533184869078,146.31985356576,156.220661050591,515.856718182675,457.435864483687,,16.078893876946,7.03050928951291
IND,e83705faa1795e3a392d075812ab2312,10.2679419896832,21.056886792438,20.8444269331655,81.1606886798194,43.0814026110762,1.48002589300691,18.7714736115476,9.61820744371177,23.5677303131982,23.4545014063817,152.471394084844,146.735951526855,246.684074297362,294.591543415126,,11.8140679586293,4.5319873866048
IND,e8a91255fb4fca0780114215cd07f188,12.4839500314266,29.6208462157461,44.4071505719732,96.9370942108819,48.6053060464875,1.87080449835119,18.6309520113761,16.1865689012788,29.6683815922718,19.5456673732434,212.877297735009,195.101562478167,475.759156551098,345.11401562591,,17.4624178888568,3.18189339220993
IND,e9c9ac9b8ccf6d8c1647ccc8bf99b4ed,10.4036657918426,28.613923846857,41.9211466850768,69.198428791456,34.1499662761687,2.16678160945046,19.3491965875112,22.2807592345576,28.1148853198069,24.2888199353363,127.996518769547,305.705959432207,512.741232212798,217.43626373952,,11.3169688044719,6.86228667620681
IND,e9d7401b4ddae931795a817c8716e172,11.7101469391829,35.3393040782185,18.3262311615003,59.2287002497062,40.540831663233,2.65539280699167,17.124155260288,12.9173091276904,37.1875828778432,32.6453733106367,150.361062945712,168.282582332927,251.168776088735,488.868879163931,,19.4629194947366,4.40102402679134
IND,ea04502b580b5746b4e2f87b1162e9bc,10.1181976735397,31.637087820196,35.5829409972887,56.432935800786,37.8532828606222,3.0110470690505,21.4165702752514,28.1232033298307,29.024802662111,29.3397224439435,109.565135361901,204.137719631403,306.702104125484,568.547327187728,,17.8772231222674,4.91783718536319
IND,ea18a61498b9c44242304798108286ad,6.57742793503144,26.201507770142,30.183032860945,43.9731971321032,38.3599065252304,1.94340915191182,24.3219102369784,13.1333142164274,29.0987576811529,15.827272176357,140.890697893389,238.80473678728,418.691619544684,481.888226304012,,15.0159660381357,9.09946118569748
IND,eb2e543483c1f24714daf4a27b3f282a,11.2253471806189,15.0817366454456,33.70845532899,62.1301226410346,30.1978552213662,3.1368690840589,22.7050411432875,12.0462302412863,29.9726569381664,19.9122314321536,96.4889195545163,224.555307546055,343.15836933721,393.266549159305,,13.9181856159296,9.59122455891348
IND,ec574fce8aadd521de10ca2153f0914e,14.7531947743734,28.3829758393437,40.0721989417495,74.6096811355908,33.5240250557549,1.9243694674994,22.022436077182,13.2862497098525,40.9710436189868,21.4434532348959,168.841930079537,238.991758007469,386.087736902695,513.734496890992,,10.9644604122181,7.4771405622698
IND,ece337f71aad025a4fcc1e0cf45efafa,11.2163517401415,33.7196961008635,43.5140232993393,37.6616211007574,33.8700503334007,1.2890405158743,25.8492381831831,17.1609873477066,35.3098795429669,31.5611128575883,144.428443934861,203.465437012019,357.827731248595,288.109864483455,,13.7591778550145,5.67703313449028
IND,ecedbab5d3297e8e6069891c86fe9721,7.95409021537618,29.4450435567742,25.5685643473684,65.0299207663695,49.0364067788796,2.17800923092269,31.4841968157894,16.8771359109366,31.8062119363122,23.6761601051609,106.252909579645,184.201376088231,506.11068808463,244.659851789606,,18.1871748120487,5.19794880612405
IND,ed5ccfd65e17e48a5aed74c2263a5556,7.59768644508443,32.3635296440362,15.9964946846286,68.2687360474722,42.157048629501,2.72751533881162,16.1693855107648,13.6512483788585,13.0094705810494,22.9298058806269,118.857778416516,309.936759568586,547.337135682774,514.783016626468,,15.4610461298511,3.71785813897878
IND,ed6689842d2318fa35ee5d3cd3675e8b,10.7331436455406,32.1265490110892,44.7045637815008,94.6311774980952,34.6105241610195,3.85319414798598,26.086317660525,13.8241234729003,33.6732091787423,24.8473246133818,203.963356496461,174.137531616147,458.24109833943,471.127151844141,,14.5089151671308,8.73883237926741
IND,edf47da6e0fc734e8b8afb2108db1291,12.7777494002383,20.8062062538564,40.0789234993506,53.3731111379892,29.0520758560154,2.59991385450513,26.6268233240786,10.0153085085196,45.2736535346885,24.9373878637688,129.523189460674,203.319349512394,446.519334114506,434.126787996585,,9.4527232059713,6.04811774952193
IND,ef19c925562f98ba03b3d0d272cc5bc9,9.38904577142074,34.5411064554914,26.5787072078444,61.0672305386371,63.8381984612097,2.64075758223499,35.3558801210892,14.9016734093923,34.9333682606553,22.8944072455252,78.0839904692365,205.125133299991,463.976386731006,432.640563504634,,12.8614932417213,5.09113865702769
IND,ef5f02c0a21f3d424b31931a72bfa920,9.56540093359137,35.126511977861,45.0771929163736,59.1449712732326,32.5360544214821,2.23547159159986,33.2743941919403,9.2126325550667,34.5504444374688,15.6049369797325,140.320317958259,171.116929947264,399.342106192952,429.138232591526,,18.9083360809606,3.39371142225639
IND,ef917a23a59c7dc33087eddfcc7ecf72,15.6500812565069,21.5746989930315,41.7073914887752,35.5145815583656,38.4720557352707,1.72771827987813,21.2974770946627,12.485505194993,24.3225651453019,33.7840418311544,145.92494478163,250.420061820632,341.212734491623,267.362281856224,,16.6648586466395,4.68664912243135
IND,efd4ea3bc4184af7c82b1c2caa7a3a84,16.4612316058237,31.8178878011867,30.9707799710263,35.9633340227985,34.6750686876411,2.09766372510294,20.3623343461119,20.8184563256311,31.0463043684661,22.8278580684347,82.9663371958795,227.710127248909,274.692875238928,396.155282373938,,18.6957597318613,6.63785455014058
IND,efd82726560c724d0064adc7705450de,11.1856114883934,33.4463885206015,41.7224665505651,67.3406999308793,26.6345029078413,1.54837185174729,27.4526413001539,11.5583666376404,40.5431503352313,22.0600481864704,109.895374543014,368.973350347807,432.083353021008,313.431005911711,,26.0871030694483,5.30704690048217
IND,f0370be07ac1940d07cee2fe3b4d8af4,10.9341049647021,36.20788084586,37.2193758856351,114.897331541227,33.9518867189375,2.03858271280499,23.6391290795379,13.1009666158891,32.2342426997222,32.9620385320972,151.222280593059,134.195917087604,559.970512576444,345.026979871658,,16.0548641247804,7.34341390832956
IND,f0a5bec8ae91f6713a24d3140db4b348,11.7114911468606,23.6764688834599,41.6357143717779,81.4838949312588,46.1077885173654,2.63224214954596,38.8662701149927,10.037582847297,31.2515837018398,23.0772919396005,138.070979110897,145.966167818687,329.691289365313,328.489183207929,,22.1101663508257,5.56814493145549
IND,f13aa361c96b8052dc51a7618817094e,12.4967581762295,21.1308530531996,38.7552784710487,61.6257627900991,50.8057169886175,3.11590357157471,28.9155714571337,15.9727456582719,29.8357608277425,24.0403360499812,170.623450588371,205.377109403223,465.251628247181,492.776645913466,,13.3052536498509,5.73902745818215
IND,f14371b1e90fbc72d2e75c423a5e56d0,8.11662382795858,32.3060186634032,33.7557432859819,83.2585388264686,30.7865272597434,2.78286590464139,23.8827040717759,9.30798364731183,33.6676255640453,19.7704719025264,94.5361379749502,271.293928946444,420.490096728269,465.1181297199,,10.4526239527112,6.75846333142103
IND,f1da14e3151228f52fd8b2e9b797da00,14.64482235166,43.9998734867887,20.1849637685608,91.048000069619,35.8439759813967,3.10164621084694,19.3936845036542,10.4844675631958,49.2306624956907,26.2278688810976,132.345519278993,211.131638355885,519.222569135582,440.176185461515,,21.6197004947334,4.04594654560217
IND,f3c75e5daadd32696f056d6774c92780,15.6503681298713,32.6254354262144,37.335622133397,45.084889927053,52.925820597748,1.62667380316167,16.5677271593221,11.4795326228512,28.5705601374941,38.8195204941396,102.955684836059,186.052108869929,478.734200059696,353.149764759122,,21.3818163632309,6.18840002153058
IND,f3ff9f39cdfd86f8e4d9401a09fc8695,10.8209619574695,34.9207352137292,22.7217109605836,70.0905353997223,37.4898426471813,3.64185179223366,23.1325486449536,16.0430590439947,23.0995313835236,26.7917849019551,120.661335267991,191.313446531493,554.233453537721,364.718321244955,,16.5801870684903,6.35750905707868
IND,f496558340360116e46daaff1da95cdf,7.84955036950396,39.0197921989924,46.693796431248,59.7801190402412,43.9199591280596,2.42460281128321,21.6915133267,10.0226838229135,34.5311753935914,15.1221073553141,153.292526562736,264.010529234334,383.805508957652,417.870843599318,,15.6733063985571,5.94400372104438
IND,f4d43a6183c8fde674c6cf2ca422fc76,7.80863807819014,36.7332409751413,24.64964299925,34.5432371836296,61.3247510534788,2.55514329813215,23.4749460455664,11.2130074817726,39.0196398976086,27.3433691738345,158.37113481829,159.983006264404,375.810864743966,417.703012637937,,18.1592342307689,3.97691868707397
IND,f50211d1eb63f6037e2bd5223ea9a14e,10.5854297204289,17.9450684580568,34.4305245638885,76.048240412695,40.9030752949376,1.7833966306726,24.536264481741,14.4747175795687,24.0234961678374,21.9601614537156,197.964891069722,230.368572870325,539.65892741119,230.125511082538,,17.6808421446064,5.41215867622629
IND,f5c41b54220e6bd788f4509d21deb6e9,10.7743651295061,22.6255105606002,36.2659485926549,77.460972001999,42.8233842355306,2.51491124817341,22.5593016564183,14.2979887329635,30.7481859213429,18.5582175055111,191.402239871934,175.230234767055,461.695877418163,470.726022118387,,19.335078446023,7.62598259984902
IND,f66f65a88113e095e66adc22fa38d5ea,12.8453077122223,45.7955879094625,36.616491496072,71.9438619635067,24.1364988811662,1.36043496301746,14.6092943291928,10.4008436201008,38.6684763913777,20.4800864895034,142.081546458704,245.139458472185,589.711598506912,447.421460610576,,15.072781526766,4.08630380054468
IND,f672c1467e6bee95369b335b74c462a3,11.9177017743291,33.9489479938935,30.1077128600642,68.6050877567218,36.5893893896301,2.47785300991484,24.7684047165684,13.3248577638014,39.9543255781821,21.7709379339944,131.818264028387,307.4336942557,567.749556705384,374.514183947581,,21.8463837803876,4.27140407038957
IND,f6b697ad64a17528f8daef99daeb4293,9.26240612501147,25.493432257785,37.5503828393716,36.2878626617036,37.354992975842,1.92461284416124,25.2779588829191,11.6709035246664,41.2911391832264,25.8269471191154,107.051818565762,205.309766719292,532.576430159627,573.309720728755,,12.5987137686798,6.12355624628857
IND,f77b9b5bdc3b6b52e75a1373e609d376,12.0722954159835,35.7831145231773,26.3361352115172,57.2118088207647,36.8931845417719,2.20638868788522,23.5465676175909,9.62518431240209,38.0170017122951,23.5004110815715,205.220390945175,186.935078606402,483.297898697053,449.177655544094,,20.7289356945176,4.42094621312016
IND,f7e12916b16bf714bb4059696052e71d,8.47157216379542,39.2899627424458,41.8620510456471,80.0214207904444,48.4986821983497,2.21513390581954,24.250421636294,9.73964065355045,29.2667102156788,32.9636393563472,182.950892784428,251.794465762424,548.259227138496,353.978518797555,,12.6797199617253,4.14213564436579
IND,f7ffdbe27884192b7274feb54627bede,17.4289206867154,38.2058393165902,35.6754263810165,72.4603741528343,40.2376906150999,2.24957221062465,33.1791592884609,11.0851720181083,20.2559843479094,21.7429169538139,105.832430445826,213.910514523005,446.882567162146,519.878276443366,,16.0471572835781,5.57750361962632
IND,f8f2a91a4451becc14e36cd8e6559fd3,11.9714243407563,51.7139712768912,39.5566654723047,45.9849688260208,36.3777329655772,2.16993945709148,18.8768587726343,11.2002701920432,20.3111928828532,26.9986149227729,159.320432908896,241.232421719306,308.500056516256,465.396521177193,,17.4519808382125,6.85446433805623
IND,f961ff2a7111c0759b89a431ba182d90,17.5987550352846,24.9860690670566,45.0762264167095,55.4264930688977,55.5358534085058,1.15446933255074,27.1970858383395,11.6487410173795,36.7755487844426,21.8820245758589,152.404241989444,326.995182931311,426.639785946452,480.474245429494,,14.1911658275778,6.54352839812878
IND,fa0733b79bd5130e68cfc962200d7530,8.39508884714691,35.1693378217231,42.238315696863,85.2467201805382,36.6012653010913,1.8930857918149,21.0766170595011,16.3684195534795,32.3862404546054,20.9562288431776,191.710426807005,212.752636262558,349.58492657807,270.635851542359,,13.0245046599221,7.59670771370442
IND,fa6e22d6725f0196388c326ef0c6f63b,12.1626359247762,29.2166058378053,30.4411572755725,69.3719829803247,48.8985964088125,2.59660625488694,32.761483108858,13.47001213201,30.2597192334319,37.1490676079283,211.764366370392,227.576616695038,396.766044035105,335.440451837456,,9.36007000651651,5.00685905082892
IND,fae0376cd15c0710d55671d2d349e82c,13.4481155548006,35.8567437433311,33.2078399746508,35.9973898405057,36.9467186012169,2.01599914736596,23.4158156362853,18.330082051685,20.4334233397323,25.9100759113954,110.760758986682,190.733755131805,427.026471617297,444.516372739231,,15.8787461668639,5.94330927097871
IND,fb00f7f52fe60cde9b86b9de084fdd36,11.0787263725813,47.6816739626171,48.8051118641686,75.3098028407457,42.6919821583971,1.23823786106472,13.6726054910965,6.47278963121219,25.5147406885426,16.252502749379,193.730630892284,271.673802375801,341.459421569401,305.450363636563,,13.0600090685247,5.4816902161991
IND,fbeccc27959e8310e7f3381689e8b8c2,19.8202640893923,18.9936354179897,50.2297167933984,44.0474201456459,26.12404649275,2.91880269019166,34.0951388098162,12.6255882872294,20.8105706218959,21.2115524172732,152.104266516138,237.512469582992,383.140040359735,536.440859192167,,27.4918173287289,4.46016323568664
IND,fc289fcd60d94cd7fc283af1b04372a5,9.46607263830626,30.1429034417433,28.7692895456245,59.4708804325346,42.1116254799259,2.52181496414184,24.5185549943565,13.2917875773068,28.1001782400316,17.453320115064,68.9436638436029,185.949561213341,524.073680536448,454.058774841307,,16.2617697538922,5.10774055254396
IND,fe4b5b6b7465825e497cdc8104ca3ecf,7.70334688612284,20.4725252233964,47.141970846032,44.3386882798786,33.5752994945619,2.20513546724832,17.1020564229841,14.8230949376005,34.6152426193348,31.7829901438709,152.595677194478,179.81756794223,484.212748823014,649.612165260766,,13.4685756507385,5.11288230223394
IND,fe5920038d45b39a8747fd1d4bf25016,11.8807904787907,20.3906055966564,34.388223190103,57.8451405673281,46.1359721042806,3.0328686518435,14.3138110139245,13.7505282365108,32.2940387322575,14.3520397861571,127.176195717618,216.939103088928,519.212842185992,368.299214202428,,14.5677547437734,4.15827236009945
IND,feaa9962f7d5c0ab6436a85021721d3f,7.51605220389165,20.9790562864865,38.1810392918334,69.4515102531892,56.725433147754,2.38929251552431,34.5040326209591,15.5482932606801,26.0593768664857,14.1053754830708,128.151412538203,162.486183842034,450.836725394764,462.160117497902,,30.5181959813385,5.48368040292251
IND,ff152a84d4749f742c7e1afe8514f198,7.58255111859151,32.962868549836,32.660970797135,63.2330079612946,29.9660618166421,2.06224255801895,27.0256792531636,6.16988109910373,37.6827582019481,22.2174937228674,144.441572101869,221.390600679652,726.18088553857,572.472127674406,,15.7241228631643,4.68635546266244
IND,ffeb7a8e022d609fc3e877729c1a2a07,13.7020876951213,33.1039991978613,41.858407538984,95.8578672338219,40.8569504384981,1.69156026248747,25.9226592893219,8.59347333805448,25.7870026096318,10.8741793128603,175.887118719624,209.854708660146,558.315027096731,369.995715234124,,15.9480880775639,5.64369424870223
IND,ffed5aa6c97e0be235edf29ddb12b557,9.75574908427565,50.1988972236289,42.4788007148008,45.7157286114038,40.8550224601234,3.26558642014554,16.3449125994578,15.562088064876,35.669151028349,16.9403118604553,104.045551663114,239.878389022531,339.292988779873,385.558485291865,,15.6468058676773,5.33852366335364
ZAF,001c8b23466bc4e7073cebec42b7c9cc,12.9938287388792,40.7203048145827,114.576197147923,136.373496258405,43.0029994485593,6.12976913146938,16.6027661966865,37.6655576807005,39.9719652189665,12.1549241867273,244.053622980706,395.079885273047,698.039752646305,494.306058141551,,,
ZAF,00211d9f607bd9c710c359b171fa1785,9.4879594991849,45.6394940843377,74.7729136105225,222.32244345774,43.1808251839201,5.96156735323088,21.1547438957231,21.3274339492352,39.8266698683945,15.1683309108087,178.475047583185,278.821966306812,849.260497176487,710.09029439404,,,
ZAF,010326344fa481cc85781f3d2b5fb73c,6.55262351890809,27.2273656394885,59.4837350601971,136.484832854202,25.321324922342,5.23252310160517,22.807289451079,23.2114954012601,24.4430175201591,13.5247589523522,200.260384700768,180.796020641016,469.397442333431,505.487945185093,,,
ZAF,012c5c98c1fd0bdd5eb1673dc5cfbf08,11.8214342972383,21.1226381769304,83.2569244958646,164.52325293637,31.4787006068853,5.14728817175178,18.2030632219794,27.8991669420298,25.9649896297968,12.9519530562509,216.0163525649,320.915676554845,510.86656594128,356.790866599037,,,
ZAF,01eff4e80138bd9daf7b1ce7af14daf3,10.582060071772,38.1797341513222,109.179289924693,86.1855867505778,41.600366726021,5.38034284687391,16.2069091963052,25.6213408084504,37.259135811861,16.1017044990216,175.911077294824,326.363077641716,614.180497951707,359.940569764837,,,
ZAF,023416662d5236839b57d066cd538412,11.4617997935024,28.5890861139737,60.1386021100209,103.740282479639,52.7337806593607,5.5026395861352,19.9266868880885,37.2180378543691,26.0802466882714,13.6096670419211,310.470254564366,252.033309749462,539.61296857606,412.762548452419,,,
ZAF,02958e7ee4ad8e0f59b7af8988c5e1c1,13.710871221081,38.0589327045252,80.2019412396908,141.293404884331,49.1616122906929,5.89057297850166,20.3912097662666,33.9688266034404,31.3474903410371,13.3873288965731,256.416591594212,170.101751107961,681.450660886311,436.366722265024,,,
ZAF,031922221e5542c65a0ac45b6c507da3,9.4502661223688,42.1451258500021,83.1755397441682,171.526179965394,43.793800027297,3.61477880956947,19.7712649069771,41.6960014438488,29.9652334859003,20.2886984408095,218.813526690127,288.268848004684,521.124877917118,357.221999953116,,,
ZAF,035dd7e7ea7798dd51c12abd67981748,11.7664147154962,26.2429332092715,61.1258554935546,153.182947063279,47.2214618548031,6.8838628697829,20.2709866970561,28.3599782284071,50.7528632252576,19.7215405788644,234.422041002353,223.328017660747,559.320372724968,360.445810320547,,,
ZAF,03e701907bfe7d97e45928e002985005,11.3039714120041,30.6994987209757,96.4377057227872,126.018201893331,41.4991959239389,5.99723161283368,18.9571002821203,31.5864332763272,29.1106967456627,20.7416925269495,174.206337290495,230.328353696152,694.035591298738,439.291702235506,,,
ZAF,0424be8190ee927456936b2f68cae4aa,14.709157501669,56.3634254103992,53.5619398320213,191.495314057942,64.664199075454,5.96867408039153,9.45547575681298,26.5022676454919,40.4358200321208,14.5554644970064,357.012692571169,251.649533498843,448.542517087329,358.097188737453,,,
ZAF,044e7bed21379d0087578ef58ab51f6d,8.69838564597828,37.4628569873066,71.8204723363303,173.946596402585,38.528678594164,4.91647750419099,23.2097442414601,26.841400483049,44.1893627172421,14.297414782401,379.724630606897,327.533943259067,506.563301791991,497.145386599843,,,
ZAF,046250f87ec184fc81a15574aad26ede,4.92582248835118,28.9214357945276,92.6337312928176,177.834761105937,33.2514284313512,3.16409468783439,15.1231347590744,27.2710803122911,39.3021113119463,11.5559289520919,210.073767396395,265.706908903999,579.899680834099,677.876291321835,,,
ZAF,0511adc6b408be0cd183bc889b40b2ef,14.3107075889272,38.7348107868926,88.1953872880396,187.247111736521,43.1444637739419,3.88654305103112,21.9619291497911,34.2433692857093,21.4678780368434,13.1095602055803,187.869875284363,169.230450468207,569.795782187015,542.606468433095,,,
ZAF,05da62d192b97066b00500aec820265c,13.1670144818108,37.2782698513777,112.084378291533,113.790367291269,42.1352131441498,4.37983561507591,15.085898982599,29.684799695028,26.1425581643581,13.3123227330077,204.953606868315,213.014357943188,683.632466214867,495.601036564422,,,
ZAF,061188f250399e8205ec1752c89aa42c,14.6631390658016,51.6448333231277,59.8356110962111,83.889316347949,37.2198136441352,6.63861512954392,15.9898736191272,19.9456322166127,44.3576616852403,24.9215567663634,238.801744647349,289.809863613381,617.461208393623,728.638280263806,,,
ZAF,06395f0eb887df2737a13ba4f0d8198d,9.35636654565913,53.5654166416664,98.9260980607699,170.720840077212,29.5908637108474,4.62228687377213,19.2614038668345,32.711083555481,40.7411684163446,17.8326594215719,220.659855049733,210.760611694823,253.11903542878,546.770573220414,,,
ZAF,0690669d17adc259af848c290dfd8907,10.8255950008424,35.268212856689,95.6171690982126,176.449544610752,35.049359962856,4.29686616220722,14.783144361509,21.0321263024515,33.9893727833972,12.4670267147077,189.583355991087,454.512655148308,845.081008515779,584.385419118474,,,
ZAF,06acdc72485c351b703ba7daabdbdae1,10.2660758105812,50.4228207525084,86.087162148339,173.492189106155,36.6073470663726,5.69155051653482,19.0094375930088,44.5423525728976,25.0674348045545,15.7141140167166,217.782839326091,213.840086735,486.102887721853,420.700596841466,,,
ZAF,0702ee73ca27b2b03c5deacc1fdc0ecd,6.84715384633082,38.5487741136232,72.1800512174003,136.052084157517,28.4431636544287,5.28506716887696,13.1785121681464,17.770219104616,25.7450874409751,21.0442765028112,199.385970012368,167.405045217708,520.488082651663,489.193199692416,,,
ZAF,071a27ccea102a3aff540910f7f894f1,8.16029410146954,66.3502953156827,91.3004877243806,169.821211489539,39.9796216102012,5.2349387477106,21.6134707799515,29.0818461935998,33.9564566448558,16.3275343188149,270.105354914379,210.250795394329,471.582878840115,368.279334323164,,,
ZAF,0740c60a5d7a52b7cb52f3c75fa236ad,13.4130945117414,29.9708325968513,100.12459443514,183.225441333295,54.8770644542694,4.39104249056219,10.7776414514192,35.9571227579334,49.9788090665343,16.0083418733115,228.561521394076,195.434370776276,599.628450877689,655.622049911889,,,
ZAF,074dd9566a08300949ad12320fe0c863,9.31846360461976,57.0101485185311,69.809365015024,162.97680814601,39.7382472904643,4.565623157663,17.2151320353712,33.7629360690161,25.4457231954202,15.8688719883484,230.999184755859,278.622519592541,634.844081452365,461.418338678627,,,
ZAF,07a47b0ff9177b8090a53a0485661c80,10.3146170013611,34.9232183709184,57.8040313517983,167.658134148109,34.3991090375332,4.72833252193433,21.8882887896385,23.1765713013951,47.5350459234705,11.1758526468577,175.59016563151,326.359205985403,383.742104307102,378.393826776478,,,
ZAF,07f093331d9a69a703fc78905f38b5aa,15.200569371828,18.114348428084,94.8166201496996,147.374171563103,39.6414426473984,5.43823119961499,16.641474287314,22.3218299325765,50.3552173338597,15.6821949267313,212.455743265451,305.542810326923,450.029668819248,464.320815626057,,,
ZAF,08d4d4cb7a5a5ccb55320ea283911432,9.04505373868556,37.9304660515071,106.331350943833,124.767092205699,45.2542902163158,6.17208493669911,15.8106041024704,16.8458162357498,32.9742701238472,21.7839151834487,240.557803445678,195.690251068858,756.829402620224,574.88175197924,,,
ZAF,0904dcff388833a76438da2a7db4c5a9,8.38773991522712,64.7041163581166,75.1507623795582,142.273537194081,39.4213803145665,6.40118335115891,15.2705497647611,30.2272656592011,28.724499890474,20.4226350276848,317.407091110882,286.165080233787,616.766961893341,419.069936668387,,,
ZAF,09d5a629ef3c40f9e85d3e8eb068b930,11.3105909840057,32.3364170879798,73.8303765762939,131.137518129983,52.8668377774333,5.38850288839693,17.5195593672804,22.5802230187987,39.9888855416783,20.6246673926703,131.733046539971,240.044471483259,452.7932220043,565.380352819082,,,
ZAF,0a069edfd050941c55ed997a3e703b2b,6.747644333475,41.3623265255224,110.719981502482,174.981668540446,64.6577730460099,5.72717929102894,11.1787297174274,27.5704727369056,45.7173218491141,13.7764377193452,223.608725958553,247.912116117847,346.734599177638,576.7806720123,,,
ZAF,0a566b2acaf6a35891a8cf0904aac3b7,9.50245007532114,38.0503347525808,100.410395136622,88.1427912971119,39.840558469301,3.55522135874036,12.5278231780398,33.7042227675181,34.9340193503257,23.0997593839994,209.943296874512,333.414844516827,326.500416251386,420.424036660569,,,
ZAF,0b36eb3eb62c07593b561395b241fbbd,15.4043322867822,20.1328559376842,57.6015749789811,177.291742336745,48.0348481346656,4.67704230536222,13.1268019397687,29.3389415513511,55.6959405479066,13.1474743115934,263.325534580588,255.10601843952,668.192745629742,764.34433788778,,,
ZAF,0b3a657b0204656173d3ada0323ac0d8,16.7646803996276,40.0762072018552,112.547816127694,230.090539765604,51.4365695991469,5.43429349274089,20.2470765845713,25.4877832410371,29.0922277901287,16.8420528732001,131.024783212356,256.427998299676,660.864961456056,658.481077255775,,,
ZAF,0bae03f434aec69006d4381930337878,13.1643929597038,45.4605578831591,68.2627953522503,140.253857829323,38.6091383714287,3.96101599401,11.5942747715155,25.2768704113382,30.6538443906603,11.052009529067,196.818325069936,300.543929035184,593.99357476653,554.273523658918,,,
ZAF,0c5d50a1002287717542c3608d40c479,7.76564381368935,30.8877461717212,103.784450499155,156.179967756517,46.8731082543129,5.43409702588064,16.0629156789893,35.4410278501879,39.3184218464728,24.7748574849959,191.611607269739,266.799050468219,371.741322437992,542.876652331613,,,
ZAF,0ce1c09501c98d1361b7d93948e45604,8.1653698890948,35.4742907750701,64.3717631813524,148.972587190524,49.463880537538,5.51727677426592,19.9009199188608,48.9212317262866,42.8725051855821,17.8580339021598,178.509174644952,299.338759424656,394.464796573859,458.74183541402,,,
ZAF,0cf11b45258775b2b4d783bdc45d4e74,9.88283969953186,32.7799956628639,46.3566597917166,113.377352622833,25.8937821053655,5.43556551735808,26.8702478241938,18.2611918727224,38.5127636683406,13.572495738168,274.396321498741,395.408722263398,435.636125699127,436.471974642706,,,
ZAF,0cfb5963370a57f6bb0dd6aeea62dd57,10.0210664277522,36.8527598873715,104.58665441638,122.944399418903,35.4503793175465,8.86896302165276,16.354997202685,42.1870209538271,41.9497899943815,19.9024324439495,191.928445748386,283.529406680271,698.411862439415,694.118548657786,,,
ZAF,0d1b0a9ccc654ae089c4dc6cec3245e3,11.4310545030402,41.9742229466176,38.4705872838532,85.9363669319045,36.361414635068,5.51683050191751,18.7438040568982,44.586637936629,26.104595918117,18.920250710387,290.393765835805,228.104820940457,494.207523284688,487.138814310996,,,
ZAF,0d1b8eff4c281be761bbd2e5bd557dfd,12.2792341215895,38.8125084626923,96.8629563530252,179.189062079289,46.6355035221566,7.23456558300868,20.4563200353318,23.5826671652454,28.6115913313313,20.5942137097344,372.240366195803,411.835976709813,819.533815295289,287.84659981407,,,
ZAF,0d89fc52f94c744ce1155cd38ac61d8b,9.69859981862105,27.2441185993494,72.9944980302124,165.102510780514,36.613726888176,5.11659682009525,15.9925650201845,39.1732533667043,43.885468581067,18.0935904311586,311.147000686486,342.720365596396,587.624442120232,625.872160514187,,,
ZAF,0d996932576d46540620519fe3550c77,13.1488340950397,38.2771445412932,104.01501962249,131.375129848949,48.7779618768333,3.88775811328071,17.424506068265,41.7368420170485,30.0515470371624,15.1106106795368,287.155547205068,366.557634213167,541.561540614013,556.489560670728,,,
ZAF,0e9c6538bf9ac9dc2662e85bc8dcad94,10.7802295447674,37.6647053271985,73.7661780481821,169.865466006448,35.9618989274137,7.92328982733357,16.7799815447533,22.4191871639362,30.6618811482164,16.3870008907566,302.872612428295,258.992932693328,418.806680672586,503.623980557542,,,
ZAF,0ed1d314c85e348fdbb6b6f2b7c8ba5f,12.1788122129991,31.2327405965328,71.9555692541798,176.73815238354,59.5854130301804,4.46931579861183,27.3926874686561,30.405025055767,32.1588859616697,20.5278737984246,151.516751609499,311.92734675154,671.603040672403,346.080411821869,,,
ZAF,0f2a88046beb3fdf2b47aa24ee1bf7bb,9.41990854843563,41.6594753895724,54.7204084741652,131.956920082782,63.9635310327965,4.75845817800396,13.2578306257224,32.5953309030589,39.257029354646,19.3689011652929,268.020271871059,330.41117793112,482.250020485827,300.472216141859,,,
ZAF,0f35c2b5ed97785a6bdec0dd1f2014e3,11.4584622570239,31.5845568043573,76.9267991597272,100.012627245305,27.7204471663698,5.95731459807189,20.7986347188424,32.0595504698172,27.7689635349139,20.5707671958522,209.386186254171,168.823171511422,698.870257833,624.207827130746,,,
ZAF,0f6640f4cd7824eabe811a8fc7f1a021,15.0051182036257,36.0160057721443,107.626753386299,218.487472880786,36.859816062335,9.1844265711888,16.8261816349736,29.2470851689833,49.8787997025383,23.2973911580047,267.049539471254,239.88368715301,605.91900606348,556.319099047316,,,
ZAF,10214b1843e4df6175f545067ccbd1cc,9.52791101493472,48.6876085953137,124.804519369197,109.032039577538,57.0690594438181,5.99563436509348,7.58016961861921,36.2331915714728,30.1274148296196,19.9294364296311,251.947121138959,175.636159860687,694.240448814728,450.462682325805,,,
ZAF,10a8354f08a977d8a7ae40aedde33abb,8.8847262019654,27.7498576577057,86.0642092311279,133.703796701189,51.2763247570058,4.18758073506123,20.9679578224212,32.6555293907211,40.056522713079,11.8219282139092,229.063738655411,222.581192689237,678.189135296318,489.270910650265,,,
ZAF,11450e2fad9a7352374a4a53343a35d1,6.69253132796473,26.7612044286877,57.4511813630074,240.050429513035,59.3593122190092,7.71010090424396,14.4001531110734,24.4536096881904,40.3863200213284,22.1680298689755,272.688671371783,237.810967235448,517.94401126916,521.440798420662,,,
ZAF,11889e5716fcf245625e06f15198b6a3,11.8389826172615,51.4726013038351,85.0253604999762,155.172209914943,29.5771430732134,4.3547178878861,17.2817010108456,32.5955748970651,38.4361070002887,17.478270235459,181.368596871576,179.388058358898,478.476613930735,631.902985131211,,,
ZAF,11fa593e984dbf707580757dde28930d,8.42147298219028,40.9607548751876,38.6552049123842,219.015261509058,40.8004663060661,3.95166872094287,18.9727706845623,31.5481845243907,50.2853190438888,16.3149279509863,174.093839323554,313.739997895783,579.794508313283,451.322789307927,,,
ZAF,121d7c6c9521accaa5555679d0aaecf7,8.4437850998591,32.6053023482066,93.4428501506181,158.189810895977,39.5569022679315,9.57166559870548,20.8122667122889,41.8494038391087,52.8844450327829,16.6144243345612,318.203029254037,214.462100065134,494.277363343752,212.024180619066,,,
ZAF,126dd036bc6bc64b3dc3aa23f2dbffc0,11.1433331690453,22.8518089655433,77.4401057628329,199.710191481126,32.9057112421286,6.85559608455261,17.4701376299181,31.0240620403893,54.3991626813388,13.2602736761357,215.761663011057,270.509156072726,600.72949277534,426.725164322432,,,
ZAF,13526e74b8e390b1b25743b39b22a5bf,12.5331203239322,49.7397938306753,110.721548037226,104.904660856225,40.1515762842219,4.92602437527162,11.5537288806753,27.6709493406106,45.4321256233826,16.3743759537981,218.480840437734,303.471283013408,492.427717658943,523.520516190796,,,
ZAF,13a57f1dfa3ba47e70527d848bb70dd8,11.7751000779912,25.2596311591025,64.3983731909024,108.575432008478,39.9833315512349,3.48832193500983,23.6080716100006,28.4644107266572,42.0979162617949,16.1205869359311,139.804757178192,192.8146716799,658.248453278347,547.18776060377,,,
ZAF,13eb0c7e81426003b8526fcef574c06a,8.72397503111619,35.2464663944201,74.9428563644459,126.900485379489,42.8310380018775,5.3630829097454,22.7166822033501,34.7327202211803,34.1111594148357,17.7293046226193,315.809199168439,162.820805100337,577.71860654461,651.369810975319,,,
ZAF,141ecc3cf51e04fc83ce0fdb36004930,7.15278944468129,54.8293694788287,51.3559111332261,158.185951695162,40.3202372529888,6.6079758777033,15.7569700730923,16.4865745576831,38.5724318774008,20.4035046454169,262.344166049078,309.440571497763,702.730500893011,434.541271130776,,,
ZAF,1449005e3f8bc11c8bd57b000c47cb4d,13.9528686762546,48.4147916033707,75.8644513587141,146.57455115443,58.1193695179348,4.8401398120563,13.9245169920806,40.9774250538151,55.356359925916,26.5292636579234,143.741969025849,262.184928644073,497.045837146895,612.671280594897,,,
ZAF,145b8c6772ee987913fc5079c26ed8e7,7.77840116714855,38.5778076381592,71.1904760073838,161.734480133435,48.5660133433694,5.52585845607428,8.46036935081943,32.9675797816967,31.3075984984886,19.3621017463819,199.066536599202,227.066761351187,503.45067213057,514.673043685632,,,
ZAF,1522cdbe50edc78c556c3e050b9e0833,16.5590277323626,40.8642276223769,71.0021260031009,120.887087612498,33.0036485574142,6.22161284035946,17.7549843812799,24.5374671403212,50.7353038469858,27.8947649641538,258.320708918538,291.681344702017,763.88443012873,454.376357221287,,,
ZAF,15dda0727bb75ba184806dab6fb502a1,7.93126613399985,24.2387365600191,85.7309497792055,170.797755373324,35.3484447220129,4.71736817191433,15.5318751510249,19.2219485867581,39.8034066528418,16.8606726900252,283.490239190027,335.305785328741,464.428270468041,602.172249602894,,,
ZAF,1637d827b71f05afa18046473ad749f0,8.84417449043935,41.0540637395653,73.1129364610614,98.2708911092615,39.394178133873,8.01375504178018,26.5971501423093,30.0702589426613,41.9170873295066,16.6652134288587,190.390657081684,262.967818483839,378.161205816331,559.320481977879,,,
ZAF,16e5f3cc3fbae0dee0af05f823820a6c,6.05599649242023,34.3961230526267,102.846705181649,129.587486282084,38.0877575130011,4.84594764175548,23.1915438147522,35.8044920717227,43.527883095432,21.8164430633637,288.429504297706,254.080124608881,287.180475686481,572.310064774918,,,
ZAF,179519ddc695f6cfb1b57face57a3e90,11.476915312356,38.6316594124435,116.543969959942,116.514835542352,42.8367202108179,3.98539595210415,21.2983052278129,23.4304828354113,45.3772754342312,24.4363187049021,273.001662437247,319.353079255165,462.199588063741,341.222033362864,,,
ZAF,17be18dc43b8ae4e035b3869321b6146,9.90555365102177,29.4433613013211,64.0918223722936,204.068890251083,46.4948940862815,6.19776423494297,17.1966377283264,30.7925634941094,16.7703640357127,18.7494209428466,168.411153990681,149.887292072067,726.617658495477,470.153940981286,,,
ZAF,17ef20e3027e3e84303cac46922d3a23,7.49961846639841,40.9830194265575,69.8308421559974,151.313513503976,35.0835348385528,5.04726201125254,14.9490409325183,42.2978224661719,38.698767559063,18.9471516009004,241.106441302941,352.973897977224,766.382350916966,547.479103826294,,,
ZAF,183113ca5500c5081a00535bff83fdc3,11.1600075041094,32.7969900469946,62.0837403114831,148.103494469128,33.3620080367895,7.50264634636397,14.0083052350275,42.5493032969414,33.3426686744165,13.2344572233159,259.539883296752,230.345813321167,355.020098000721,530.944644229917,,,
ZAF,1911cbe66ce1409de38a5074c219e0a5,9.60082262009063,28.4054688007364,94.8838773813367,160.954245758328,41.31719803197,4.13184050083744,12.757945205659,43.4023438978447,30.8974111125128,18.8264314745258,265.519047986862,327.418226157105,593.434745837698,523.595997708998,,,
ZAF,196b6fe0e7964c3c5cb4dd0d339e2fe7,6.18065906541018,52.0033874120505,68.9962594768847,175.514438802029,51.272992700011,7.4339954148719,15.6599351516821,37.592645455744,49.515459037759,16.4349588248266,301.527767899122,236.172776831891,693.270640722643,303.464150586007,,,
ZAF,19cec8303eabef03cd1e32c93b0a6300,10.1162830294788,34.1529632101379,103.727338718566,139.56390445249,52.3852628552763,4.44863361753285,31.3553255727186,31.365824032999,43.352783070714,19.000448334597,307.026560885138,225.989223712997,675.248449770761,546.209987211665,,,
ZAF,1cb772be52b39c1bf4c63fd8c27c4085,7.52351238104226,71.5787741408673,63.585052091728,110.930847519704,28.6074403457028,8.34472407527271,20.5523091931265,40.9816599796637,37.0775674945894,13.9263069396812,276.054098941329,204.3641590509,841.010372344357,600.932105883963,,,
ZAF,1d10f19496f41e130754166c3fc52177,8.50788252521621,39.7060110028268,81.2637947838975,101.585391314526,34.8791897666747,4.09233307251307,17.8464892353705,37.0601664037048,25.9553955582058,15.6181269142208,210.312483932109,244.854550473027,497.55074645969,372.427058859202,,,
ZAF,1d5fb00a52463c4126f19239be3bf232,9.58954155247823,39.7819065265858,78.5745561415195,117.275779839741,26.0251251681385,5.50764882097009,11.7155353807411,32.4196526877924,27.4381872148479,16.8363666590985,181.030579907488,263.910251185039,696.721257580194,463.0904759765,,,
ZAF,1e77bc6b81f822bd935ec23201f0c516,11.5914872827074,46.5206479316932,105.923535386022,135.072441978685,67.7373132504857,3.87865237561227,18.1611225766395,35.4547296746754,28.8748163986733,14.3477731750713,273.995502353759,205.473443185257,788.039029440681,650.004823770544,,,
ZAF,1e88e60327e77b3c2a4b112118757dda,6.13929961585681,34.5068110019394,74.28085153914,175.858543397928,32.9799802609551,7.80216225967618,19.8652789833691,32.355585557055,43.4992777203615,17.1566052330785,319.233881375988,132.416932826945,342.291060605931,445.585831102485,,,
ZAF,1e9f04cddbc74a151582ce061f70f4f0,11.0951355359646,16.986199016048,93.9592624930633,189.071471706803,41.8039076419205,5.81718379825302,19.528304489959,35.9734552852912,23.2998665272548,21.1606617497249,139.163500924605,260.215735456207,269.457561313562,397.788185143402,,,
ZAF,1f12b2a172b50def64b809201b419415,8.08696722964166,41.4643626105892,50.8876402733465,163.777733735608,37.2306134958349,6.30477930584154,16.834697997256,25.7416620757838,20.2773646105689,22.7807972104951,197.776986968764,331.601552940423,602.636122444405,485.665107515094,,,
ZAF,1f397273e351466faa822509ed794744,10.8286223411901,25.1764958607583,82.4147420471746,116.904263170308,65.9298098465179,6.69876769822329,19.2971041668348,27.9535764657185,30.3637764635417,19.3816031761918,288.975378010369,363.190201196336,550.027316592492,391.150689376242,,,
ZAF,1fe3f7ee5080422c83926d92f47a70aa,9.46725983498283,29.8949759067,81.0987803756659,128.379596082119,29.1804843649123,6.60632399117618,16.386572129864,29.6743554571591,39.725575817778,17.3481087192261,313.449178676361,234.051060881578,619.090013564847,430.689347827098,,,
ZAF,2126fa08a9e426cada8ee43c2f373850,9.60217541419972,48.6028740711865,74.2352361855174,130.128001869395,45.1470212632962,9.17519600266438,16.5203932934231,20.0788045772244,28.7484742971573,27.492053784712,276.584939658218,190.014428662288,617.360087018497,658.495072231746,,,
ZAF,21999dc2b1816f0ef0176714be23a8ce,10.6395181508344,42.0588055338252,77.3864598859072,149.423265851438,40.3965353713644,5.34866170657277,11.1703932150874,52.9773450284691,36.5989640074856,17.4665449564935,305.863702383501,240.232055020379,849.278077246714,533.490152121738,,,
ZAF,21bd760ab5f192eab70229af3c5ff34b,8.75048548017493,39.2116553818986,106.134665958373,117.012720142846,42.9174104826948,3.41060745587813,18.5567401974927,26.1145704986197,24.3372067632967,19.3475853659552,227.50702229762,296.786133155271,551.935630431383,658.06406675871,,,
ZAF,21e0c7f6b554dda9d3c73a644291b9a9,12.0364300815245,24.2425632629563,59.7876785996206,84.981899149495,35.1473837148222,5.81079940408177,12.8519850656195,35.5975704998736,37.8127176978135,21.5238930558967,249.780062710492,256.736206025133,337.270617992367,552.425091830175,,,
ZAF,23b375cdfbc05efb4952b4d7e5c7ac3b,6.68644827693384,47.2899899778083,67.9103545189333,144.365603108679,51.1439838580552,4.92020753115834,10.3063923180812,27.0971531339788,27.1956814960449,19.8691426842483,205.079537753368,279.756502524788,357.701413569558,460.009610305333,,,
ZAF,23f689d7bcd30d4bebd3c4313cfdecf5,7.84951359314233,44.8516216023789,82.1647281463208,105.377552526494,35.0220574459736,6.69773156897186,22.6550086401976,39.1614473395769,25.7327821640515,14.4367160668181,153.0836980968,273.734306902898,728.855058317839,390.601651323738,,,
ZAF,2460ec45240158125eeae2ca210d6d78,8.35073479421905,43.2779592721964,79.3590993230848,115.061279051543,57.2453450486654,4.26663060030477,10.6975221592518,31.4322896937633,38.3041290299395,9.36686540550347,194.554230464262,364.012818170639,478.218366474359,197.361056407518,,,
ZAF,24e7f6f049fb97b07ad8ce4d05442900,6.20851363080215,28.3178521302091,54.198792299173,194.735323755054,59.3634412140904,6.14679214941851,15.8559530744782,22.3367554160781,40.0188959815494,11.7463781503155,341.7643154301,393.949837202534,398.395571317199,479.031767821787,,,
ZAF,24fc8984d7be82cfd10e066ec3eb24be,19.426573793269,37.5295239023061,86.0521881094835,124.930082346226,55.896964378594,5.41199781200228,16.7088257504483,21.5726999515083,40.923249072382,15.2481248968788,186.3135798443,333.142176800013,416.479023971468,426.843972027674,,,
ZAF,251cbf64640ea0b8761e87f9b19b9923,11.0529731207263,61.3022614990167,108.369529596664,169.66838020655,48.1609449287325,4.88523204611378,16.223922069119,29.2314712833557,51.8951919823281,16.4655226066785,192.147168311342,203.537498934771,742.395373352689,502.968970592161,,,
ZAF,253c3f4a9f4ccc3cfc88f6c806935c86,7.37892285307656,26.3863303235263,121.222703564569,125.411643574199,45.4220051840134,2.87240955804948,11.5552711047283,43.878955419627,23.5629592009722,17.7528218101225,222.186537985722,344.417212964539,740.485921407852,671.258363120847,,,
ZAF,253f82a4a2d5446b3dc198062e939f41,8.86449806817621,39.8979851010854,56.6252195621477,163.504420771279,46.3073566971352,4.32922970849506,17.3001855488438,29.2489814249288,25.8970890636542,14.3829831524796,315.632816881342,189.886063928392,515.678433780465,349.747739976906,,,
ZAF,2592b1030473fcabdf056c4a2e0adcdd,8.1048147400805,28.8362549051434,61.0949112673111,146.490526148626,37.374256722003,7.13227981220827,22.2112432856288,37.7903187234233,31.9948159932278,18.3011883076043,209.673397534241,270.46779222976,598.699990492217,730.512000496787,,,
ZAF,2596ffc6f5d6c867101d4a67ff78b960,11.6582794906145,26.6424855881077,72.6870565816034,103.619224042228,39.0782826301957,7.83672317130812,13.8499834011704,33.3201318269025,70.9962289696683,27.6555436238102,91.9234359471917,328.081124675619,454.140122440981,586.357888192287,,,
ZAF,273327b42b1e7e18e06a9f024745d552,10.920542626042,44.339062629626,61.0240016525682,136.206890499957,27.802547140929,3.66483296105496,14.0675778065759,40.9725679691995,25.8260539168801,9.56195271034385,207.284830003925,403.079335067117,504.52225980425,296.22243591264,,,
ZAF,275f2574bc6f58ff26507ecbfe27e2b0,11.3991897903941,33.4659609825619,64.6822213780769,133.628636319679,41.5220634299362,3.48972706997676,22.1747211185352,28.649803326452,33.4221640136426,17.6934800684707,227.697758230072,208.225710253448,581.534153190727,502.915920304586,,,
ZAF,281910b7b800965f06113deb23d1db51,10.839261838564,36.9189131768657,115.005997441542,221.948941563386,27.858980951464,5.93897069456725,17.4380984353127,30.8130357710762,53.4884780846882,17.2340924207852,399.459075868226,232.726848530322,725.518677313723,546.719819151905,,,
ZAF,283d72ae16545a522a727939a55637d3,9.00454168611117,35.6393682804587,131.792485746491,161.74682716247,54.2953053989795,4.20300679331304,21.0913234691111,21.2540512185469,52.3915029682561,13.1647999881402,248.825426565414,361.327162638053,465.209876601549,623.525173067729,,,
ZAF,2854643ec1238cd0dfd82300de72e83a,10.1597070197055,30.1847446112924,92.8586145064927,212.286026153724,32.0327907373319,5.45992405461937,15.0421696659354,37.8487087729462,35.1171701684896,14.9574837628071,201.328530928513,332.035115754969,465.689326577482,712.54981938455,,,
ZAF,29f0f5c1ae24d0da2dcd5270e21ff7bf,11.807058246512,35.2071877602156,82.9029750948812,98.5055955945873,39.3122194313216,6.11066764318362,20.3490858262431,35.6944118551072,41.4580444284843,17.830646216153,206.888857556099,388.317269388339,342.293872909159,443.538865821423,,,
ZAF,2a4f372964beb8f6b67329ca47f8da09,7.06606141988217,43.7522440273571,51.8450783589987,112.5476196144,47.9831125313151,5.44592225201386,17.4235074979237,37.5926320629078,53.8244027519021,12.6153787212219,431.921152954566,310.022561720323,367.55538110317,546.253239542221,,,
ZAF,2aeb83a4ef55d44ea33b47fafd7ab469,11.9078272023164,29.8192148295968,114.470050965205,147.411573526608,61.1100453684206,5.95299162435869,15.8114301021256,34.1830595893814,31.1789667567933,24.0734563425045,208.318800220862,323.113887821895,492.595907257906,441.176182154606,,,
ZAF,2b1fc3de696cce183760bf68fedf4239,9.05212079264653,29.7116324974583,98.9615332104612,138.751449412833,47.5588063287528,4.90931885561724,10.0987628909963,33.2900916312572,38.7652076706593,25.4352588639316,203.237509130821,344.746783564692,467.448194929031,419.919608537267,,,
ZAF,2c7c33c63fc2455a53f286724e49d48c,13.2767199367449,37.0602711057075,97.2067431609914,192.938735406443,30.759336965535,4.86971013106748,14.6842420122264,32.1460863994326,45.1429417869617,22.3518143419023,249.501288149751,296.624323549264,405.850840052917,702.522091223479,,,
ZAF,2ccae19b803b090c521b7ddf7530fa75,12.1729866058935,30.7027272423397,116.38854974176,221.623151766636,36.4746400430492,6.81659729027059,21.2873511674465,25.8134224303475,27.6254088355639,16.9147983596726,112.401477205361,265.764182216182,656.820749136807,445.98438553113,,,
ZAF,2e4525c2dbc75150aa3976f48d6b1635,10.3889301062314,32.1834839540893,86.7472574542824,110.43681974767,45.2396094979953,7.20164093674023,13.7346667797591,21.1766356767775,40.2771456366768,19.6351567004392,265.121757685576,223.624220485101,316.171174152621,652.153243773282,,,
ZAF,2ebd3f9612c675e9d9f3cfffaae7f3a8,13.1756513392134,18.2930961477977,102.080260460171,131.748254600223,21.2765072724017,3.91593243691433,22.6991780459165,24.8436201541738,34.252250346111,18.91523604817,161.155631102196,355.670719035391,707.131732840065,353.998461621889,,,
ZAF,2f25f7d5a6081e2a83a0c3337b91f373,6.24686436305245,37.3462665031193,85.7120162468289,122.986401674241,81.2745108744127,3.37669027378908,19.7493312765604,43.9164001722068,54.4227461021477,12.3242211450565,286.172923239827,256.355590904072,496.903275353786,550.142291770227,,,
ZAF,2f741cc6bff3d94947aada0dcc8ff42c,7.71432205486604,43.5872550638837,95.830191433067,144.504935680472,47.6950537939268,4.15705124738649,20.6915271347544,31.967444395799,19.6197811633237,21.6831758653492,278.316707692525,238.423416735795,536.554190691449,321.839531148486,,,
ZAF,2fe0af5d189574f6f0458e9bdb3f2fea,7.05782107100816,23.6616529556261,81.905314530093,159.276563388506,38.0818794153199,7.29187599081637,12.3067538614896,24.3433932773188,42.5785026900818,11.6000589513381,219.444040284062,291.139090059795,618.274579398625,434.903065285618,,,
ZAF,30050a488ef82e20207d7ba71270d633,8.11696922497603,37.7083832373986,80.9779233189349,128.861194290892,37.9025739427547,4.89563871799708,17.8248123219059,25.2307381787456,41.637602073905,21.4710643371958,216.684981110306,240.893708906867,538.328292422668,402.192031521043,,,
ZAF,30effd648bbf9455fc63be60ba5ffcaf,12.2702250158013,23.2474942390327,67.1934496588175,140.912596045459,29.8017582022119,4.39266100311688,16.1408942323373,25.6348797590568,42.0859943181196,14.2906544096072,310.224343003835,295.391823897918,426.699037331538,365.584712912197,,,
ZAF,310299484000f3388b6a86d00a8a1106,8.16638952587219,35.1172754009852,46.0441234317356,227.068742014572,32.4135251651754,5.07008681351286,16.0177238324037,41.1936634197886,37.2429301750745,10.3876984089055,228.487321366101,307.534509439634,847.302082718015,560.024471523437,,,
ZAF,31cf2fd96e172e4fb6778c509dd42fb7,11.2090889478375,38.5682566612792,75.0388277278642,149.883820494308,38.9475813013712,4.83373888697309,15.2079162573865,29.283273793439,37.4983022658264,18.1852179835405,124.095420208114,419.726861853854,753.547603422218,393.340717036801,,,
ZAF,31f15cd35e618754c788ece179d83d27,9.16302503237747,31.3770016959375,96.0488641031932,201.422140418691,25.298823800495,5.16774867169545,23.8174045215241,20.8209754263098,24.2755336537613,12.9066168535393,215.654614365468,305.754334847181,658.864211098199,576.638041202797,,,
ZAF,3205c4b1de78a904f4f345174c8187b6,9.94535275918846,37.8972496034154,105.69808012481,189.339478911948,29.6974624031331,3.48526000363893,17.6644914865277,22.1987711823078,36.3283104844954,15.8083390950674,267.538129957614,120.031788642229,749.115728599991,447.069778849191,,,
ZAF,332f3c9a67049a8fb40eb3574654ea7a,8.34363565235114,32.6381407940627,67.3205578761561,132.994402703507,59.981320896512,4.51277694483875,7.02983677190272,29.2820329641422,26.616574883931,22.6518368919459,283.840640104528,253.600475128853,382.873778604269,373.672057705382,,,
ZAF,33e0579b8fb9d7ffbd822acd9c950fe8,12.0782297253162,47.6504533220156,57.2434463342441,119.415465593223,35.735488011862,3.40969937764924,20.9889638598125,31.5589407833713,36.6397938561224,15.0575978766617,144.415814806702,285.450149252713,510.882277838088,571.464248407156,,,
ZAF,340348c744336abb00d2edd0307c0c42,7.62966042746095,23.5971360847934,75.0270765507441,122.500638068374,54.0044445895784,7.73874325707923,15.9706767064935,33.9498150287274,23.1002889499014,10.5141340175687,220.735006570523,330.984685883072,472.499249796906,272.231472647883,,,
ZAF,34aa2cc928bf9ce11f9c355830612b99,10.7458265124992,30.7539243039748,58.6060645892162,143.215964113757,49.4835316469814,6.26312283382439,28.7875882913172,20.6324369913521,53.0210164201619,15.9831368737303,210.515349441729,282.093126752673,426.09434076327,524.477718608332,,,
ZAF,358734988c3840b9c57f6a6199873ac6,15.0404731721834,31.1024503006984,89.26834657011,140.509263486084,39.1620444394271,2.88285134585535,22.6149109232593,17.6584151199659,48.3564608506724,13.1654549261545,269.122548021247,417.964179421437,651.543932082878,391.051975020737,,,
ZAF,35cecbf747d47c4f5996bd8c4853ca72,12.8984576159577,37.2831350757203,93.7308671790809,186.855676245285,24.9747422491312,6.197380613293,17.7817412774109,44.2485821530995,28.4257718067806,13.6678467199584,188.022558339854,193.556201742101,528.562206681632,653.70793777494,,,
ZAF,3639d2d6284c77fa2a8e9402120954b7,7.92977744217656,43.1217256420227,67.157206500854,125.525752107109,33.7689536471419,3.64313820909213,26.1098123280779,38.6060578828533,25.1974180380444,17.430627808124,275.848680598473,231.878168888071,395.943794554562,374.928599071029,,,
ZAF,370ddfd49baa6bf3e0397d438ab6e962,11.2579796546114,35.1606448833702,44.9866009323847,176.928582256162,53.3798159290196,3.28280506576103,16.3157422350152,25.0180037833629,15.5083388633901,16.2124131875924,259.550986621199,270.095530546896,450.996531602324,353.24406138654,,,
ZAF,392b713d7155af589093bbca62b91417,12.1245304504756,26.871010336719,48.44617831777,112.577188834067,33.3339448652105,5.49646999406058,15.0448142950436,44.2682708706498,22.5902534841422,12.7088035812301,198.021684870689,299.031267096729,706.370001571022,546.279618933969,,,
ZAF,39926d53b1d58088db94371b7edda419,8.07846914739007,61.902828566619,108.137052987062,148.784629880592,47.4081490746855,5.14224904376202,27.8126982621264,29.5696859137703,28.757469763749,13.8741289996276,201.108055872388,287.187918535173,363.196067864043,629.30909293155,,,
ZAF,3a0b625d6740e5a73e81fd788647d730,8.70003049883536,34.1313096116815,58.6277390437076,175.315917307666,70.5533452914466,6.28523115081477,22.983098819151,34.366933443404,27.4971920045097,19.1344619024545,267.885800114886,247.118050720055,274.21225241642,302.858870026935,,,
ZAF,3a2ea04f588f2c78fe4f331f50749f35,8.05944115908812,47.2268735818506,75.0680189785671,153.649280045169,32.87388950805,5.95959536813667,14.4713537920886,27.5957949056079,34.255541233779,16.501820473155,232.831999043743,246.197343291479,569.190621765176,384.60569138015,,,
ZAF,3c553f88d660e40ace0be00e3a5dcc53,9.14059701348581,54.1494304707907,80.5766424944599,157.732564092586,36.4259847389407,5.88053220512361,20.0254119438729,30.5090409996796,38.0638286416057,16.2663318948427,167.736040488424,221.938239664289,431.198428642279,552.379238642412,,,
ZAF,3c8f3a28aca213a8846d2aa43a183162,10.5101647745039,47.6833790402251,103.632714078662,121.246431034692,44.4826956831461,7.17805087848424,15.6643783624803,35.5462051792731,53.4096607089148,14.8453635538035,158.016267374274,320.751527525576,298.835489663806,522.331232982547,,,
ZAF,3cb9187c78439f20a5908ce44caaf310,7.74548944629829,32.9176124303546,87.1567501755823,197.785195890975,38.9940784171651,5.28615181747255,14.0829032568,34.2072249856695,30.4119542319014,16.6096804096975,189.616753547165,169.223977086933,787.662884667645,510.029598955578,,,
ZAF,3ce386ecd8dce78f46cf213f625ec243,10.2475210260189,21.5079644751228,79.9396057242222,164.972808165187,36.7787972443229,6.89854275712465,7.86037476567285,45.9201539766455,42.3827355763391,20.1675982361506,174.627360338054,274.514984069671,502.332081357437,516.461744437,,,
ZAF,3d633b0d93b2e98ec7a2a66e69aafbba,13.3259166358658,34.4421341554857,72.3926514098021,185.455051899629,38.2072628697771,5.28587125367007,13.6723951464441,30.8343985528388,38.5309131840383,14.0076256872268,196.207630627533,199.418529306706,522.741377860374,605.092331018959,,,
ZAF,3e16a64c3e6b25bef9593c454e68202d,13.6233573234532,41.4112096366115,87.8734775165191,219.881878963893,35.0833353324366,5.62940684351201,17.3784811166871,22.0231724010398,39.4075861485852,15.2149661979842,156.183385169969,421.319831080628,522.762614268045,486.61735312784,,,
ZAF,3fbda28df680d86300f954e2bb7b1a37,7.99404262859387,45.5301554642371,90.7960449026203,266.480302624931,46.7353657979233,4.11129493789595,11.8117547734499,33.4932297884037,37.2986311251765,19.2846193796458,235.15371447655,429.449833559863,720.061152557052,372.557552517382,,,
ZAF,409ba1957698716fb5bf68be277daca8,10.6091307610829,37.1802037614371,87.5015589418614,170.525999514203,46.5771230364413,4.92208231160698,11.0429344598143,23.5381367167562,28.2111472777775,13.7537519448613,201.263732634106,270.431654691209,539.295915455689,510.17592476672,,,
ZAF,414ce127af42a0c9a27744aa068a84ca,12.1066197642259,45.6600682186659,90.063817472888,142.775527537111,24.6148107952205,5.30502866701869,13.0731403970698,29.6797132402331,34.9064380915333,22.0859696739873,190.740851460918,302.571787232673,352.880106881607,507.666026907175,,,
ZAF,41a28760a6f94e793248cb08b53076f8,9.23616920358572,43.90340187029,63.1930500006307,189.806433011126,35.6494245946457,5.2452564863928,13.5394586961549,27.984279210689,48.4604412353872,12.2331764780208,159.728353668839,378.313615946156,528.505931574522,571.28513759869,,,
ZAF,425fb4f7653563011bb7a95b92580b35,14.7864452771523,38.9532630922058,63.3618794793795,73.9459904383948,45.3768639838832,5.38130396841312,18.2783695044024,40.6181599002836,51.5018593106664,14.287030917691,259.303659234706,271.203987559257,532.570569740202,467.364771776636,,,
ZAF,44d0a017cb2fe05137bdabaca045ad26,7.54692359706954,30.572110900827,103.119721288478,107.760031257324,41.3916674182125,3.3978634495027,18.7736199468639,22.1117137818369,38.2899368442428,16.2233302296231,234.879131110813,179.80316759049,605.94871503972,526.63855968465,,,
ZAF,44d95e8452a6e2a8d21e800a34a2bda3,10.4333685789618,41.4858432938125,82.4702088946058,121.331344295635,30.0038760351804,4.86450696149923,15.6773619413236,24.4264323582715,53.7467050512309,23.4888090386475,190.025470136183,340.001571559362,518.813898320576,410.809177284003,,,
ZAF,4601adfafd2030c448bd7f2c1595e3a8,9.24281002339217,30.4139738644951,56.3203235998521,128.557562319561,44.4066210953438,3.99325349231661,11.9541291897286,34.4452373849493,24.6501879387153,11.4025136136534,214.986246769908,202.030432464649,683.725122816601,400.954227248845,,,
ZAF,462f054194303154b1771f57895ba90c,9.97751732698505,30.4159906450275,88.1981498741454,219.952684674755,32.0075764378895,3.32953324716998,21.8888052213137,22.5340088614147,36.8666072587849,14.7887295026901,202.497326773431,243.77226939719,457.272562538854,395.693021966385,,,
ZAF,471af9586089ea3a79eb7a2ed228a872,9.7096500990042,32.4917345489614,88.2637526307305,163.414741286015,37.6686582943058,4.72449576296069,14.7485326124892,48.7328982250915,54.1265512394936,21.9090770977647,173.081389072709,336.327154933619,594.716759723724,345.120963644395,,,
ZAF,486fa2563ff7929442124fd5c246cf57,10.4340199803624,30.1303063997602,73.6422003231691,112.464890951839,47.2561043863669,5.28668186728425,24.7734726054433,34.9252481117808,22.6080406012677,16.4921727554053,193.834479066454,268.485723276659,415.604217762257,466.985671993611,,,
ZAF,48d5ff91c3dce8d46ec457407bb646e0,11.5107282272617,29.0050791550428,91.5413357028215,136.007759997871,47.7050301139941,4.31131807291745,16.5714630573714,23.2375541898154,30.6343691423538,20.4969558676981,285.107081080938,179.22340669371,569.085240743284,363.559788948333,,,
ZAF,49070729491ebe54fcb6563a756a90d6,13.3270878435678,37.3896760214521,114.637947985383,60.5501111823983,48.8761380528227,6.32430720602383,20.6210608431355,15.9103497405297,32.1854462954389,15.7667367613058,175.557792851924,236.71650597883,242.048915127578,799.820460118675,,,
ZAF,49a7635c6d0f1872d1bbafb8a0b5914a,11.6669342717161,38.7239614608766,68.6737952774256,132.917248210949,31.5799676012217,5.19870726330685,21.4886417774149,27.7701820749949,37.2064524922061,16.6893323157738,216.304861275295,259.141524841597,461.062904393802,404.810402011941,,,
ZAF,49fc78d39eee882e433613631a4bbb81,11.4758789305813,39.6605551279415,67.0410820733766,129.781050872547,46.3288343606984,3.6831543636022,20.1990145455873,36.3582686887938,36.6848036499567,13.7468642925069,156.967980043681,368.801187586671,638.898072304142,687.649426162986,,,
ZAF,4b1aa32ae2c6c27e76cd554ea732dadc,12.131460071941,19.985950978538,110.585280352452,158.845046483964,39.9320814651633,4.94201613657122,12.8382084860244,27.8842980012278,59.2326701338191,17.193338004236,171.103338894951,246.244024312823,755.296248658214,365.367972997984,,,
ZAF,4c554fd0f148107740a2d5a68d07893f,7.09689348747386,29.1272905443332,70.6301740621531,181.060693844203,38.0142309894532,4.99383461353077,13.0160518348558,21.022101342883,41.5954282861493,10.5171387317661,241.623225002114,146.880892677072,599.030421302897,754.096982661023,,,
ZAF,4c6930b0bd7f5dbdce56f65040a33871,15.6099377908328,31.3780208616407,89.5003342986219,114.234098651105,36.5873893868668,5.59767124339035,13.0663207735573,36.3638713277844,40.7331596876829,20.9437573841487,238.411671985677,313.815080566002,492.562612488158,354.72887643191,,,
ZAF,4c9c25849d23d3dc95de29aee3565493,12.8669380069795,31.9557132610238,120.151595111865,176.535139564347,54.0841218174634,3.95248339515574,17.3005712712005,32.5704238763437,37.0629941647685,27.7074117022179,209.713629104384,413.0535512218,456.284760235692,463.815616255925,,,
ZAF,4cea90247d8c939aa065d346a09ef50c,9.61981180770101,50.1881185950813,74.9851276106452,204.981167042816,53.7078254163455,9.61970831336907,16.9060208332609,38.4605680657879,31.8448407309983,16.0751218021773,232.405948037657,292.105841638964,565.129017399817,485.589389374401,,,
ZAF,4d3c0b05d4665e2eccbc5676f97e5378,12.6947352833125,23.1845018212038,76.2953337966752,88.878760932169,52.1697713452126,7.05836997866871,20.6207877901452,52.6547450905375,24.2402102918598,17.1753870042638,174.000870153358,224.273101089129,361.870860784271,631.317815256829,,,
ZAF,4e98212bd2074725c191a23136d8393d,12.6196168037682,39.1546576882004,90.6488705026423,99.600134697174,66.8263654283242,4.8701224687978,17.3626188644005,25.8942825202483,49.6129580596103,16.0838747409866,225.99417646513,283.781194711615,493.516333849842,581.275342460164,,,
ZAF,4eae802168d041951af065adfb7154e3,8.14261568573096,28.1665610820896,98.869671800188,229.456961363357,60.3645131429418,5.87728200267482,17.1218373588735,34.7173377376837,40.0113982343539,16.8253679065261,263.148116647464,301.250131406127,445.236948501598,663.042788736219,,,
ZAF,4f1052be0e45de8518074cf06ab47c84,7.69981701305469,39.3574645760617,94.285668546642,139.15189402482,20.9963735499086,4.26909166664499,17.5126101243034,18.5686341632992,31.559019207116,10.5710280963275,164.488633853827,338.353448421112,601.301336629821,613.127593651206,,,
ZAF,4f17e78ecec795fa0b7c7aae4159cb50,10.1390039294499,36.0335620995775,91.8877024841717,106.800249659753,33.8614812461022,4.63694279869251,14.8255317053039,26.4603705501752,25.3616639912409,22.3295782867692,167.125077550623,349.45269854842,516.752785490025,512.820479279358,,,
ZAF,5058015febd8588b38e853ea5b06384d,17.6397028798842,41.7477701190632,51.3559410236883,122.125770211719,61.2164519765495,5.18314376797215,21.179092550795,23.063658876311,27.1057025018018,15.6129547546452,253.773543362937,391.094452302069,571.763011563512,392.127299720796,,,
ZAF,529b1c0be6cd3b2e2ba4458bf1e329dc,16.7400272588319,35.5036839302538,69.5220885988561,133.818028931741,28.5701894251394,5.19595542572341,12.4697736465006,27.3032856446276,37.5299215797208,15.902252938801,195.508045627059,238.218772803338,397.719656233726,497.653725181425,,,
ZAF,529f44974b71812ff59bd0c0208ea854,11.3907520579679,42.0743033621536,68.3831244198418,173.145755043233,32.3480871946686,6.83899201376707,10.0733248488224,43.1935588629365,41.3546111782877,12.4111276921649,187.598372196583,289.307437947459,435.997924919416,631.176388223588,,,
ZAF,52cc5476947fed58548a0758d78ab220,7.68724738713201,35.237130052201,60.7668592308651,133.670097576231,40.1962810698276,5.43224870734579,9.81704099326694,32.3382172190098,56.878538013729,23.3855781765859,233.628499704026,194.930452286083,408.338029939553,564.578645051345,,,
ZAF,53237731af7ed91249cd810a3b4bc2c2,10.5578576722221,45.5094095185819,59.7964905413863,141.154531688659,34.4855046455356,4.55602486209828,14.0433694435007,23.3280542131404,44.0072880885853,29.5880624988095,228.142375558345,469.405468713692,513.986150749861,548.006236019938,,,
ZAF,53b47ca0ec3ed82720835f2ea126631f,14.9224838764649,40.4135385074652,105.862193405176,135.764301742142,39.8506661872848,7.03670079316618,14.6177103685814,31.803053597121,33.4963114748558,25.5861242900743,188.081677276167,402.854569110912,658.897318577613,457.266145673783,,,
ZAF,53fd1a256fb8b5234ef700d0982c09bd,16.7160792761647,25.0053639932938,83.1790070078106,91.1581978408809,31.4529864675201,5.79152031650824,21.3152891612124,33.7172416997694,36.6870326659268,18.3331338679505,154.79661044247,256.057566115666,634.553872368988,428.414959650697,,,
ZAF,547a7f008ec3cf056d98be242ea0bc71,8.87857584118901,30.4532512046423,64.1698783556166,218.035734407978,39.0277154373127,6.26066795984244,15.5555603943428,33.3104765588321,42.1482426717907,19.5858237162781,206.586824354189,333.326774273289,282.6467044738,416.030392262059,,,
ZAF,55d26c26883e6b2ecf142efd35055a59,12.0869983891279,49.7486377039968,77.9803100508554,100.516882349011,23.4944654228654,7.70245901657252,21.0192198550538,39.0085302916555,29.8796141585829,14.7539893865605,245.170992623927,211.338126388739,386.487645745264,332.929597956891,,,
ZAF,56cd988b38201523c2941ef0d39870ac,9.71964936034517,44.6797032720074,142.831391467297,108.316354901138,46.35272078846,5.02943276468904,13.4696625659983,17.0079454152891,20.7744559492536,11.9475207114824,147.666054933715,192.601856586143,692.814774076952,591.785891226963,,,
ZAF,56d8a21a739ef6419bed56fde88235ca,9.15645651353972,22.7052505426679,101.007212619438,138.716786204903,24.3752177639148,3.92332237109776,12.2781808480772,23.581757033671,30.1677918210282,19.9849352697095,246.58726966526,273.044953656238,517.744258659238,343.438513857989,,,
ZAF,573af521005faf8c3cf30c25ac2462a2,12.7874732370659,69.5543468264452,101.144857148676,117.228445274518,40.0543976005428,4.15167564939029,23.2390383443655,33.6295188942822,48.656104226048,13.2367578744464,215.559509604801,468.307862583204,543.115179517855,661.960588761366,,,
ZAF,58181f2a23ef5ca21f6e203e60f89106,11.5944280959217,44.69522434528,108.967628124115,194.659493169861,42.3249241906438,3.06372191688229,20.0014337887264,41.120094193873,34.5336860975225,9.36818075659273,187.802276318753,283.34002326593,590.959396132637,505.783832000575,,,
ZAF,5977372d2408992a4ce7b6af346ff2c5,11.3130529999544,34.3643698852453,63.9633568180837,109.501254015545,50.2296778292193,3.56790198804771,19.1083076183685,21.6512873614135,45.856475649183,14.9092424243704,229.426281542907,204.654672745678,614.934577045763,383.121839511498,,,
ZAF,598328ed499378527266da612c784eb3,10.5028681707803,24.5992900184533,108.202602709685,150.699218825805,37.1303773984301,6.2841654852131,18.2833986893185,27.3847058341356,28.126563412781,13.3874733750228,188.367156606666,273.946375109422,541.110498282235,399.90592228192,,,
ZAF,59cee4eae29a2d30b82d1bba094dc60f,12.0343041484501,64.2599193779971,76.4438377144369,91.5628488134163,46.1195245829588,7.31491947053488,21.4167420581376,23.9016422989484,38.6561233048863,17.8754386920628,332.428852374609,261.92741018261,462.170216918489,333.003040085347,,,
ZAF,5b14a7ed8294e0172daf4fed12fd6f4b,7.19448322425326,30.766268443139,74.4895527220234,173.005685104238,35.2447133446686,4.87354879389455,13.6751916182624,40.0119018751586,41.3982570854613,13.5818343518502,284.637277397262,258.200911714121,1063.33340852005,508.146494398912,,,
ZAF,5b2281eec71aa57bdef0cd3765b3a596,11.2531924449346,35.9346865096134,82.0896320894165,227.653451271126,32.0042056356357,6.18472256576128,17.2554991595619,32.6216218176629,30.4779453318475,17.5074051777242,262.073460008015,277.246594889875,359.84099058827,808.348964712707,,,
ZAF,5bf58bee48b358128181d5afbd80267a,7.59475066132796,24.2941934595231,73.7935554948002,99.6041331414131,49.0864501142923,5.53364334551172,26.5085714407017,23.8453293284224,30.8477679831764,15.5829173375327,169.75950226642,158.927466722093,417.491349301255,516.861374965002,,,
ZAF,5d35bea9ec918b275b2b851ca090fd90,12.0216218171025,60.1162474996371,92.1687523017041,140.72373330023,38.4892195141589,6.35645785190392,13.2420367635185,44.9338586869031,33.7368754963115,22.83475690796,125.458575803948,351.404172649359,684.013827970105,645.373390946936,,,
ZAF,5d7d1bfd4a43bfb91e9df27089bba7e1,12.4608077671021,38.841952404649,119.870328160311,175.656461635693,21.8716790096101,6.49361490198514,10.6650437746288,41.9497884219723,40.0039780097907,13.0905308265596,177.151709504975,329.950817096344,347.115261473297,562.901663341441,,,
ZAF,5e2d2c0983996d3c230dd128e77f8c6f,10.9682409092737,17.7004108325724,93.7218343820792,227.966179194033,29.6196762695113,9.13732621172249,14.3010669027231,35.0147303707771,43.1315054965696,21.1794363698186,401.131273446099,392.8923446832,526.283483137482,489.641837263869,,,
ZAF,5e30e9125b844dbf848e10dbe032469c,12.0257517923588,34.2720260061901,43.1817958306934,131.667574327584,41.1956827500667,4.91750297207543,18.425076966886,21.4073823135968,53.8920643083009,15.799584373767,309.040148597857,246.514862524887,486.831177416385,443.530821529421,,,
ZAF,5e7c3fc558537af807c3d344e486b732,9.59708644772932,34.2960980894798,64.4645872393098,88.287952126371,32.8235163574016,4.20692600956869,16.245408365245,25.2183668671003,30.0518314336453,29.3332842711159,240.811053142296,246.677303398267,584.60233230318,488.23915525057,,,
ZAF,5f18d1e1cbe76799ff0f131fae9d6414,8.3164327935489,28.7904466550053,107.949435986678,205.568490948775,49.4551146332709,6.22958994082681,18.9357093529222,33.3634283329912,54.8126472948308,19.6654305764641,215.237680971548,311.00946401886,586.514850385201,677.774323832468,,,
ZAF,5f5606911e71d1087f4a03d8e52876c0,9.99052481718039,28.9311763738377,87.4140560715774,106.62028026751,44.7087254128202,4.746190392716,16.3797382769884,33.8340022239829,46.4917889352085,15.9519488392575,153.20513612199,327.027512688046,530.992909549596,608.419599299676,,,
ZAF,5fd9ebadf058be3b788e9ab7171106af,10.5546470044928,42.3434559213469,103.072461290093,224.591692309991,45.4819995733096,5.29077864133916,13.9696881947804,32.0675195979896,41.0416679273989,16.8893251818924,224.997761616084,274.714272229272,810.159354524088,360.835709393403,,,
ZAF,619d7c075ec289adf8b15e49cf11da90,8.52851923219891,29.1260551597959,101.534374808161,121.479852108694,38.4537227909367,4.56416163213997,12.3098402967654,28.6747817395553,28.6314443000973,22.2154110438283,170.449546566225,361.728801494935,415.538859717387,560.408032598491,,,
ZAF,6201c64df36de7e17459afb3a39f61f9,8.88856173036468,26.9334028488043,100.854221674219,94.4562024385984,39.9871862612418,5.44619562910358,12.7947889675834,25.2244419005898,26.3107893296795,11.4450164113205,159.658030271112,181.453130950529,591.776813073867,581.792208915392,,,
ZAF,6297aab5c4328d3b63320eb4c7dedf86,9.51580602779845,25.2605673971386,56.5948471527445,255.866281059821,28.4416833655595,5.36003266764035,23.4354549307371,36.641787473472,38.9931827768088,18.4611952421629,252.675920053873,360.22496672211,489.680574618627,524.05922625113,,,
ZAF,62a26f9ab74256d1b38370c7656a0c02,10.5795946384808,37.256537469292,110.056182050565,113.902107526992,33.0705732224409,7.10384081814286,15.4041374497097,31.3298634145146,55.7035951964889,17.3971636453504,329.63554055888,212.728239651098,379.894059473197,364.86711471692,,,
ZAF,62b72704e3b48701d5f10c7ade850249,11.3032533409002,58.9460731585775,52.4338108670965,178.694698670926,35.3086492873798,6.20966995800325,16.0429576315169,40.2375725823856,40.3688700147603,29.1450140898019,124.945168657254,402.536033747403,625.892044842812,414.493454070017,,,
ZAF,62c28336b74a301de6d71208ff1e78bc,7.16216035145717,37.0759932408269,95.636003523936,125.099892087379,57.3839800176979,6.16131985489788,16.537243934931,22.3758017592333,32.6396889245517,16.1784109734058,173.455318641087,220.221503152606,454.100673838304,524.495056103497,,,
ZAF,62d54cde3eafbc0b0606959209961f83,6.91473988039651,37.7015346235544,100.523319447545,166.245252164295,46.3117513396896,6.42324800077086,12.1147941636981,28.8798930602738,35.3300798900275,20.423484877398,201.247340072854,309.787316239429,655.362388654745,430.264155399478,,,
ZAF,6331fc5baaa4d5c89d85d56f886693bf,10.323059847217,50.121974536771,73.6880811692042,222.909518029752,48.4283111280319,3.18780761518179,18.8269367177494,45.5501346882837,36.6313621657153,24.6870993251185,160.840214077999,327.170098023521,417.748718100009,372.006288565754,,,
ZAF,6385047990d85370adc8d7d6c28d5c76,8.36898839157866,63.8251535274761,46.3134935952877,155.110742832074,34.9056730601424,4.55673159310548,19.0914010249215,31.967446057418,39.8327228450644,17.1525925155693,146.862321842779,277.17918527492,390.824868610416,593.237222816994,,,
ZAF,6387ef6d488f5d50b1f77c04198ef170,7.2848159713355,47.7078894647987,72.030549695591,139.186957290217,45.3902476582097,6.98327215381694,15.599861660535,25.3561037864256,38.7085752720329,14.5899525029966,232.894351098788,250.358905461318,534.596402594969,269.082067958135,,,
ZAF,638cb4cbfd5f438bfbbe4fc4d97d7127,11.6787364736076,47.2935701635899,89.4400875366898,135.919255323024,42.2429171878151,4.89320890416557,14.3983473045346,45.908849051321,25.5377230996283,20.0916232119619,220.607298992148,384.509752341209,325.171155482799,427.695254532555,,,
ZAF,63f4bb7c788526291dff39dd7c6d7a06,8.69030224802676,33.371532915356,78.0079809155469,154.135890926283,62.3813601469871,5.36193825567033,16.9207847555073,47.093788616753,40.4264105607182,20.4717337287618,226.523063493747,448.87969096794,413.098570680321,545.866640032887,,,
ZAF,64a8b2e60bce9caa7e6303715f3379b0,10.4106905630908,36.0934937930982,87.7830994883139,146.078732243407,32.6042798065683,4.47172136768661,27.5727173456751,33.1815082147112,35.7411862125997,15.9410496796016,285.75156615168,264.013812879502,492.065133911426,322.238746258698,,,
ZAF,64c83c98588100b2a6296eafab766b17,7.21371952216367,48.9556814709932,81.555549080603,57.8001947034201,42.2270922862083,6.47079702790706,20.4219161341275,48.1699668314021,45.0094593514865,20.1178267750469,301.233150284573,280.077726461029,646.285607346313,290.659520338031,,,
ZAF,64d2f160023417c60bf4528806e5431b,11.4732474323682,24.307620236269,62.0072388779917,152.877558066409,22.9412503081929,9.0585268805353,10.3142817285932,35.7098333705218,37.6833393328563,23.4127828284015,219.626784216282,156.174484338396,380.333867063587,497.31872630252,,,
ZAF,64f79bfb522267504802e460ba1fe11f,10.086790630573,41.5220595562546,101.51499466217,142.853079938398,50.2031750369765,4.07639509640702,20.6409316407957,23.5275997669042,47.1262669254267,11.0138245679041,162.985544246935,192.594339665913,716.079725247165,620.432249121324,,,
ZAF,656e3edcf305bb401dd6fb7ebe0d3596,8.63308770624609,39.873956062958,66.6517196157361,129.195386540441,54.1098404069571,4.43563909523082,13.7494427292203,25.5636401212789,42.2214317949672,19.0911870640272,220.170440496948,271.178680632739,700.350922681495,351.946526563067,,,
ZAF,65a51c1219cf58b98968591994e33330,11.0713081839666,33.4133261320896,112.398628769959,125.774536594359,40.6695158599482,3.5464067015299,14.9419655696733,32.6918743450373,39.0093730875462,22.9683700412135,263.751314473705,296.714259644226,655.721180815033,601.391265047299,,,
ZAF,66b7962d107b761b7d55c02a5bb45bc5,15.4462108696056,33.2257643533128,97.6196517410911,232.273357751766,66.6389230319691,7.78873558893146,19.2143174651309,34.5947983095467,37.1638671912544,14.5396707609147,276.53333148495,220.015374176762,749.423443816367,204.540659031185,,,
ZAF,66ca8391ed573f72bcb31f7cbc91334e,8.69496159363953,33.074137771416,102.926382053322,118.58229253771,38.0301632576864,5.16226778841519,18.6400463895601,27.0423083975656,28.5424247916771,17.1741051262136,347.100580096885,234.400310053486,718.205935273716,470.982752751832,,,
ZAF,675b2c34b5b7add09cc0708f255f7e92,6.66216882827208,31.2694321388764,66.5669158337581,108.290946869076,56.1329143301408,7.75976411548161,23.0659620829286,15.8175749931692,39.9455761952305,10.8190409777564,144.999873345897,218.983894578397,338.883776290187,562.36303780301,,,
ZAF,6780ebc8e69e9ef133135c7f84017402,8.79903355480237,28.9642084693026,100.403574314705,121.358975848454,55.3215254724733,5.21908380698893,12.1002449424497,29.8047873419735,38.7756740398473,11.9015514037752,382.310459201833,202.647873739192,209.111851918713,492.895945862637,,,
ZAF,67d98bcd776f45b376e3d9300a516835,7.10424707545056,35.6754085319721,54.956822072353,150.159595000518,68.3643373267307,4.28499105853166,13.5812549708418,15.6795612372215,35.1517671498183,19.404893867555,175.39626194272,400.178907757291,397.006423034999,459.450836674232,,,
ZAF,67debddc203924acfa8e278f33112c8e,10.9012495173237,36.5704675268924,84.1543924246463,158.128991947218,32.8828918290812,5.50373356891905,18.4220929799598,35.6416945620948,35.6536918066115,15.5654394012259,144.035711152046,297.362463197447,586.176735114246,526.382220093338,,,
ZAF,682f896ca74efb92ee42666cbc8cb211,10.3799734793856,25.2686441346604,107.372394964969,236.825235450973,41.2726907794775,8.82427573971466,19.8515729408252,26.535473249744,16.6418339345094,16.3487503671359,192.518565552908,256.251744093565,706.112378868833,671.731838380464,,,
ZAF,68a1a1e1fc9338e4ecc34f930b7f15f3,13.2291214956908,25.4468396070502,71.4756559749666,184.175396849235,34.5427012100161,6.12099667245082,12.1637848292738,31.461328017674,42.4801331050683,16.5078256509304,336.998207085534,394.960315254965,400.606920275506,508.525369277144,,,
ZAF,68d6b49314d36c23cf92c3bd8c34a5b6,8.24001651776053,27.7529649651552,49.0063124311306,161.104348302229,37.5905478061363,4.49317877278425,23.4146668246933,14.4205279726508,36.6406994082831,19.1609019056962,212.861048091466,301.57326841372,395.369844272772,568.548122267306,,,
ZAF,69a362864d8b8a9d855fa219becf0f19,8.99625394484584,38.7762242895301,89.6985792970392,197.361516822554,45.0592975670876,4.12363727376217,11.1959853292041,41.3082554525557,28.6494621244972,13.9592548344126,216.618354871008,262.814208055864,309.747019344586,550.091849234226,,,
ZAF,69b282c9fbb466a4eb5177e4faccdf21,9.34407115504463,24.8444675280925,81.4106089846239,135.838563732823,28.3134209289756,8.68780100190955,13.242479832818,22.7032326326597,31.1901793392678,15.4712088891566,172.779281554956,355.494985960932,920.467222909509,635.737050646345,,,
ZAF,69c268d98d5e094ce9ebbb0fb69f10d7,12.0480610683481,42.7996045773669,74.6290860176955,132.231556422045,34.1167363134628,5.11044962896,11.0136211722249,29.0116519597645,37.0412506486881,11.1584540894736,172.698564278025,232.119489855538,518.24587041381,390.482258812497,,,
ZAF,6a3fcd2f51317aa7d387d2a5637c06d2,10.4437226414022,28.7922030268396,82.132641498888,169.110014182437,47.4536807741164,6.02743831078876,26.4804791072849,27.8809940779706,30.1326985096,20.7410451044041,129.924882177118,508.894156340626,542.204058970583,421.920496763451,,,
ZAF,6b3b34cdd6d0e42b09988ded9d04f436,16.8063682030268,30.4580390509488,70.4587403031904,202.629650532079,32.6304320062461,4.528874866609,11.3322365291958,34.7002312357736,29.6850692530092,21.2914780139076,174.074988225688,214.159315801036,521.918614800257,584.743571100765,,,
ZAF,6b6f636cfef4582b6a27af408179388e,14.6342843573683,30.9398226396436,80.7315452001863,192.221072020218,47.0268288945749,4.09090018715736,18.2067309111,30.0974928237064,27.4922753762524,21.5517911459251,301.326702554563,232.492595189918,687.025802906695,535.769545404418,,,
ZAF,6b8600f032c9e3a75af47f3430d8afdf,14.3511047486858,42.8237878164976,63.4822254925874,154.069171515472,39.5768894689052,2.56614393027175,22.698754959332,34.7900767710106,31.4398053006177,12.9719776132257,179.606493747402,284.510810475256,724.050931888472,466.744794805245,,,
ZAF,6c14fda9d38e96ba303799f0249da3ed,14.8197191571563,36.8425713379233,86.4402908973987,159.021776270412,43.7697364012814,4.4397028735218,14.1146146193235,37.3560402109663,43.5540847525256,27.2188804833577,215.027612925141,285.994608798343,521.195808675876,797.063087274996,,,
ZAF,6c95a10a7d324401eedc45fd01f6c080,8.62353485429242,66.3661477207354,67.6010705694242,163.20623513467,33.9507535501062,3.51541616890175,14.2985732468536,35.5928411292102,38.544916665276,21.2976381816416,249.027219639132,377.222063534467,587.586739514529,394.865366446405,,,
ZAF,6c9d07ba5a89cb464bca4f358642b161,8.01391897785214,30.5613288163583,89.7354592062959,151.38871782241,39.1553557307877,5.85029199708713,19.0015847474368,43.1645961015216,42.0762492298155,16.4959049436894,329.652061543831,364.123999671424,419.505894352697,697.240351902689,,,
ZAF,6dd88790d4633c4d16a41c65ddfdf678,9.48611125884849,30.5865757478645,76.4091955922042,162.260609910625,42.5725883672156,8.10597757073382,17.0862722049777,31.5961943313866,39.3721343785818,22.2597954301774,183.10144595862,222.772795666409,331.075148165602,591.689187061001,,,
ZAF,6e24bcc5d3963308eb6e4502f04f1d2f,6.71802536476463,40.7050287568126,53.0738953557278,224.377511332214,59.967029617522,5.23137253810515,25.2419097122467,24.9715711514975,37.4732512158256,12.9130659504457,235.132194949351,285.345760551991,556.571638484699,456.422071647938,,,
ZAF,6e50bd4daa9be2366d87d85c72c873f9,10.6244876788589,29.1351746534569,67.4390367081057,115.112430480904,42.0739196550293,6.32868407868502,16.8626551274274,44.4606199739994,36.910865698602,22.1902513946933,226.205049442119,300.431912281142,393.966780138111,645.176495262297,,,
ZAF,6ee0ff0670098f610ef44089d812baeb,11.6030920967316,48.332887661111,54.0189054318081,129.903109960778,45.7136185596731,8.97186145297653,13.9173630445816,16.2887319868197,25.3690567996321,18.2603127965244,168.110921225337,316.391994370807,383.965226479182,509.733599925517,,,
ZAF,6f4555b0b64a8074ab3d474868a56741,9.25748327469389,46.9899131048446,93.7037143796451,153.65010742918,22.9731358833886,4.11379223083284,18.673861697334,34.1085899818682,44.9650946143258,8.54278626912189,276.477387495147,338.516650344674,520.470804099854,649.743615501156,,,
ZAF,702c9c4ced54e9d1e2d8fdf9545c4d22,14.2808869482741,17.3196065692282,103.470189929179,159.467280217573,61.5251324814471,5.18215613367525,10.2604088568945,27.7892490218344,30.4980598132722,9.99718332640433,298.366203298097,233.322178483446,443.096887417223,390.567402517862,,,
ZAF,72db89c224ff8cb0c755e9f8d7443569,7.89529006951868,25.1743095927066,102.278323938522,143.244728973185,46.2426256658643,4.07836267575808,17.7581075467424,40.8993270233908,33.6381232262996,24.2054606033593,172.915141691392,421.292352393515,751.631911102797,353.236443305464,,,
ZAF,73520d593ed087a5a7ef2b0c2c991d7d,7.06164907659891,24.9925290023083,115.156983497367,101.348698574875,39.4825137281316,7.34037675670494,14.4854941997425,32.9371377800239,36.7299259582522,12.6022410584038,175.464287794348,158.429550523055,273.213041557236,508.628110770319,,,
ZAF,74755c51ed0cc73d77880fc4d642af92,12.6318300498615,49.0380896509806,85.5884747726292,137.905643421445,39.7633526277857,6.44527266568928,13.4853058869264,29.1885890441164,28.166061455977,15.6093346032751,219.510403980185,342.80226890507,451.732496105035,526.296413255601,,,
ZAF,74a222511dd8a22d10e0c35359442a7c,12.6117543144485,56.7120930060792,78.0510616385799,173.079288724169,39.0346174990241,2.74506194663593,11.2769440675287,27.4786526187292,44.2287882003161,13.2344143403125,258.699810978724,194.27948420913,542.74486237501,542.678822150066,,,
ZAF,756c352d88a8fae6a43cde8a3ecdea34,13.3530270733275,43.1291434575166,124.386249787793,157.639127463164,34.6614680975204,3.50857201427133,12.5135349667917,37.0271731874745,25.6547927865103,19.2752367734447,234.070180077127,272.780553155536,381.21694559188,489.673371712046,,,
ZAF,758a35ea277b7f33ac234916e20c12ca,14.4129230518216,45.1958173370168,56.9343550848325,143.113678401321,31.7963344220053,5.18210038093903,15.0651045828354,27.7672685680335,30.2128156268339,12.9258323398232,189.827151047393,328.568859688111,465.647909973071,446.27723881918,,,
ZAF,75950a7090ad5dd67f9d295d510755e6,4.2459589546612,56.420116368756,88.6674300771504,137.895594854335,38.4440659243968,5.9024985921022,15.2369503063099,34.9893848637912,29.2555883374077,13.1834155182239,200.835671175445,195.872824395611,465.075933372648,344.372004321235,,,
ZAF,75d88e6dc9f748828489137c1b178afa,8.84202929109062,40.8381382715932,79.9044975596317,168.093717980863,50.8935784387602,3.90326209029162,14.6699709497205,42.6157889433415,19.811429217041,14.70550228146,252.948940090363,178.697751757412,578.079318711966,399.257111903532,,,
ZAF,760657cdbc17a57bf67c9d47768a875c,7.76002901179793,37.5719100414525,137.676753752378,100.486957471595,35.8786644021282,4.55431962447794,30.4364212701863,30.9326589667849,27.4797052289182,20.2856360097431,162.532522049703,199.496573568736,209.833845025249,495.899348045326,,,
ZAF,767028e6376b133d99c5ce8980fb34a5,10.0390152285884,43.6636599746594,81.2986260389252,86.5879639674696,51.7737364513718,5.86544487246854,20.7381505331152,28.2398709390469,39.5823053212567,14.6110995547165,294.086836194805,396.057325690791,392.803169011951,758.369679911788,,,
ZAF,7677cc2c9526eb30d8729f6ae29df23c,15.7492152898021,39.4671564800777,65.4897007618641,103.065716146102,32.9824180034387,3.92979238338211,14.9768294000416,17.9320458103483,36.4540974735406,14.8325546537536,221.310509839709,212.417236629753,368.747584312407,382.061414085409,,,
ZAF,76e7084d63d117dff13806ba3b015ff9,8.20843747074781,29.119480117415,70.6365816463692,160.496728954411,25.2197747570664,7.40322848246843,12.9300055774534,21.8628751170896,30.5139714876851,15.0267630540625,174.391313263821,376.163083957428,622.502072464129,547.680687019003,,,
ZAF,76f3a4ac762257271d28aa559d51939e,12.7159541393741,40.2447202833179,146.174732446062,187.244647305843,50.6893050003966,5.20082191798824,15.5208905902771,34.4195832833513,39.1844454975018,18.6290721856556,192.614550655096,327.094480787378,737.452088561871,564.514313995618,,,
ZAF,7777415f3a97f74c41f03ffda1e75198,9.77644131531301,28.8680214826237,77.4536705394139,144.458154151742,31.0331123504299,5.821488234278,8.02414050340493,31.0723929251732,41.3818565323647,14.3776286194439,243.247324440859,271.783709563533,489.718199967208,442.019251542766,,,
ZAF,779fbbbd1bdd51db549f327e2ea2ff50,12.5887653236643,60.0946575691339,50.5248575985153,163.98849660602,58.7711741826229,6.61319036268768,14.4716405898578,23.6079868594577,42.1512760020265,8.6961410349523,183.122574671984,344.322369641774,644.31715415827,464.516030820334,,,
ZAF,7927bcac61953768a8011e81b7592253,10.5796602571667,68.5058541672853,94.9579220814603,171.053539329769,33.1051113139911,4.82077953421847,13.5586539411248,41.4675333216605,45.5749992039141,18.9151824259145,152.864953294222,338.757182006009,434.230452583367,519.297369323184,,,
ZAF,794cf542c0ac58885dcfe66f1129d48b,18.3331212712617,38.390984672723,53.18994507564,199.966308932299,48.8170912832001,3.93048320568394,16.2176492288088,17.8505638635637,27.2490300418139,15.0532770479941,224.893030292456,396.979755579083,493.995739511729,711.997088409331,,,
ZAF,79f0cb7bf664fc75bdf19ca17b9db070,10.1643026981063,43.9389013437056,94.637673867288,123.962517203622,58.5376716456964,5.61351402026155,16.2067736739696,27.0805038022533,22.6939493653074,15.9280142310985,193.856835101855,210.236552770794,514.998180753956,320.048751015618,,,
ZAF,7b254ffe8af2f6ec09f6761919f089c2,20.8909409384386,36.6967679648884,72.5999184358046,160.492193740757,38.590329744829,5.95245880176447,16.5093856069291,22.3317305275989,38.9425785283941,16.0331894237453,260.247469036826,249.115087529435,621.331194997059,385.401431694269,,,
ZAF,7b55d17dafa6a3973551b60814ad02c9,10.6876191348466,40.2773113352221,74.3858840545891,165.538658991907,46.1750990307999,5.57680326515645,27.3630950597594,42.4357963328966,54.2438026690328,14.6672056538673,195.285723646889,314.639034542916,487.821127541661,584.208885626912,,,
ZAF,7c1a33f9cff71ec9b82552c6a0429768,11.1947303068191,35.4655565756332,97.2525222250051,216.917188454396,25.805474600546,6.28356060038348,18.4928455975203,31.8755457006938,48.8632781882626,14.5627681802502,226.489850637518,239.422540379513,485.634598448874,549.328065806208,,,
ZAF,7c62d644ad6f08e8ce9fd4647c047131,8.63030316678648,34.6131961546939,108.212628016715,181.257566586547,45.7925560399473,5.75285756061669,21.0953608349231,27.5233984458398,26.4023105807928,9.58675944610747,273.252550620754,272.825567624317,355.502363915911,512.114129650395,,,
ZAF,7d12a44ca176e710fc67bce5c46ce5a0,10.0277565046448,27.7607005341459,61.5300999356706,184.37935059412,37.1650325014337,5.26084175854622,19.7041139487988,27.2489315461653,40.0993117580343,16.3171617910283,180.474154152494,244.888424023792,527.946613275628,537.752705490617,,,
ZAF,7d396a06b628774e5f60ef5af5d0288b,14.1007570970864,38.587923789463,94.0426871985026,171.762129289504,46.3178237618237,4.30174620819798,13.0314895265878,19.5845632143526,36.0852812984955,12.9502094383691,230.07710651385,412.689283020744,384.740529323195,348.114965714232,,,
ZAF,7d77eca82dfa33d5ccf925d1bd679e1d,7.03843540904131,34.5227664593725,67.6051504264455,185.705835365668,37.4269226178098,6.34983505421632,14.4344365362674,37.210674868479,35.4361016728655,18.4984976360805,128.827454222843,227.894584099472,520.733048019317,585.742015131676,,,
ZAF,7dc1df248a42810f7f8090bc76d533d8,7.81646976780202,35.622558300875,87.1410047068792,145.650829509428,54.8110656295061,7.15323442381839,11.8677994512946,28.3026678156515,37.5523190884176,13.3005760824966,185.890090642622,213.555619045646,453.901331422771,460.098191497723,,,
ZAF,7dcb4cf5525aa8b7fdf47497d6f8a9b7,10.9864005483326,30.1014857616133,90.8919465845437,156.923243131299,22.6762427144087,4.09975828648974,8.77521308163514,38.6047960851026,27.048688684101,20.6780748948863,166.791579599718,227.378286446696,567.935832043187,395.565367492453,,,
ZAF,7e4eedd3b456520e2fdb054c2bb8b824,9.22701742554456,64.6592549940305,78.295128961487,113.302965161124,34.1130100683743,5.12350521732621,19.2301116951559,40.5372279592601,42.2323042242531,18.1091990791168,150.168771547921,318.623165535195,692.606957077472,681.737930826531,,,
ZAF,7f91233770e3f5969da1a3c71daaaea7,6.20658677759817,41.1372664927747,129.6586848332,112.738648186288,30.1563771063924,4.13931639195711,11.7804003116391,24.4100353872529,33.6482136954182,16.6139975065928,257.668546378046,260.593273442535,413.103780209398,574.718579293542,,,
ZAF,7ffc78a2062ede0541f5327eae2c93bc,11.7269759115322,21.4735971908973,68.3013531329987,145.06357122296,33.1168327104616,5.52875623652141,19.7464665950575,31.5302634449263,40.4081788468859,19.3447771507422,275.04388636741,249.826741246465,807.871262969091,656.581728080367,,,
ZAF,80bfa4bb1be14354582d55c4a90d98cd,5.47827161379956,50.9560242145892,94.1861298829921,133.164909797358,26.496842257062,4.16963093542243,24.1881034250282,34.6053714065405,45.4180036772644,21.3239858527204,197.325762190364,209.851628259289,534.941816539755,483.240417173049,,,
ZAF,822bee1d38794394a89e4c3a65676727,8.33957907892957,35.8903311978808,94.9591857971492,97.5756322683352,46.6323043537083,4.32523628539651,16.3347353257083,21.6249580649266,23.7034041219183,8.99534716365528,217.8974271634,416.30958549969,616.877034691981,673.799792416245,,,
ZAF,823fbde2c703bafb0edf7e6745558a22,9.09009835456255,25.6918412972551,56.5194612504154,135.147599429847,37.2455135512024,4.63923398409813,20.6657904847839,15.1147605962376,44.3945819754111,12.1479466274543,253.033182192034,175.433221866432,296.31873427798,525.378496673552,,,
ZAF,82f3ace5c70775b517f8580025eef4c0,13.9894082243543,34.1125004932939,87.0798851311657,122.355097521562,41.5155880812681,5.20194464848405,18.7685839094695,28.2015371913266,45.3198735177313,26.0955257066694,223.379977442158,357.768386661633,567.78599411355,572.557617345444,,,
ZAF,832a4c05139022b291c2c0894a13b469,10.1287122810035,30.7819927093043,120.022712335776,180.346925479353,28.4026481150257,6.46090135793504,12.1326987279882,37.9542330144636,17.0432766710575,20.4793564965151,153.24625124644,239.555180430739,362.581123021096,559.326120216875,,,
ZAF,83c723a440721bc4bd8309eb4c3651d4,8.93551569406992,51.77210864065,64.9954272292477,160.867858204665,33.6044430557952,5.43389806943491,14.3264747271593,25.6428129104499,28.4953715726655,11.2406812734352,158.271015758186,210.635158452814,528.380809953224,361.817305584323,,,
ZAF,83db4124144e62152d24fddb3b29643f,13.3808873528512,36.8399338136174,59.87061566528,211.248144971434,50.6673855884708,4.11403311063398,17.5871202022589,33.324722086876,49.8000041465791,12.7770732380349,188.567417863075,487.714359834814,282.518421901747,382.192116941361,,,
ZAF,849c336cb2aa123e2db471eb9af2095d,8.68428182708085,35.1267690396794,62.5581476174156,143.737605304311,42.1871359548146,6.59405347808695,15.2741493951499,27.6158006075928,28.6298813315918,32.4901685960103,116.136465154692,257.245925417336,672.310989604267,458.655384591403,,,
ZAF,84c001e17b80bd34c68645914a223162,8.45228061229889,38.7458260116957,57.6011968373151,159.39218827006,41.8393127182515,3.76668115909203,16.1594361038476,33.722415660254,39.2285400112478,18.7400734937511,200.607028920438,214.77003003009,913.103444013457,380.791005428938,,,
ZAF,84ceb6775a4e3cab000b9ad0857ba136,9.16564640966473,44.6013489747058,68.703773464464,143.351816909186,38.9294767603112,4.58998022939276,14.3952384287911,43.3604239181364,52.296425650355,17.8482927799453,302.749549766921,181.796874904394,424.247582408657,722.481041142729,,,
ZAF,8548412e25330c17234914ca31f8b1d5,13.0967717895192,31.4129355082721,95.844083400604,104.725478304315,36.1990932743144,4.26921729781355,9.83860492694091,28.1811475421668,36.715859198385,11.8561726087175,280.210470277335,312.94005725386,454.43833746094,313.765503169605,,,
ZAF,85a60ce34d873e851664e0dc71335164,8.9520820739679,36.1314887546335,79.5863076445102,118.953455809836,31.1574945137165,8.0442007082805,14.1959027893812,35.2736180957343,56.1488709478821,12.5231421739123,223.429417999244,229.234294382541,501.19524031457,472.38391494325,,,
ZAF,85e6f2203791d1084035582ec67234b9,13.8839324476879,30.6983425815115,116.762051532001,66.8116224243106,29.2403697333622,6.30003358888059,18.6407662992224,35.4898400548201,25.4385668004529,12.6994655656716,193.479265290729,304.612294007005,261.401121134168,791.665441224479,,,
ZAF,862e978b209d06bef26a1d0f5ef72fd5,11.5548642028764,30.3377313327867,155.259594798567,158.529029776284,42.8280651624076,6.77928535239303,23.3153680585107,34.4189142260449,41.1344970036272,20.6076540657066,302.975721454399,224.055321609758,416.542719778233,380.418443098572,,,
ZAF,86f310bfef35a10a07e2e5c9e5b735f8,17.7284687824296,51.9010921434472,83.3567910095868,238.927352399087,47.0627175976078,5.63660889831996,11.1889261663689,47.5653287667533,35.6667431676554,20.4598585654936,282.560268349454,277.33407466474,372.639693890689,350.426671867332,,,
ZAF,87409c1eaa2a250cc10ed58b7959e7bb,11.4253720282425,36.5429057730432,85.6409573645847,73.1148560896144,29.9389486324208,7.53586482237808,14.3428926129047,29.8718936414719,31.4841895690401,17.2731741688904,384.711567300471,256.242727259663,542.933930137071,401.894041779987,,,
ZAF,879c62f2a4d03594b162210394cf9a18,16.2035033057738,43.3494530952959,60.7340661060745,124.871537031172,39.7858766868781,4.78706738520722,14.6742762173234,27.9425476190664,52.8615521805204,16.5307825740064,215.93676412781,331.585466663543,635.021766945142,501.892088075059,,,
ZAF,883481296fef4fe93a8c8479ab4721ed,9.07287506731431,38.4884661439097,72.7346822733044,164.266627401206,33.3570330162048,4.48051999258043,16.7292508231004,34.7808431289479,47.9213753735476,17.4245691071353,161.663634722257,314.82364428157,559.966811661469,562.529576382023,,,
ZAF,88421f1f635a3a794ef7f38a3f7d8549,7.96607231452844,51.1664630811681,165.354952380601,159.313959304612,42.6388826710253,6.98394578022618,7.59758014905045,33.4335425185441,38.0504812032701,23.351644878911,203.889242148642,253.007486944926,828.584277966326,663.520690329918,,,
ZAF,8956225659123b43725c5fcc64bbe392,7.72699064982032,34.9512520164621,104.411961052493,179.206958480238,25.8805542286515,5.16914796205351,16.6668097620034,37.1013188600633,48.0162131931383,22.7004965270194,183.586627923955,203.417737986042,451.100304155237,478.681591833542,,,
ZAF,89ab95597677b937fc2b9ebdb05cf9bb,6.14136217828823,15.8598069418724,65.6778239316023,121.116426370299,46.1610001338834,6.23455889891074,18.6363764459105,35.0010215150404,28.3793941659929,12.9709991698559,202.514649422188,280.997219313615,520.583809834576,405.044403686113,,,
ZAF,89ddf68bc948dcd7db282ba69f2789ed,7.57950667498059,32.1926408591423,96.0031184787521,145.375132537388,37.6528616852636,5.6166518608582,22.1128754326239,41.2037941429966,37.119464742147,16.5234854733178,212.573133117274,269.410820098633,673.697409259527,670.258442589581,,,
ZAF,89f99bd9c6803df38f956bf3ca93084d,8.52902631903738,51.4186848291037,73.9777162456838,171.817925480365,35.6473153863544,6.29710424548151,24.428976240412,27.789056669852,37.0188671145206,17.3969577298153,199.597909711482,173.94875866822,625.5784456532,586.295139938221,,,
ZAF,8a09eed98ce14dd45780db729932f32b,14.9529301128078,27.3140230355042,61.6828504174489,113.58326612405,33.5667907442844,5.77043473015246,30.1391955505329,30.8315590935543,37.9238010400794,11.1161244507949,224.945194126386,504.184989888002,484.524229501672,399.820598587975,,,
ZAF,8a788496937c7da5a249ada17258cc28,11.5204497035277,37.3969670656267,85.5636649026414,151.688398947349,51.7644006405161,10.6227491338258,13.9017068536507,24.4713854239002,21.1603625319453,15.2499106232556,226.497221219946,309.058264986659,604.171889467532,483.339273292225,,,
ZAF,8a8507fbfb36399966783ec04583d1e8,13.8577227981008,28.7318193826992,68.2737970940217,147.721711466534,32.2679908242119,4.81107790071677,14.1150250821562,36.2189811792887,25.4831744340173,22.2691431929096,189.301354453672,327.323505268704,504.256185302326,304.453908675787,,,
ZAF,8b0577c13c2c53bf0be7f3db3cef6c4e,14.1077968120471,33.597693947748,62.1552841159326,147.73485754893,38.5489352579881,4.06547907332669,13.9154589285477,34.5979472252634,27.3694946935306,24.924063360286,205.990218930295,348.216598401745,359.599516747953,487.776238202034,,,
ZAF,8b12c759d1ad600d9cb4060aefae852d,11.0577729231942,41.1352630299007,118.498693644439,168.857833553647,32.2391026599684,3.29127262436179,17.346893768559,30.6597038880785,33.3464182289627,16.7415659673272,311.333683089217,262.348918692901,731.14361723217,556.286452103747,,,
ZAF,8b94e615fc7b4581ca13c2cc596b5afb,8.02479912869459,41.8802837761977,49.815091258458,115.871338018802,55.6257543763773,6.51009181459281,12.1370390924635,52.9862566253871,47.5075919382942,11.8060800617968,219.709881844543,294.052528906538,625.740409935899,601.670713838955,,,
ZAF,8c0aad65cfeecebc228d53c523b00dea,11.5604589245947,31.0869184465246,81.9330609986198,93.27320280565,18.7594925592638,5.14721956398312,16.3118584523564,32.517706030876,43.2678859916658,10.8505621617686,184.542160545923,388.25720174062,536.792340609428,725.996488665939,,,
ZAF,8d27a83b1d6bed87b7e42f2fb47858fe,8.31058250962268,28.6732945841727,71.1432124107642,135.305306689392,35.9486952130922,3.83226474154923,11.9383267889192,25.1494395359273,29.3570680815686,22.0316527616954,153.052448388934,290.85375889603,524.300584432937,504.135863939647,,,
ZAF,8d2b4ef2d2186bd7560420748f6a100b,10.3486019518657,50.818336256865,95.4075728932306,113.676324276878,28.0312735831798,5.99748156977919,10.3853252203263,35.3148296846641,32.5387642978054,19.8661099005903,228.740542134588,277.707224762127,377.155385886792,681.995591730058,,,
ZAF,8d49eeb09939bc5366d00102ef782ef8,10.4046963067584,31.5281012855443,49.2240094646476,164.034915623261,57.7176686820674,2.79755702107583,16.6651838053249,31.4992960632293,41.4099130385822,20.0475304531521,238.532044967034,281.811026074111,420.098312245829,508.588180081723,,,
ZAF,8dae516c71e0c84db47efd43f5db4a5b,11.8364122653586,24.6132690100708,58.3462602069386,163.94638735797,39.3778837942478,2.62195467249915,14.8714980904265,29.860583225941,42.8670752282518,19.4716464929512,173.36722059056,303.045906940444,348.72974729579,402.451533188725,,,
ZAF,8db6006e6ffd91676e974d525b99f9c0,9.40564676081119,28.0317832799142,120.978830056717,151.182937509512,46.2526518738248,8.03781206855707,28.5649476648554,34.5640223019897,40.5458380027018,16.6284429952745,243.184664900494,276.395542031147,509.247249482703,293.918045269495,,,
ZAF,8e64cdc11e67a11a10ff9c5ec7d7ccca,14.2865000080754,43.6009910846671,136.590176507533,134.272731814202,46.8922901918929,5.07457927724305,22.2179613724038,18.3122337413333,42.4080541545172,15.1305145927155,205.45407022025,306.477681080884,501.943099587721,548.488922407125,,,
ZAF,8f5a463d632a4d305979f6ce6eb75bd3,11.0135445801169,31.6810983285135,95.3282374731928,118.116883272334,50.4620355719827,3.45855259031221,14.6132110353131,22.9947033480144,33.4196844718439,12.8135638313573,222.399338658639,249.880967994069,462.82926253136,346.809963235364,,,
ZAF,8f9c38aa520f6bb4e8542048dad28166,11.2770245889959,41.9799482840846,105.323667192603,145.95190852661,37.9775733475041,5.87711522608139,19.7055926804082,27.2061832159789,48.3056877927362,11.7106386603275,322.148072200782,209.142589420388,682.745663459966,458.061694469691,,,
ZAF,8fb035ce84beb822a3d9bb23c14af248,14.4336971150837,39.3658320641263,61.4270765554093,143.656738532296,40.6158839233841,3.84918664446394,21.6128973825037,21.1906033998426,32.5708077253497,19.9338822942232,252.493031534964,327.060286786492,502.24253686633,829.485180840315,,,
ZAF,90acffb2b6b97d9428045bc8f08d4622,13.0630621647504,33.8050362814646,115.94847297299,207.745381826038,40.7831929108985,5.98286893603567,22.0102946733282,41.986234620131,29.2633751565709,18.632801901157,205.75196408353,333.367032804903,614.05611117762,377.826537227832,,,
ZAF,90d13756d4923325127f2d1a202f1d4f,9.56552531856443,42.2597429912925,62.1563421816378,200.370760304452,43.9265406157184,5.4215263371397,13.630227371525,24.7447193315216,52.5643222497189,25.4561049434925,191.823583111628,358.540357806353,576.054999448716,457.02876260388,,,
ZAF,91b51e8860cb96a7ac6742dfbe5cddbb,14.0191487251714,31.7041776219828,64.8771717275017,123.853090064868,37.9617208897747,6.60732137328846,11.4457971786451,41.6684901836082,33.8241848449572,14.4129271584537,230.156640203596,289.786184242901,635.778389434894,597.616485334703,,,
ZAF,91df3b7ac1bc6d5712540f6d62dc700b,13.7706048068371,37.5072562742294,149.874981600952,117.978488809144,44.2961654322435,6.32067039926836,18.2161854592005,27.1036883880467,28.6869125554744,12.0625244758811,181.684237946247,229.982302957097,292.737414856744,609.817220750549,,,
ZAF,921abb9a45c8bd2f4af98472db28f1fc,9.62440974263552,38.8107747156394,69.4963365490514,166.595429987202,42.1755619595417,6.25530517677785,22.0942811243754,32.511495525003,27.5937681593938,19.3074609595263,259.672409318388,329.073309544619,477.222057474914,365.21623438174,,,
ZAF,929771874dc4f68d2936c8ce25040b78,10.8518433216591,40.9486266426609,73.2632005669396,104.109076267258,32.2510068701577,3.84520136348018,20.7155233218188,21.066643093708,50.8130887792769,14.8513251236564,222.167592303461,262.518683273031,567.706776413114,595.547634108375,,,
ZAF,9387dfdb147d870e0bd9b1fa134b89a8,8.55555044623025,44.5030801216475,62.2758969111882,183.840844635471,35.3240212940516,6.52010203448107,14.1163839062714,35.3295509731933,37.8068970858439,13.6797602890151,188.1053828903,210.870496973681,325.685524249681,623.636490024766,,,
ZAF,96638e38361b8c87143397bb87dbe1ed,10.9225991101267,39.888761050967,74.0035199954258,167.762265804714,23.8116399987193,5.31509999668591,16.0251996248463,32.9346032306886,30.4620864120122,18.729425546641,167.460456152974,338.907143674192,710.352678148467,582.133076186303,,,
ZAF,96b66a46ca38e371e4bbca273ab291b5,7.95323771845817,37.2362370112563,102.203017311588,124.17900745528,53.6247208138784,4.71742863358341,10.26836682758,29.4679169803276,28.4255469672222,16.942739992597,106.667190949878,346.517927997637,424.800020637304,726.743045324576,,,
ZAF,96ff6e522f35aed294be56420b90068e,11.1764016605725,28.1786492440666,85.471884102002,128.40758305812,52.9641726013051,8.40816039410711,10.7459685882754,27.5802732275566,25.1614999570573,11.3960816339368,192.655475739317,193.724480057206,577.61087860049,373.575099285294,,,
ZAF,972503635fdfead990f5d2665f319f8d,8.89506596851204,50.6258021505385,70.3996512855384,155.608030934916,29.5246967573129,5.55080753409441,17.7858281492657,27.0610509016066,40.8054648299976,17.0871245054602,236.061850641022,291.119054945841,705.15448983241,520.708529404465,,,
ZAF,981db2dd9b6d79234328e2c7b487a15b,5.83734122438371,35.3376388966269,66.4310965605678,145.47032426606,36.9816805591278,5.14201001774754,15.2780266416483,26.7433146492156,38.6443329245836,24.609850853976,236.540795379754,286.850887987572,605.328248733059,366.895201320944,,,
ZAF,987e3098e46d901f790670e0c183aca4,11.4662949449917,60.0677020275238,122.244233555875,187.993961467738,44.1284772674049,5.60120432385458,17.993008853471,36.3794863592191,46.1270943105622,20.4984430233703,224.574309607177,395.887180789089,578.345207107043,387.531402627376,,,
ZAF,98ba54901f040f41a099861d1ab2682d,12.5476282477624,38.6549043362248,49.6510983778989,159.960712248854,39.781779485939,4.24555067001448,12.6518241883303,21.7179856657162,50.7642936693284,19.1069097393566,258.259272775188,233.658748936651,844.421729047079,592.452312484625,,,
ZAF,9922fd7c79efe77cbbd0a4d88f4b956b,7.40782968306873,35.4093021731652,71.9282749926734,136.309224436331,54.5426284166189,5.01329813938564,17.0314934135512,31.6930200653199,22.0238873284419,14.5117689197558,262.986321165278,342.725103455624,505.198188715671,619.946928459397,,,
ZAF,99a5c6d028e9923a4212bbf3e2f58b9c,10.35937855518,36.7982627254656,91.8881572050894,71.2130819793333,49.4485038305486,5.80337613396472,16.9231749886273,20.6430044141615,33.0367409354739,14.2258263231915,202.14239820005,107.620631536936,433.491634096762,523.020223992165,,,
ZAF,99d67b5a87f6cf9d555817d8a2ae6c73,10.5223972394745,27.4665524383245,60.4994765210198,94.0901420234972,31.5851615451907,5.43617873376529,23.943876821217,30.4053523163465,32.0747806606129,17.029498323504,244.712167800678,155.563093032018,449.922401447844,571.748381462737,,,
ZAF,99e546fe03bab4c62275cdca91717160,9.38364679209243,27.551197691091,85.2451647346456,169.752129901727,46.375576598844,7.36697717368126,9.96435225293885,30.3796356459394,30.9146125467019,13.3739494066159,212.111409752813,307.534278941457,1039.56545132033,696.250018084788,,,
ZAF,9a3013822e57d978918e1852cf24a069,9.51791663730239,29.7302998214426,56.489278474744,110.630105423487,42.0650682865638,6.35168540029278,12.3729077237509,27.2257347540994,54.9030212311588,15.7406114957176,212.911568512208,316.471553276837,469.624495639173,450.338416045931,,,
ZAF,9a5303681e19ecd95946c868f39e91e0,9.60380961836263,44.6376518257354,64.6416197816575,161.171476627241,27.6078713399014,4.05568741683498,26.1828468183287,31.7527735011285,43.6984030948643,16.3132880492653,226.139335899215,221.667744416651,490.847745125638,631.871989338008,,,
ZAF,9af79e81122bea30909959e92eab02cc,7.55182379984931,42.8023182256889,48.6479871823035,226.067403247996,37.2547134203811,6.09516424038571,16.9565162396917,23.1833568068181,26.4156730824484,16.1655990510787,216.738112461309,289.95557441887,354.426105859902,453.313883129639,,,
ZAF,9bbbbc15c187c23530e0572d7d21a13c,10.4164785716409,29.5212707731969,83.6018536866526,131.416089554486,35.8970594092075,7.88674787592968,14.8157140923891,32.0782256952382,38.7312332784119,21.9884522044452,250.35256344062,199.469713970057,423.840808260086,686.610572480792,,,
ZAF,9bcd78ef16588edd3721f644bddb0f59,10.5622272911671,29.2311781468686,54.9413598249169,164.676395617704,34.3564042134056,5.17477438914187,19.4393696105939,26.0804135453667,30.3848055511716,12.9587507481456,196.086162785601,284.267589372986,797.477026460798,491.528247138933,,,
ZAF,9c86569396a8a3cf7a4e764176434997,9.69720766299083,26.4369177884472,90.3264408668122,82.8095844133391,37.3377661511122,4.29776477399571,9.79082197062564,31.5241460958088,25.5434835608192,16.7961464220727,171.733235670242,309.684960713233,412.024328284162,765.260232919851,,,
ZAF,9ce45d415395217cec2d30d75cc8657d,12.1852304839577,41.2770929740383,108.084909856848,125.515712869994,51.7153759242399,4.88669811379721,19.0342733968227,26.2454565739035,32.0417013798568,15.9564364630521,220.635757044347,343.830302368564,531.256661156152,514.87129596593,,,
ZAF,9d0763b326549d6268d84a9762418704,8.27771312618637,34.6415371918997,50.4457123361834,168.642353411752,40.2236227565793,8.34818965341502,11.9858617128067,27.4222294960953,18.398864552217,15.0187809625695,258.763615312892,297.73807593755,537.065365553206,589.396942053351,,,
ZAF,9d892c3c385d78026e9efd3a795737fc,10.5798368355921,28.4984388069784,79.4896678264402,120.695014673772,60.7601607432364,5.33678875284217,13.4910033347713,43.6307345059128,45.3066359939689,13.5377033049705,263.429232690505,272.699651815537,443.87900291111,584.05999851484,,,
ZAF,9dc8bf484c5b17c26162cbee3512ca9f,10.9396773672547,33.5936822415267,100.108909249308,139.924065062572,41.3752307266001,5.12426735974395,13.2213980225495,21.3706489488364,35.4823568121608,13.1372301387236,308.590690681909,231.537200668714,675.373631978672,506.997322392502,,,
ZAF,9ded599cbafd566b295ca4aa1d70db3f,7.59524496447669,36.0292487750462,92.3477220650468,188.96320961631,38.6776736116883,7.59010840724537,29.0430578871632,26.1209957867228,29.3958440793867,14.0893724077228,431.264042416011,231.013494530745,367.540206724641,427.528553976753,,,
ZAF,9dffc2a109282048c9dc503eb442af67,13.0153411398554,36.7539183274401,76.7184874973729,175.971385207603,49.1314022075484,2.7602733814749,21.5516666481804,33.8077565641694,25.1708676152179,15.692391593331,291.028930562919,234.126407722157,625.4690478173,466.593972587667,,,
ZAF,9eabae15afe2539ed853c34ecc9ebc10,6.43503657356248,42.2160124479218,78.8361125928692,123.162751407908,55.733580429205,3.59965758182552,10.699709670918,19.8126763138111,35.351647161369,17.4277487316919,127.886519290331,189.112169833073,880.149090792116,525.22741900609,,,
ZAF,9ff2b6b419fb679dd59cbbdbb520d916,12.0831052024107,35.2531173561616,62.9349605998444,140.146261377983,47.4671392354637,5.5678845466204,15.7908635076525,24.1655579955827,19.5737420194784,22.0530971770834,247.989450654865,254.142329331338,591.934932653657,379.393338386661,,,
ZAF,a0fa1d6deb135e5e63ac73a267e07b8f,5.68026929408787,48.0741981376229,60.9190948514434,165.698889159522,58.3487576962874,10.3511947252982,20.6001467942132,24.1162298381032,34.5562334178501,19.7790802373568,146.084136078135,269.165687809949,720.689119467711,477.367499739467,,,
ZAF,a1269bc1afdc000d71eb6a44b39df680,5.57969725906265,24.7017302366209,92.093016283354,113.107662342223,52.2945514152683,5.94949122376005,17.8178371914863,35.0318258329568,33.8086164452404,14.7332190199019,180.235691672872,358.759016363423,750.03151978365,380.756885720364,,,
ZAF,a1349640bd647fa639fc3db507df79c4,17.5179034671702,31.6386852503743,101.474737794078,227.808704526364,31.956259229987,5.88661501362946,16.7678868724729,36.3970257225185,21.3692258982,28.0475480469258,325.221046787398,297.014665261693,379.3059836548,441.419803782233,,,
ZAF,a1471756bb9fee52b1122a13b65c7263,13.0533083362339,36.6084771868488,143.477418034543,130.967597158802,34.4409914279493,5.93789989771831,13.1471842346958,24.4675168093865,37.0213377311984,18.7642892534598,220.820807174865,205.425327416902,656.480604143136,484.115837991863,,,
ZAF,a248f93cbda87252d532a7fb7876bec4,12.1153790704746,23.9714364909732,85.3842085674024,162.642222488302,33.4382564870944,6.47561353950499,26.9387954222135,25.1580116229762,43.4446017122328,15.7066442862813,209.504980344478,188.680726602596,410.223632936713,491.484384149568,,,
ZAF,a2c680d080c6e9ef81818af3cf276be5,5.83477862339361,41.4123748154486,96.7874988089672,164.763757770519,35.7190867200717,3.98419893543818,17.6420526703059,43.4845466599906,30.829436284091,18.9799357260182,132.99037351933,289.391470770528,651.722891981114,387.444814733581,,,
ZAF,a341eae73b92b92c0cffe109dd3f9f2f,10.7365481524587,34.6676748963956,61.4264440135354,214.532792391213,41.1878000393309,4.65461413225072,12.4311685440258,28.9009903581976,20.9122855131707,15.1693118337774,359.159322583053,252.43523305978,546.249250644872,613.434116725834,,,
ZAF,a36f6df22493a2bc7077eaffae03f6de,10.6397482477415,37.9949903484656,63.4148550960298,196.221577168921,31.3512523655981,6.631523815737,18.9948517483811,28.3311493994824,36.7433689470071,13.1640086104381,284.135086068456,249.473163917146,587.620379926696,686.995027406297,,,
ZAF,a3c4d0619f098bf318837702293c90d1,7.87151029437335,34.9692446828049,111.46229605566,150.402132859236,33.132018852504,8.96417060239018,19.1563171321558,33.4434856177052,46.3922758504169,12.3049227225687,328.808836823529,214.439470351778,690.43710867066,459.367211733392,,,
ZAF,a509751d2780b38669e070484cc4ba5a,8.84146305139488,40.0402154882982,92.6978979390036,150.671367794848,46.5230661782056,5.41445112688506,21.3479034903395,24.1478654483715,47.1198428119738,13.0089926630889,174.293240283333,360.667853468805,516.856231635265,376.068116304133,,,
ZAF,a5948b46d54dadc31c0a6ae24c8429db,13.1830431726785,29.1824692205361,107.619526953835,156.829520529255,54.3899599398831,5.09234241194817,12.2311344298911,28.9812315067993,41.6745170579015,12.9630832188886,253.913227576697,338.080683773725,425.023315770389,465.880202958594,,,
ZAF,a603bad11476dcad4f7774bda9b4256d,9.31202131110515,42.8288211484034,90.3430053301735,137.739906367649,38.5735633273381,6.74838829443133,17.6160056220049,30.0895817519851,26.6928858166447,11.1693653801855,241.888193202585,295.855814477654,639.993533964624,399.119653679159,,,
ZAF,a62e1c0074d581047de581300221493d,9.04800121799999,59.418978237306,80.6715488177798,207.989562319741,21.3648719215514,7.21035270202169,12.1231322093994,41.9612001091597,40.8101494047145,12.4715284501102,151.109305436384,314.003993858376,984.672138764448,451.836590302943,,,
ZAF,a70aff7f4b4aaedfeef5cd15328bf7e7,10.6039638910958,37.7888816228604,81.8308405460178,219.397080076491,45.0521868423746,3.35077223026205,20.2380948980645,21.6321799125985,48.7449979406641,13.5028441149095,205.512038128231,166.372721958215,609.4708134711,410.593424745515,,,
ZAF,a7164097afd65b93378e32326fc09da8,7.70804955535949,30.6630836133393,91.7947905051355,145.534965341986,26.9948564814824,4.38880376682158,15.897731907418,37.9454726061717,28.4297489344984,22.1937797366317,200.491443604809,214.021372229956,525.5405711262,544.645279657786,,,
ZAF,a77a4129c33e7163aa26a7ffc3338506,14.2820271993555,53.9876496595895,111.564562440281,191.729310939686,40.1069422051252,6.46264475246687,12.0129792974522,24.7142037946311,29.3553012522521,17.4372711844162,260.990435565437,227.477319164166,523.775684918215,524.380692030882,,,
ZAF,a7aacd45acf6d1ae7da275e1ff122c73,12.4753887430736,32.7813731490588,62.3488912008385,138.49472564481,49.2800931077459,7.3246278722241,18.3038317881985,26.593979496754,32.537139195183,9.63495852515092,206.838208540589,238.971741936311,566.031635372769,658.943926814359,,,
ZAF,a891611d7c95582cbeef798e58f4a9b7,14.3414855837469,38.8825095183574,82.5908934222496,94.6959313566138,36.715680068618,3.34242292196893,14.0768303178661,44.6294303251889,42.1727414630158,24.7520043139604,184.885190695184,235.421705116268,630.287755580871,534.777316159366,,,
ZAF,aa468a626bd010aa3153ace1ac064ce8,14.7497854191447,31.5426569152366,92.9485198098165,89.2650114535261,35.9350026635335,7.24974678206886,21.3546749898395,28.7447256616569,32.6033121713785,15.1698456699337,236.201032603462,181.078980090372,498.894844704558,474.072405994902,,,
ZAF,aa80cd4414cd34530bdf80f67b8179bb,11.2781481624043,49.1162443253071,84.4848921991286,117.185796445019,53.1199202558113,3.63510150739638,17.4643925685233,19.1279817416617,32.8549651366865,13.6996937666006,267.032535957425,234.158629849317,427.668353382752,499.454021758725,,,
ZAF,ab694c975720096b3a3c656b0e0f2112,20.8423470337965,50.2473859803546,86.2446280736458,140.866041507032,46.0857560068935,7.06605939195466,14.591977738462,22.0365738585737,41.8016427671642,27.0453748092216,334.04102395983,224.180006505205,884.837966109597,447.158234180959,,,
ZAF,ac83d3e8321b38a8c9d228f4405554cd,16.517963152655,22.9148049401511,72.5627027543944,164.918648551374,47.3230751548697,5.54642339025672,17.361387696334,33.8798667241973,22.8843445954834,23.7683120826071,379.924270053497,326.99097965645,578.981289707967,555.95566900522,,,
ZAF,ad77bc952ade95cf5cbb53498411f44d,9.95955383558189,30.1514050245746,87.0300984271343,191.166278965273,44.5183167693342,4.62950008047709,16.6900460779483,36.2640537970842,40.9795000328796,15.8312234296594,216.607553596307,316.812692975405,428.158566136287,472.909956655384,,,
ZAF,ae3e0accdc17bd8deb628010dc10f370,12.2546270274763,26.4928373407298,74.1826411774881,153.054580830176,31.9442109553113,4.60158189703671,19.4209871059703,20.5339570931207,21.7190835444451,13.4310154157487,318.326817155767,195.018670618283,704.05953205869,481.785560984664,,,
ZAF,ae682ba58030f613e033287b28785ca7,9.4621510682648,29.2218721987034,84.1334895505868,158.147199946067,32.8069121197352,5.11563821978008,13.0036933016826,32.033403099917,23.2524185598694,16.5831803695999,222.095207942733,291.133322469022,314.575022561119,500.375179315386,,,
ZAF,aec248fc408de6e2d170a29adb50911e,8.31381358007641,27.4315461029061,110.499299270947,135.100630064739,46.4038577365177,4.90029072815478,15.281531154695,30.0548724734635,31.7265987124603,14.6215656403714,260.444376125741,215.712897599943,608.708608728981,627.648894038563,,,
ZAF,af3550b875e846e6532a655dcbe19aea,9.10461476959746,40.0168185864154,72.6402189769086,120.2747551019,51.9112433977411,4.40846077832182,14.6936075485636,47.2464772279905,32.4296486400712,13.6716283553948,275.731504995878,325.309357059544,372.029099581451,445.206304819833,,,
ZAF,af921406990522ba4a0d8d2634ec5cd8,7.12710181746679,20.2521494398757,65.7057738718347,181.086558594527,41.2361079178454,5.23751825636513,20.662218495345,29.8979127267688,36.5997242108845,11.6574456813482,224.934038225973,300.708557568647,375.925490683035,559.767665170734,,,
ZAF,afc4a48658a6466a5dba56b813d46d70,13.5060812455315,44.2052407036557,61.0979699097496,137.009510996798,42.8595130122632,4.44805617050259,13.7916749981057,38.6022734699874,34.0547749646081,17.1027867433473,191.51676794051,257.329696288996,395.489862851907,416.619961514658,,,
ZAF,b0bd6668ef534cad1ef9b3356b93a224,11.0575299920624,26.8160119838559,99.3972494425977,159.323027474348,44.4861778770618,5.12095890256194,16.8663558435426,30.8871221814235,24.7611770805147,22.5935816736468,177.686023219335,210.812921270022,579.572234642534,708.720558977679,,,
ZAF,b0e26cef3908a1cbc4496721215b08e2,11.6044637903198,25.5367435335654,130.07225586468,118.564664733332,44.4830864999254,4.02215705375729,13.8686217737216,28.1725565308577,40.579884413493,11.4890881460941,248.810462462961,372.702511567715,466.689037780908,632.706410906326,,,
ZAF,b0fa992f35602d8905f26058ceb7d410,12.2056588263746,40.961509253213,49.4386251579918,64.3459020052339,42.0666952259788,6.31390500033469,18.6714535466114,35.878331990054,23.6728109360864,20.7993861417181,197.371599604038,206.735287586601,383.01949772234,695.621203717543,,,
ZAF,b2760f55b38f16cfb6a1c2b4539f7a32,9.11556286858272,40.4447977887928,59.4454306122576,133.402360747971,37.8546254156674,5.51622817974957,10.0938612559396,41.9688742485697,38.5375795796605,17.571356001333,179.645430193724,174.663810182641,463.172284679503,417.503641509651,,,
ZAF,b27a6b06aafa39c445577b820fe751d9,5.97691891502884,51.566171263124,89.7105079163873,195.298220350292,40.7473986796947,4.54558909140702,9.56307469671835,22.8323892038304,42.1780653230491,21.9229066103317,249.887124679972,272.774226152089,482.366061544166,446.620266479646,,,
ZAF,b2dbca13cdfc86141f89386898b3c358,8.33710028370795,28.8666249404015,60.3588229756559,180.461158583945,45.2731996048134,7.68535668720718,12.6883173477778,29.0022936206206,37.4089784888469,17.6441541579547,251.447869106364,238.3673181557,443.562780173268,427.696176593974,,,
ZAF,b2e15113d581119762b4d80c288f0079,7.33061595964919,50.0996617775568,79.9307088040199,145.904808926286,29.2476191772585,4.28639076474967,27.3434014194344,33.8723026455888,48.7203841190302,19.4105879815994,162.278675298483,179.561781033521,356.330613554991,533.189565356979,,,
ZAF,b34f1015fd24eed9a4a3ea933a492cc5,11.214386369098,30.1448706038566,108.942944795935,175.031167738232,34.8427210193845,5.93235101909646,15.374163110848,34.2140374703591,29.8967192674058,13.7665594795185,168.82568024375,193.46108849461,459.909965026129,497.519534057879,,,
ZAF,b4c6a2a5c1beaf409f30b4ece106b2c2,7.96768438666956,39.109054663092,93.1266433560731,221.164107735661,21.0511604454332,6.79388530051864,17.1989514319586,36.9610689671104,38.186717730695,12.2779516613232,282.668545507071,315.442143325876,704.214074981751,452.454317509373,,,
ZAF,b4e9f41ce1f4332fe48f45de6c5b06bd,9.83098116935896,28.4803154043663,61.7616926126299,100.988940960632,68.3194146397836,5.88874265469148,10.8195430539572,28.615655577164,37.8221106126402,11.8679038368264,159.849519671039,257.660598413925,455.484316936051,576.736202020858,,,
ZAF,b4feb999369a38885a7ec599f90c2909,9.22999998327006,40.1999388341782,93.9504825404559,124.22134446592,31.0078660308971,3.68665959718117,14.7415661693157,21.3747904721372,58.0016260545526,29.9172322749685,164.866323506144,262.966404870666,711.762164458729,494.097600112912,,,
ZAF,b528c2b6abf50f0ef624330bd9fbd0fa,12.4758657914626,31.6782561902195,50.0738452782339,142.871257849716,37.8954968987453,3.85611293513457,12.327607524754,26.710309079309,26.2829556585865,21.1733842824626,239.91817224169,237.651457960758,410.110533686487,418.195404276361,,,
ZAF,b5a7361bc1053e8b3a7bcc0469d5578c,16.6670109009572,47.2168214029032,56.7228881242123,139.18399591803,44.9149771860346,6.03379053410158,21.3266302551046,42.6576316764592,39.4998822832405,19.1625854670569,178.259877618709,289.926592813499,536.684933534595,345.342454534893,,,
ZAF,b61d225c864a52f51753af372bce44e8,7.32842472581149,43.8665592452928,82.1886455022378,208.214905964809,31.1018164823893,6.75861374226042,16.5492179097456,56.9699898002012,18.0242374371175,16.8463951002419,217.837406776413,327.829909514144,510.636569924586,525.820633662125,,,
ZAF,b7faf07af25b6721d18bf8b7864c58e0,10.4255863961059,57.8821902949641,112.339296948095,115.723915968923,39.0544267790697,4.4340845329373,15.0253005210258,28.470943614085,28.4895925733741,15.0426862885121,212.487443115629,415.283634739371,517.454451120643,415.762931979395,,,
ZAF,b939ff6e0eb71042fa6a98c8a3a47370,13.064454016415,55.6107101495692,88.0388168645458,146.795237716709,29.4776898807222,8.62452363541479,17.3186209574581,41.0655360396312,29.1957012843427,14.5363096750537,220.073266531124,239.808517633596,591.068519987219,460.633175289247,,,
ZAF,b9fbe375a03910a867a1f55d4d000636,7.24964099491899,33.0111259313772,77.6449721384605,122.865949001856,34.3467480947095,4.6747106151798,12.2423188191611,29.9240914710743,58.4660647795696,5.43013060707511,283.333712474277,316.512463114204,485.360939263726,676.751636459618,,,
ZAF,bc2020c33bc1d23948b85054fe9e14f6,12.0774725824244,66.7888515226543,121.849504174228,102.871582943895,47.8282721153275,6.85045470504705,17.14296568734,23.7051077459387,31.4546861290384,23.294740456617,155.231285219981,188.694029124371,461.050571565809,692.102852964477,,,
ZAF,bc61a45eaa29cf4f5536f5a7b689df0e,11.5758198698689,29.5800029223922,89.1407729965278,142.731244084817,48.7715553259144,7.84712361424862,17.6913639696456,33.9669597264958,30.1487011018598,20.8175600262044,216.456527410594,245.652948996873,555.898213127625,372.213471723462,,,
ZAF,bc7e242ce75c1d7908827efb7f552072,10.2154083345771,44.9314589956847,94.5603343222439,165.512878240571,34.6052974334963,5.51880630667097,12.9197872557085,28.5799868721541,39.6882182457852,23.0482889833937,170.817713827588,355.238185137833,498.922294315733,494.208427736764,,,
ZAF,bcb6e2780a4680c455608d8ad0db2295,10.6137719259652,34.0134209929753,100.969441454407,192.779377969706,40.8246515934137,4.05275187473458,16.5899429379339,38.0689814929967,32.2269953496224,15.610345271676,246.837866001529,220.805077169014,886.080295773257,486.662032632268,,,
ZAF,bd5a62cd583084149f0537f5e63a498d,11.537299414099,37.3826599211954,52.4911095745858,114.803754869788,50.9153887384135,6.64382930941767,15.3593518569484,25.742765036246,18.5751927520809,18.0441260323857,296.736007517221,263.534404338506,538.460410549589,528.67370534027,,,
ZAF,bdb48fed264d93110716cfd54eef5e7f,9.13647085623265,24.199603685885,109.538807598407,110.498222422886,32.8577916350921,6.68893336094621,14.2228910917882,22.3809896916372,39.8999515294099,21.6793988170914,254.67352128395,346.763321309439,582.465392787509,471.422321361051,,,
ZAF,bf9a729c2321b00b19363daa24dd8b26,11.17518480155,40.7230909948421,81.9571779984608,175.570126749711,40.0308642635809,6.13594484859794,16.2792670405657,24.4627096631417,42.6334223989417,13.8086107557096,198.305148761749,308.412865328001,546.233055335424,486.060733090571,,,
ZAF,bf9f68e1fa8e25fb8b2f87ea7665314a,4.81904001447344,25.8008059447857,83.6573351910405,167.177401804173,24.0872513484464,4.82725527420063,14.3670713475814,16.3569645168776,32.2322494717832,28.7587694008653,204.663765248883,301.733523567395,526.014972863449,578.126137465639,,,
ZAF,bff5aad95b14c949184b05f44afa1c1a,16.7067967151133,36.1813656800573,66.7537397953778,169.719114687439,49.7906077394438,7.36388738966656,18.5752428279075,26.2990407699599,37.0144819937038,14.1181358603061,154.251634279163,403.766441285183,707.92972066894,305.890981941572,,,
ZAF,c110650b7d843c711999fa49c39e1185,9.78574989334827,36.4909278875584,75.2979363399047,181.79772687018,62.2827251714478,5.21163045556046,16.1402572018101,24.6035330139067,47.8619292897156,16.6620316974675,310.970970449453,93.666400965395,644.610488357634,435.258125509827,,,
ZAF,c15f8cc6c0dd68d26bf590b9a56eaf28,9.22019617764393,38.0823146092842,81.4326206386604,154.057098823459,30.8026824481413,4.8829980548302,25.6318062368009,35.8991304999089,39.9202333629712,11.2999055688804,357.835498796614,232.337212020951,442.698378347703,619.652669968771,,,
ZAF,c29ef46fbf4699245bc2bc655ae3cdc1,11.0580480632906,46.3019979681935,68.8663303361643,143.786716486133,29.3375185250795,5.56016610708439,11.6303512132795,27.2003069856301,19.2852109425344,12.2969385889653,144.82065624385,170.110605308,773.529265059201,352.646529114286,,,
ZAF,c32b764b363280dff863077e6f160d6e,10.590212309666,65.7727763564066,136.541575656407,134.324024654548,64.2967268803904,2.47342142385816,22.1938882294094,21.6776340342779,32.4091395599311,20.3924301578651,250.256513945387,287.346580424934,371.248150497729,456.978172643255,,,
ZAF,c5289250f09e685259ca244e1555a665,9.87923523791089,51.5966244658469,74.1075269571244,153.141066878111,35.3755833620603,2.82849956447825,14.7902749383117,38.533094527717,38.8048332203242,17.4088101492218,187.15273394459,221.93305744395,641.094167628627,454.778308325255,,,
ZAF,c543ff7a4501618d882a0b1eb51c0b89,7.15924923064177,41.866321381059,75.7694409330576,129.671248044349,29.7734054094967,3.30177532601864,15.4625697806448,24.1836771746663,27.0846484502915,21.8271499154275,166.062515846432,293.726829086658,769.459443724419,463.610106556387,,,
ZAF,c552af9bda3e0c980adf9a5fadb7b655,12.7801136143999,44.3206213167091,71.0138341329527,130.475494831683,40.4347821294197,6.50051380957369,21.8562318259826,30.5363241130308,20.8077481300467,13.472937397809,283.877599550359,297.24455597945,432.826984965499,592.113421807347,,,
ZAF,c59db6b3b6288e34d449aede9fbfbc41,9.36909856353788,38.2417994051442,106.521834156874,91.1983090939588,31.2707043129984,5.69893189699312,19.0762998372351,31.296516143867,40.6053192570953,16.5822877384842,196.043462742596,246.673995588353,491.785959253128,577.604609034914,,,
ZAF,c5a8963a199b02d8a508fd6a8f0dbe4f,7.55991048698996,36.4639167331411,60.0654031965966,154.211217123849,30.142090043814,6.04974781791648,12.3811178812862,35.707796329099,55.5311752330909,12.6112803814569,290.100588557791,322.129236752312,591.791439041655,684.876197901572,,,
ZAF,c5e48061fef7aeb949ae4b5f6c228425,14.596076898071,30.6531024596015,92.8064999684347,112.695394717108,28.3364200466064,3.49732244147267,17.5863190763319,33.1186742067126,48.631321082605,14.2410657046687,184.110089779015,368.209507631683,574.475093795303,512.468583233082,,,
ZAF,c68f5af94eb5e3d7a4582c12ec4efabf,7.75740309188144,34.8890152628654,98.7817469422684,141.525348319213,62.4736864198784,6.19676551271155,12.4275485255152,24.6255438697132,21.6257555150388,15.0190754197323,212.468897375296,196.102132465404,688.128580132396,358.165637372253,,,
ZAF,c6d070ac3c708defc4ca62067ab20c21,7.66535358459533,35.7734951158312,65.4182824540493,135.490954449474,24.6568824183624,3.43257228738005,17.6083564893998,27.8043521933094,40.9648113233106,19.3603129103027,272.470399653538,251.923590458335,607.717555888105,414.014324281466,,,
ZAF,c6f54678d709ddd7a97a763aa8430b87,11.8348727166823,55.9737766625151,73.2527378899749,175.400276483511,58.4851733927814,4.94694884554516,18.4377329672484,26.3778585337777,34.1294345606134,12.7791190914235,226.689075603187,424.628349727101,202.496614512451,354.752599329891,,,
ZAF,c7769df02ff745ecdee644247d28aa8f,19.2427348440937,27.3785444922849,118.993647825397,183.178005974167,71.2862875630069,3.89980628455849,13.9951144572405,26.4337671159666,53.17949085173,17.5174590212837,197.82022515091,244.055644118803,967.214475921701,465.184222571655,,,
ZAF,c7879b1cdc463e3638c385a13c468f4d,13.1321535634188,27.0058899690448,63.870611723065,166.488675880988,34.6643650283945,6.49725765772816,8.77073488451778,40.2659913166411,27.6032923819953,15.9286823729859,182.877311803608,213.252392112948,557.884582098608,456.329140078781,,,
ZAF,c79adc3c47a85d7ef37315f6d58e4244,7.37169214870769,31.1805183671726,76.7901290346325,142.718736794938,45.6270325686731,3.02676377526671,14.8994774605379,21.7309444921335,45.9776005006976,19.3616532481509,144.755408316876,207.927494775459,525.798443084932,431.35189530746,,,
ZAF,c80b8801dfb1b38f4bbbf0a7c9d91210,10.5331005267334,38.1406280247932,110.81534951329,174.513300621751,41.7778391045285,7.06617564769511,19.8403579372026,27.830274146217,33.6678048538169,20.8755019662579,219.946386468984,286.742006456717,464.082145992335,473.162286106352,,,
ZAF,c80d1d8982950548496e5fc55b492b6a,12.4019753381072,28.2229423909003,54.1133869448883,130.121354927633,71.579876943891,5.59914626859523,10.960239970984,22.4275770665031,24.431398541559,26.1111060108824,201.753576021312,309.455838064923,648.969861540407,737.350409999591,,,
ZAF,c878e9a4f49dddf235c35bd15b20bb3e,9.63016735357334,51.7043263913067,93.6936984340224,112.864282411454,36.1409550635315,6.6131158621014,18.8108527420094,32.1826970206386,37.5681290563643,18.7041840618514,333.755530862093,340.264176157991,494.993343589481,627.758926439743,,,
ZAF,ca714099c3575d64f0c660b15650fcb5,9.16118122722868,46.441388531354,69.3614564885965,127.2311945915,27.2289644057219,5.05377075712734,14.5102736894739,27.6857532128597,54.3787847641269,22.8789780166809,203.029189662582,288.895163415185,772.831704744917,447.348619728846,,,
ZAF,cc0e3b7886e96699e97a5abe4078ff59,11.2587483688245,25.4619570322062,83.4891654241478,253.393587278704,33.9078039627902,3.34962022310613,19.3429739832973,28.4547375826769,36.754037334264,16.3036029059448,243.604162964899,210.219481027079,587.940455135978,852.454725417191,,,
ZAF,cc23bb02068003ccf142810a9d23fc80,10.1769810931098,24.2003901262167,50.6053219072364,153.389073856312,39.5565316142859,4.70708140725106,10.6612939574281,39.5868717088412,41.0754690719491,10.2939466985638,283.169912609316,274.69735562902,399.811395060102,400.228910249547,,,
ZAF,cc5b2484468577ce3d9d932a2fd4b65d,9.62121614886032,42.1353272143621,92.1597615861145,147.579080553944,65.6367493978083,6.21910228312894,16.3622798692374,37.959810207943,25.2708412444106,13.7539457836487,167.146840348852,305.094254359447,476.867442797857,493.266126663241,,,
ZAF,cc656e97f2d7443aa96f4f9a3bc28d1d,7.95888735620366,36.3622099067816,77.917608886374,143.01223815723,34.0072431372114,5.62562146413618,17.4781450178992,23.7151149179088,30.1965307291058,18.7476972058933,278.974456624578,317.423996949261,737.909249013357,259.696644410533,,,
ZAF,ccb0dd7b8cfb2a4e760da9a990923555,8.78440852832144,30.5245734930977,59.2644481615035,201.090558367622,52.6048094518228,4.41350988331544,18.1731595828003,31.1593472284184,34.2453217993453,13.6159696595707,153.913824593284,318.080366253763,586.53364110671,526.272752224826,,,
ZAF,cda3819522249f3bd4be1e412db17212,14.6119353903562,53.9178380784621,139.098502697674,143.100145326511,42.5199476398122,5.51082996349335,22.5878224537394,36.8858101269499,32.0171995006746,9.76427057073371,129.097836227959,337.419493999351,935.28561534683,661.641088235098,,,
ZAF,ce6a58330bc819a47d73f7e0841c495c,10.3411718165164,33.5017366890778,109.562584673481,162.862397933177,39.5845034894731,5.11698483053913,22.1875492473872,34.591713996743,29.5829988870701,12.0908019929757,288.356707241897,301.317144260504,554.538590552447,649.816717293352,,,
ZAF,ce843ce04e4c20cb6be28f746091ec8f,7.07610968451035,37.574222191476,114.681949666657,144.340600048734,49.7944681578502,6.45831615622058,15.2788503586297,22.0869802954372,28.2507434681051,13.6218139186857,291.805434548168,216.242796488436,414.889994883237,402.72206349642,,,
ZAF,cff885cbb8872adb75a7ecf381e80cff,10.4930106843168,35.8753803359871,115.875139652537,134.211326893013,38.6886186071627,3.71318217503334,14.4936103607414,22.0390712764369,48.0658090590284,22.2640315459199,244.29493319279,272.533483055513,305.071344602475,330.550604069875,,,
ZAF,d026dde5b078005cfec379fa850678a0,13.1762514020836,29.3164841952411,102.911457272956,185.98859461026,42.6754745338298,5.13778449033324,13.5691446263297,39.1226547589819,28.6847342737693,20.1271639869813,270.200444169348,299.239256170358,471.203092367435,454.442859631588,,,
ZAF,d0398f4b1dc610486812d719f85c076d,11.7959829831587,32.5877957188534,70.2510718388674,166.550043218352,27.0382791566137,5.36012263790753,12.4588119991083,31.2540087593777,46.8515230930766,10.7149123152221,247.658662639205,284.069740295744,548.163688516058,678.459343148194,,,
ZAF,d0b21bd2f20218ed7bb900e420468465,13.0989968895177,32.0412087630766,89.325307617238,245.51712669665,30.5904469953838,3.25221388874437,17.4675550462317,40.3438479560372,38.4504977025831,20.4288547071637,218.333124129118,188.343119693403,883.71585765914,438.14380514728,,,
ZAF,d22163e4afcf0782d6b4abb6691f913d,11.0110922778924,24.4627265462587,113.538719944748,131.428419658917,38.3478957234229,6.7090347370698,7.48540099857415,38.5019057019216,49.1412205131777,16.4616969617251,236.097286298357,404.575633274968,575.133246641569,325.450767855102,,,
ZAF,d2bba25247fa6c0e0bb924f747261266,8.90405141136442,44.6127516812908,83.6004083430511,136.806960217134,55.5501609213347,8.85999461856546,17.1764452294647,37.698365628164,50.6445710353228,23.0178225444826,163.897281559901,232.072594684357,416.599209053293,414.860135292549,,,
ZAF,d2d6cd0c8a82a2b8bee0045b527b7316,8.30966680218921,33.3354081902837,76.5827990944413,144.671106444644,65.973131505158,5.23316635227924,15.2777603135949,36.0167277152315,38.5512344600085,13.6984993073821,285.837964453491,306.780568065489,500.036960502686,273.99946831863,,,
ZAF,d2fb4dc58ab97f7ada334e131bfa4db2,13.7020718208328,25.8925430715226,64.5250772522941,218.772606569609,54.5749220565323,4.41491393199429,17.2510519755304,22.6074276932393,31.6346926377895,12.8643127771468,198.20930345842,194.570124367748,509.133239355201,460.11803227793,,,
ZAF,d31df80741723dbaa22c824967c101d7,9.81174836372049,35.0759505454934,68.2749967474233,86.0973159340912,38.0393923977813,5.92852194801154,19.7458821681883,25.1033175084229,39.9522299294963,10.95683868183,343.508438072969,232.101960481199,490.098432225603,485.165862290964,,,
ZAF,d32ba1365b25a68d8000fcd93a3d1706,12.3994689991503,43.9427130541923,84.4915138257732,109.363052105562,32.8998413506175,5.22726523436391,15.7961829422001,28.1819342351788,35.0742227034777,12.4751206436892,282.205152031336,199.263413429935,496.009790990849,342.000141487935,,,
ZAF,d39b09789117023e580353ada083f5e2,4.98163626501999,17.168807439177,49.5756091480528,211.009864378032,27.2044261192854,6.15555567827175,12.6815754475814,38.7168532348784,22.6888750455974,17.1297925352622,181.512852319466,297.739462034999,526.891605149187,550.80012148471,,,
ZAF,d4134f1283c397c59d2f3a7438a9b5e2,15.3509594942551,38.1628595849066,94.1465869179041,135.671722773866,36.7823093068301,4.77020569204168,20.0995252081395,21.0053497437561,42.4674067764838,13.7147791647718,286.121672064519,143.630524138728,585.409071475688,396.367416410863,,,
ZAF,d7304e8cf9b90453f3c174bc2da69c81,8.61766091625712,25.4602500876409,97.29309759551,173.219253305915,27.4313147405173,5.65096808819336,20.7762215639002,29.1195065495319,30.1855390425596,14.8792074261136,267.471996551407,195.593254280877,543.097786395493,437.950286578716,,,
ZAF,d7891afe3c40bcec90705bc3f02f4aa3,7.97393436318878,37.4491227902048,78.5496840522575,161.623811480385,53.6744043909654,8.01468078472551,20.3388626725247,37.826539373021,26.972718908839,16.8676561700679,272.246230027206,176.373839628902,943.444717580021,264.335005034333,,,
ZAF,d7fcc226b0e56a1aa6f2015e940d338f,8.37142525200256,42.1599055412558,67.5185079552793,149.119868815508,58.9288390938388,3.67867014438174,15.7960136157414,31.2399463693603,34.0294314870273,15.1292191742071,214.671188295478,235.637236219824,407.628833002928,465.168132719457,,,
ZAF,da42f96bf4f75a350f24e0a5f9000aa3,14.6141849513301,18.6810735717209,118.034063041008,200.932097756498,32.8963885538246,4.72960866519666,21.7575026574656,22.3820835223876,27.2872615391957,16.6586363269969,323.315392317436,205.176393090598,823.198114174725,614.244557212772,,,
ZAF,da6b43cb712487d3c581f8c58883aad6,12.1388003838643,39.4377676388154,129.393320803154,192.818727798903,47.4272789596604,6.64453926736442,13.5594802679292,23.4354134867813,37.3836916904457,19.107673256408,235.184243095154,196.783582462888,680.22082931466,561.796900053607,,,
ZAF,db218112a7e0794f29899dcda4f99e42,11.8606483403428,43.6427504890964,91.2649405199403,72.7771223117081,30.02070126115,3.74792759953081,13.0484224897656,30.7165659959079,35.9895865506034,18.8197146590305,256.583234692738,190.14190053251,685.781417898618,552.791662951643,,,
ZAF,dbf1efb89a416ad470bbd22a639ff9cb,14.940308687135,37.9284356431816,65.6082748467339,216.240608354759,52.3819058247081,5.53529384003914,15.7143812414252,39.0940199285533,38.9810126887515,10.4495715276036,153.101598233896,254.203713677309,458.49827363766,432.987758318424,,,
ZAF,dc0c1b53e60aa51d54942d7bb1376b97,11.2349394267549,35.4154421758723,96.7440773454625,117.200595916157,55.0337638960393,7.67432873578941,16.056914088414,25.6591653701986,52.3318554093943,22.4619052434845,288.066208143338,277.536676757275,433.96793793865,608.859332275207,,,
ZAF,dc5d1f644eefb1348e1f8bde11892a3d,9.08690138125406,25.6473988610638,79.2681763557347,190.159450144712,59.5549404920539,7.03768545995648,14.7088202689588,32.4795439741396,34.833853338839,14.1527647495792,196.35639849989,341.600378610939,491.845365716338,607.462381725158,,,
ZAF,dc5db36fffaa61d9d9fe794001e1eca0,10.347292269694,39.2558466215196,65.122538303719,184.249074276592,30.4172036368165,4.51887988723082,25.0443002820291,37.8138357085944,55.3421245917005,22.5338283974111,294.221545426443,229.508934021869,753.71670944329,609.209370513568,,,
ZAF,dda648082cb6e4a51e61d53ff8ebd0ce,10.8737434106997,44.6115570164553,115.613875622842,104.82727793808,56.6670536095373,4.28611329513018,24.0702033066553,38.674168643046,27.7613782350036,15.3064042145205,190.095015211005,303.406412992147,705.831848953963,555.764937648176,,,
ZAF,ddc099c688acbaa72c23844dd79f65d6,14.6067445766318,27.369498830503,81.7729713055726,104.520434242793,26.6777277789243,4.05258669234376,18.0378779854083,33.8797646631106,26.259959815216,14.4443684680159,182.752011877472,284.257394116674,401.87302319021,627.123811123052,,,
ZAF,de26151059ac96a8c6513b4eb493d313,16.3637948052938,38.8513238896905,71.8134953577283,156.356264060686,40.2295020893791,4.1473626376751,13.6408042725317,42.205909107064,29.7122887712406,15.1014386964119,208.214636419042,286.000375242675,344.027030439791,712.271671670239,,,
ZAF,de6128d8c03c1472208e05eaa095772e,7.78342630606638,46.3975187898314,94.4243894325002,166.907828002193,30.8399239565649,5.74801204759461,16.5729158746705,24.9819839748061,38.1567086526331,19.9062827908992,197.168976325686,270.395129777511,640.219566789784,407.728988569182,,,
ZAF,de6d5c92d8a48a47005a4ce31c12fa6d,12.7416768346953,47.0364449330944,47.6831577766344,188.885246757637,35.5513752485611,5.36407836098362,13.9448278087687,42.4973843780003,41.6576506498408,22.0534674866442,235.998643607437,201.228980407608,405.043545777577,442.759285021476,,,
ZAF,de78580f55dd50198badea3d03acd69f,11.2880811115118,27.0998020690067,67.2248442450203,182.951771362008,48.3840620575122,5.41806795545051,23.9551221489599,28.4364096255682,27.5683152430534,23.9163515384656,319.682951586853,272.922231670229,581.601049125993,522.509974677192,,,
ZAF,df26b564b297c881819b5e3b8481c928,10.9461851345947,31.936576900715,84.5696298411876,144.524019484163,55.6255299598442,4.9872535449927,18.6317950526678,28.2070360328487,37.7336426924747,19.8737243438016,254.753564166691,279.787400788327,509.837805360872,603.084596437225,,,
ZAF,e0443b88e1395e22425eef4351710118,4.96814912484829,44.203047205374,64.934356823438,129.167193712635,29.186575787941,6.19104127886643,18.5101165687389,43.7010072476503,43.9228333281256,15.6295523349766,431.541736858852,254.756473901742,505.440602395537,508.139375960622,,,
ZAF,e09985aeac514674a3d8caccb4ca2d0f,9.96101739317381,32.9291494412297,59.9064623779029,177.827569359168,41.8314309299787,4.78601845118252,17.5118928134632,24.1692567871794,47.9575100100677,16.8444139746398,220.285090807072,317.117926854117,546.118800904163,538.828478507626,,,
ZAF,e10bc83c09339738d9b4859e5cf0212e,4.84852144705585,35.2753343996685,77.4990782760975,158.651765423594,48.106304892375,6.58477264355478,13.0009300513863,40.0035550603312,47.2135415945026,15.6760774438101,241.826091162165,358.171257993767,651.411696332688,607.587550981664,,,
ZAF,e12ba40da31fa8234b2467935dd2bccb,9.27731046545925,51.786520397681,82.8237382998561,122.139770650785,38.7933855058094,6.34885037868097,15.8966092241491,26.1044864375443,21.347261866342,21.205878178243,290.796552221786,158.520126812766,298.001877756996,255.940321371055,,,
ZAF,e157c815e053d7ba88b931792e311e1b,10.6055227921613,37.0706417623805,62.1025743534937,177.12701880735,56.7847278315945,4.81843741117719,21.918680134398,33.8751297899004,54.943101827275,8.74391785697727,236.111101661483,191.692866484708,747.773105446588,475.907419892124,,,
ZAF,e47c63db4c524cbc53d8e7c319e74c7a,7.70637768701612,57.7842516223935,113.984622891726,177.229593595562,25.6277733056241,5.89667985818365,13.0661476224181,16.8926547442022,49.9450048909136,12.5534573663381,207.165288071478,402.885736711811,457.758569757473,417.997581807682,,,
ZAF,e47e457ce4f6a5e611457cdc76fb4765,12.6785054234727,31.4568402449369,80.2522453305351,215.027870630727,35.0945018545063,5.86349800189391,11.0396922908792,34.3774236762264,35.3816891718186,14.7417614046157,219.827074982793,237.863773718552,346.07159077076,509.95164725866,,,
ZAF,e4a4525cf9d0973dd6c26ef4654abd38,6.58355428562094,33.8974434297677,32.9308985475028,176.752248050377,47.7577725182861,3.59835862535836,23.0068031093016,30.7475809166842,32.8695155112185,20.678895139699,261.590125582067,272.992509955288,447.451559267716,328.030241654276,,,
ZAF,e4fbe76e105642e625b9643c625385a9,8.43432101905848,18.8646454952233,73.556705856527,166.229097146981,32.1698618164451,6.7397809538551,13.5546199491603,28.0716317773997,39.5684169776508,14.9617190167631,189.904114566058,197.982838485285,406.06781264201,879.675946177595,,,
ZAF,e614b581b69c161b35faa9b0bb833baf,7.71964244042192,58.8775894626291,112.842817741811,127.557378931143,42.9617723761147,5.38294408213261,8.72647259049651,25.9872906508743,37.1947594725288,21.9232909759344,254.359969210504,178.18300236993,507.676895238617,617.626876957124,,,
ZAF,e65a439dd9878b7eeea10f36f61d7824,8.27803729913272,53.2703908391128,71.440009217664,142.426823291309,30.6677571468863,5.88901440855303,11.4209235959631,37.4097774848112,37.6482697683797,9.30200781520451,219.878999169462,429.287353092886,538.457903158156,482.000498796553,,,
ZAF,e6f1b4870a23d8911cccd3aa6da14c9b,12.5603993623887,22.6279671530679,152.033757112869,128.911367524733,30.1921054087593,5.55970203298281,13.9885929592759,45.288127279253,17.7052174944257,13.4284969062396,285.127357031555,196.872838401545,430.002339447737,459.666158789446,,,
ZAF,e738b4286a8a0b212a0b252177b88377,9.92040554696474,70.2124776779099,79.9271554781465,203.143472644758,42.8700244864934,4.67560657409571,13.0789561483972,18.5169730213521,29.614089544435,21.2006747050049,215.855920006375,335.584690796639,501.684194332935,483.17303244031,,,
ZAF,e76c1d76a987acff23960916fee01af0,9.34560856289915,35.4102970027208,67.608148329351,126.759320408464,33.9451660889021,6.3483782959911,19.4393345450888,32.4301451873526,43.902372399555,31.5190167664618,242.88409929699,195.489805610411,488.310454096255,602.028430096841,,,
ZAF,e7cc5b5915f0fd8f3210357adc509103,11.1660171366144,22.7907682744615,54.5926494007119,126.498711371144,36.0980321410518,4.51356455739178,21.4237197144123,29.9424635824761,58.331007407236,13.8005422326388,144.216713741138,392.380362429664,458.566250979701,454.551536429247,,,
ZAF,e7f1fa94ace331a3f6054d51f239e579,11.3901070133266,42.6373086261251,59.3989502123734,149.714870279085,40.3040478447997,3.67423115178064,12.2270723950279,27.5890331788892,28.8161758129251,12.2856130504594,270.505301465631,406.640158204436,664.993844578166,264.356872073839,,,
ZAF,e828bf6e753592975ca5c56030a64ffe,9.12293472580645,40.7435554309388,130.956671695712,163.468182756712,39.2197081261825,5.57146705784204,22.0774225371417,20.2408457998131,37.5832502563461,26.8137353804987,312.181239338181,358.088038841572,659.058191471362,468.681536144966,,,
ZAF,e88354376d429dfacb6f8dfde6a36d27,16.1551793913193,28.2937753029047,42.2737985004041,147.586625330746,49.3077424509687,6.82305140769191,19.8122624108818,41.0170682760456,28.0060190032141,22.3318090133176,291.822493201996,305.364605005487,694.13079602028,507.980691184887,,,
ZAF,e8bb85bff2ed33cc96c156daba529860,8.80088747453642,38.7216813949115,102.592993958489,181.692539573094,59.8941565807271,5.47927130017769,27.8319930723035,36.0586970925584,38.9818123918692,18.821109690401,170.540468766023,208.76014691426,215.649363364801,323.304383043674,,,
ZAF,e8dc8dc695043e9c928a4303b57bc945,7.8373992999846,43.9953953515721,110.931850799677,148.903901090605,36.8383293575094,6.03649953930114,15.2347772667589,36.7157231069209,48.1807228352229,10.3178031139129,239.785405995614,157.676758537182,489.668221287793,398.596387277359,,,
ZAF,ea161f97df0dad1ad1ae35b52c073e08,9.40169309831311,45.206765021062,131.648805148008,135.740206884873,43.4358675131857,5.52070065226511,7.88175607854654,48.5022372697958,45.5877726178085,15.0722184724339,199.177221849491,274.186717465754,370.533458843663,489.457766864328,,,
ZAF,eac53bb659a4951c1b2c9ce02f01f9cf,12.057381043012,32.7836864963018,64.8374745541709,136.032477048063,37.2818609611466,4.67926639018634,18.6347473599191,31.2017124431433,40.8592227953612,12.0491473573745,180.92185657624,247.726374071388,643.274272295608,656.42063454016,,,
ZAF,eeec5bedb3afae86cf098a369dc03663,9.66130565715219,28.3216247881221,80.8260215351556,165.518700776961,34.4529101567419,3.51094400681893,15.5534936879255,45.1909539721176,28.6092482487981,18.5204652382294,168.865809430689,213.976980989561,692.872280597246,429.27015054609,,,
ZAF,eeee068d3c89466e31e92a77c1db4476,8.9850056593939,27.2680801541835,80.3767194741251,171.832536842936,36.6550365252211,5.69974917532794,18.0500319392593,33.0097489225463,29.3358766728951,12.6604957661198,220.169733627539,321.012337116799,705.350335986363,419.772698578621,,,
ZAF,efe43963c53bdb22aa9f29249210a556,7.67393069450838,43.4853312486602,70.5004022197696,122.411874240585,46.6074975955425,4.54069743443966,17.7245876726227,26.197660990929,17.1464905716953,14.2482256545973,200.144003503059,293.497336480585,576.828142340134,618.917315383958,,,
ZAF,f078e51b2a16ecdfc22ac2cf87c188bb,13.7611200546439,34.6060749473151,147.766469757531,164.960852005418,49.099220457895,6.12922455347489,29.0818093718874,24.7189656131195,43.5534171898834,16.8753648477018,213.310087910416,212.479791641388,417.168688505099,447.650107375543,,,
ZAF,f0dbce826e3722dd4589377019182a55,8.44921953749598,55.2273005011699,95.2441657918209,148.406819929235,35.5112012141561,7.82981393850163,14.1252976094349,38.1052216897987,41.9264571161904,20.5217723871709,129.590525101755,261.711823020769,512.468796989841,616.190350501925,,,
ZAF,f14007d31ef79523dedcc7261cdd7c05,11.031903780129,44.4552429148172,123.182431042756,164.102951838122,42.1181185227388,5.58142295317588,25.0981283900163,38.9106931230671,44.0234064816945,24.0336316399097,296.517773006285,303.102028469865,401.228454214264,369.685871400939,,,
ZAF,f1a87c8e0eb22c6886b9bf8a2f923578,10.7404165193314,41.6150494879233,105.777558980533,83.2588053747303,29.6088261316769,7.24149760630928,18.5057165850129,23.5949958260955,24.8208009037319,16.8008141135923,199.616480651975,435.472873883045,577.508611362656,507.594754620997,,,
ZAF,f21343476f7da58793dc2a8e937a26b7,11.5503391628261,32.8910844185199,108.798267934324,149.315166202681,36.1891455840833,5.42124721470167,18.8562073046748,31.0424725377136,38.7513537248411,16.3591104374768,268.328171524017,154.62231684923,501.071459114864,569.388485667125,,,
ZAF,f2431dde1042c8ba6d0f9c7fa3e191bf,7.55306733823834,27.3717725574076,69.4071507212444,191.061815806604,40.5894797150721,7.23656495194587,17.2689459927207,24.1577117318995,45.1839586926702,21.0610630722258,238.906324484946,245.482578223788,607.149746213347,702.456351777757,,,
ZAF,f27d4e5a186218d8eb62b8e0066cdc93,7.81093963745422,40.1358908390766,66.783236012002,149.771825692033,49.5313695813904,4.90439228451729,14.3980235518738,18.3953176439028,38.970100292903,12.7109767647908,208.432569147653,177.138366534394,275.562196832946,568.449686254192,,,
ZAF,f2aba7dc2e5ab038a2dc069a58b8d187,12.5648314168745,53.8646240387508,45.7107669807083,153.41429430937,52.648391115313,7.28213978832392,14.8100873699965,18.2091588864039,35.08941936281,15.6752613508823,211.824572982021,239.207909235144,338.030319968798,351.87705724067,,,
ZAF,f2fd31a3493669620633866f12169933,8.43281730427074,21.4190439005528,84.2543428863628,125.150789369058,60.4933178596694,6.14337408148111,16.6042308221057,33.25435014204,35.2167487088649,12.0504845363565,218.156109350651,161.903145187478,428.773287821755,615.305884619913,,,
ZAF,f398ce4b102d8ab35b10e16c94711238,7.46041139449179,36.8795628289633,88.0972431222457,137.898920962295,43.0017656183861,5.36628651665827,10.510722522435,16.5925627727912,39.438490949753,21.5040078605031,250.782861346922,248.899691731753,588.021518943121,429.822137599599,,,
ZAF,f39c8ca65a525e4cdb4f6e5cb085d403,11.5286645047315,35.9474937133417,83.8544976961624,123.166515472998,45.4634862986473,4.6288283609352,14.736563992592,23.2414930329154,30.5170771172098,13.7540451055279,140.675508306045,215.945479287534,573.724345248841,334.906910905222,,,
ZAF,f39e2cc864a1233e75bfa60dea10f0f4,6.68492749886055,42.8978396793841,70.793330581092,235.42725872066,34.4251594425391,5.49559245142349,9.6533154929312,27.9950441875064,41.1728207882327,11.6362403905275,137.659397839391,371.635944284091,514.926257699454,482.264778467311,,,
ZAF,f4cafb921acc07830cb5342a5ca80106,11.7999587210588,41.5348225442743,74.5326691695956,161.907744719047,37.9465021278689,5.53591041096309,22.7613340777204,22.2654382820522,31.1247402052159,14.9481191148574,198.809667835014,252.145149297268,485.307448537624,383.081800188024,,,
ZAF,f50c958cd9b9a2354a62a40cf5cb95cf,8.50916692068309,48.2857582951811,65.9551311281131,139.625338855953,50.9418199735107,6.49471181809924,16.550436450726,24.7051677845657,39.0677976405713,14.8630786370515,188.453884348932,383.740186237959,508.584082080462,472.76884987883,,,
ZAF,f54d10f4f125eb1f9989e09080e599cc,13.4963257503863,29.2079721385665,100.215923272267,104.223908775669,28.7379961017699,7.68403133462141,16.5822065142903,29.5474766194943,26.5786898204309,15.3776218552521,232.65482351875,260.091870006701,689.359248544864,729.670612457338,,,
ZAF,f571784aac8b21693f6a04494e98d00f,6.54691718606581,33.7383045960566,86.0591067297095,142.082780657694,48.2288022675182,6.68023652534586,23.0766437320288,27.4555559711845,60.3508183854712,19.8666980375077,232.489085695004,201.856801683505,788.128916695834,287.045528827731,,,
ZAF,f5a1b0e1d00ce5ad15840753531d2511,12.7757548443735,26.0098948798412,98.9592634298203,172.108640717192,53.0979687976394,6.11754494425775,27.3239667860012,20.0491457748911,33.3212421261395,14.286920953664,164.846340675487,169.667624038075,448.980748098064,522.577055742172,,,
ZAF,f5bb77a8dcaa260cb8eb16d923ccfe6f,10.7122628641058,34.4442622695046,120.905350944498,198.130178202014,23.3875190321196,6.70412293783696,20.8033367120224,46.3534434583504,52.6822067229088,23.0555462968585,148.950383912175,338.301176553809,486.516389581657,640.198030758001,,,
ZAF,f5d03e34a815ce648226a3318eb2fbd9,7.9477469124399,31.7051294184526,103.400171248297,207.537981778429,43.1780480496601,3.38651929496765,14.5387561673269,46.9934872219764,41.5172656408142,18.9080777305065,80.226654060049,236.885240367544,532.663341708163,407.949653350666,,,
ZAF,f5f7277a228843486673645c76e8b08d,13.8521639705739,41.7420925472537,94.3872121577379,199.445984874281,31.9252269006458,6.8211548499303,24.1094084187485,15.522018892706,40.334968648303,12.7316658071073,201.640799238417,219.697911850596,466.970002959138,364.634941933148,,,
ZAF,f68c01b92cc8fe3d9b4fccd990b66eca,5.64034902557079,30.8301533014843,109.201787002878,163.786136227098,39.9595052894284,4.99577831493349,11.412151087794,27.8776560253377,54.1996106655767,10.9734722290596,232.494250276661,276.245484050648,532.430048963764,277.528977371934,,,
ZAF,f6d3c5cbba579f0130923d288c74ecdd,7.4952734710133,30.6957745137626,77.7242230499779,176.972808063525,43.2884358077759,4.94158740866138,15.0591385088949,26.2216312525829,24.6714602787361,14.2382890062275,239.733955937197,245.331277632795,520.464592644027,394.525410855263,,,
ZAF,f7b4b56f033624d4087827ea8a6374cf,12.6112621233106,62.8218879490957,99.0749515498162,108.607311081178,45.9753669628667,4.95393299678879,13.6942880561407,34.9799277883527,33.9859530137722,17.893805473581,258.24498484457,313.363604090303,380.413644066144,696.893127645365,,,
ZAF,f7cded602dbe677d7d13958caee1dd30,11.3781217755015,39.8897474257487,118.650098499434,145.56753901885,31.4456449449638,7.30422365660174,19.0772820091955,22.7975694352429,24.9197340424327,17.8381095633033,265.804093252232,94.8976909526842,465.931865901315,578.329520266213,,,
ZAF,f94070c704645fa46b56c889d2e4974d,14.8507038171891,41.8458368482842,68.2387018802686,109.325227611077,28.887619625192,7.99247751712368,11.5928592927981,35.0885575386922,34.0793025021523,11.2763449263623,281.408773403536,175.327978444103,469.891448080576,676.945361423394,,,
ZAF,f9a120613352fd3148bb3ae34feaf7ce,9.58478240235314,39.1968133789491,68.876003388736,141.440490816507,40.1526010828934,6.95562677455722,17.6018022387936,16.1431791118607,33.1440068479681,14.7189374905026,157.167584571514,286.03953686519,907.716555936521,406.394813624202,,,
ZAF,fa3f6346d12bbe429f0657d5c14b016d,6.24504517484558,32.0335894162682,93.2239934005869,129.221363189169,40.696930631351,6.19211873808567,12.6858496735624,25.6630831036113,32.3536965544132,17.1807379699673,236.002217652342,272.143483871402,405.29630131138,465.789669714486,,,
ZAF,fa6c492f1c41739d39ba112d52045e88,6.57073939177197,28.3123807088994,148.455956891893,160.475917667525,57.2068156679962,6.56578905817811,11.5870436859127,26.959246927243,46.6163678144378,18.9457449586839,296.583770139243,287.52069146647,539.809668172984,576.896924961925,,,
ZAF,fc5c1f3da0664ea3d6b006d8dd59dc64,9.75982567653653,51.0328217894692,119.433919327253,190.771084968017,30.1326427877655,2.90326278416773,19.1794210311009,24.2459564044277,39.4012169475093,13.9096770241737,231.690820606712,266.718618975086,542.978363402983,451.13937887776,,,
ZAF,fc669f7e4381619b52599e861893b578,14.4166730271036,41.2819925186229,84.9236993525168,181.701916872117,45.5510843078757,4.62758050151841,13.5684015808837,21.0483860260859,34.603877519685,9.54191350990286,317.217165154822,317.855817210655,860.106774995084,646.726404708077,,,
ZAF,fdf7cb616c43e7db2974af5e9615bfca,7.76794515717287,36.030866476704,84.1741604665273,162.536930035127,15.2288569269245,4.90898375601432,13.150784971773,30.1104972552164,56.7341715812477,18.8319864187057,147.791570655437,198.997477550614,669.318163628118,559.635999727709,,,
ZAF,fdfa751e602e63338300938b87620c7b,10.3058097990202,44.6182343931601,68.5936087499809,189.102256441337,41.1502111311517,4.77935794164904,12.9904134810023,21.06110457587,48.6166497985998,23.2461784750485,205.283849541437,238.444054122669,269.316139331617,438.529200018139,,,
ZAF,fe218b33a4478624d44d2cc39fb43a9c,14.3709081897501,61.0341716173342,70.3405054695277,87.056376188242,36.39917095631,5.13890608922023,18.8815284780415,57.402270414395,42.1872364747488,15.0073896791442,221.661639940445,280.17705543416,430.387680140132,421.717203541381,,,
ZAF,ffdf918b2a0d4e81949f1e81629fd56d,10.8135946194405,32.2448336916415,50.8560706635762,130.72388893397,53.8789983366531,5.80244244712452,16.7160230288285,16.9614324180848,19.0653736886157,15.2058368703748,215.44207059043,241.622850960909,858.981816306632,722.342434660977,,,
