,BRA,IND,ZAF
cet_low,6967.545182,413.4658284,2443.592341
cet_high,10734.71991,568.515514,3285.055187
